{
"type": "FeatureCollection",
"name": "buildings",
"crs": { "type": "name", "properties": { "name": "urn:ogc:def:crs:OGC:1.3:CRS84" } },
"xy_coordinate_resolution": 1e-06,
"features": [
{ "type": "Feature", "properties": { "building": "hotel", "height": null, "building:levels": "4" }, "geometry": { "type": "Polygon", "coordinates": [ [ [ 44.807018, 41.691265 ], [ 44.807077, 41.691173 ], [ 44.807196, 41.691221 ], [ 44.807203, 41.691221 ], [ 44.807212, 41.691217 ], [ 44.807341, 41.691014 ], [ 44.807452, 41.69084 ], [ 44.80699, 41.690673 ], [ 44.806852, 41.690917 ], [ 44.806779, 41.691183 ], [ 44.807018, 41.691265 ] ], [ [ 44.806994, 41.690952 ], [ 44.807074, 41.690802 ], [ 44.807206, 41.69085 ], [ 44.807144, 41.69095 ], [ 44.807046, 41.691106 ], [ 44.806965, 41.691082 ], [ 44.806994, 41.690952 ] ] ] } },
{ "type": "Feature", "properties": { "building": "yes", "height": null, "building:levels": null }, "geometry": { "type": "Polygon", "coordinates": [ [ [ 44.812571, 41.688435 ], [ 44.812628, 41.688189 ], [ 44.812238, 41.688138 ], [ 44.81223, 41.688174 ], [ 44.812196, 41.688321 ], [ 44.812181, 41.688384 ], [ 44.812571, 41.688435 ] ], [ [ 44.812343, 41.688243 ], [ 44.81251, 41.688261 ], [ 44.812495, 41.688339 ], [ 44.812328, 41.688321 ], [ 44.812343, 41.688243 ] ] ] } },
{ "type": "Feature", "properties": { "building": "apartments", "height": null, "building:levels": "2" }, "geometry": { "type": "Polygon", "coordinates": [ [ [ 44.802903, 41.694086 ], [ 44.803006, 41.694071 ], [ 44.80307, 41.694056 ], [ 44.803064, 41.693901 ], [ 44.802873, 41.693912 ], [ 44.802779, 41.693917 ], [ 44.802823, 41.694098 ], [ 44.802903, 41.694086 ] ], [ [ 44.802896, 41.693967 ], [ 44.802987, 41.693964 ], [ 44.802986, 41.694015 ], [ 44.802909, 41.694023 ], [ 44.802896, 41.693967 ] ] ] } },
{ "type": "Feature", "properties": { "building": "commercial", "height": null, "building:levels": "3" }, "geometry": { "type": "Polygon", "coordinates": [ [ [ 44.808597, 41.690175 ], [ 44.808585, 41.690176 ], [ 44.808581, 41.690262 ], [ 44.808599, 41.69026 ], [ 44.808767, 41.690245 ], [ 44.808783, 41.690264 ], [ 44.808848, 41.690234 ], [ 44.808915, 41.690231 ], [ 44.808899, 41.69021 ], [ 44.808978, 41.690174 ], [ 44.808963, 41.690154 ], [ 44.808597, 41.690175 ] ] ] } },
{ "type": "Feature", "properties": { "building": "construction", "height": null, "building:levels": "2" }, "geometry": { "type": "Polygon", "coordinates": [ [ [ 44.806002, 41.69376 ], [ 44.80594, 41.69385 ], [ 44.805966, 41.693846 ], [ 44.805949, 41.693932 ], [ 44.806383, 41.693931 ], [ 44.806383, 41.693808 ], [ 44.806161, 41.693789 ], [ 44.806002, 41.69376 ] ], [ [ 44.806071, 41.69382 ], [ 44.80622, 41.693835 ], [ 44.80622, 41.69387 ], [ 44.806059, 41.693862 ], [ 44.806071, 41.69382 ] ] ] } },
{ "type": "Feature", "properties": { "building": "yes", "height": null, "building:levels": "3" }, "geometry": { "type": "Polygon", "coordinates": [ [ [ 44.801817, 41.690051 ], [ 44.801841, 41.690051 ], [ 44.801847, 41.690008 ], [ 44.801848, 41.689997 ], [ 44.801849, 41.689956 ], [ 44.801698, 41.689951 ], [ 44.801367, 41.689941 ], [ 44.801358, 41.689941 ], [ 44.801352, 41.690066 ], [ 44.801347, 41.69016 ], [ 44.801345, 41.690192 ], [ 44.801562, 41.690218 ], [ 44.801671, 41.690228 ], [ 44.80181, 41.69024 ], [ 44.801811, 41.690218 ], [ 44.801817, 41.690051 ] ], [ [ 44.801682, 41.69014 ], [ 44.801608, 41.690138 ], [ 44.801597, 41.690142 ], [ 44.801595, 41.690152 ], [ 44.801547, 41.690143 ], [ 44.801558, 41.690045 ], [ 44.801567, 41.690038 ], [ 44.80169, 41.690039 ], [ 44.801682, 41.69014 ] ] ] } },
{ "type": "Feature", "properties": { "building": "apartments", "height": null, "building:levels": "2" }, "geometry": { "type": "Polygon", "coordinates": [ [ [ 44.80565, 41.691725 ], [ 44.805814, 41.691775 ], [ 44.805834, 41.691749 ], [ 44.805897, 41.691636 ], [ 44.805916, 41.691547 ], [ 44.805918, 41.691532 ], [ 44.805906, 41.691501 ], [ 44.805651, 41.69151 ], [ 44.805668, 41.69163 ], [ 44.80565, 41.691725 ] ], [ [ 44.805681, 41.691699 ], [ 44.805698, 41.691637 ], [ 44.805791, 41.691645 ], [ 44.805765, 41.691718 ], [ 44.805681, 41.691699 ] ] ] } },
{ "type": "Feature", "properties": { "building": "apartments", "height": null, "building:levels": "2" }, "geometry": { "type": "Polygon", "coordinates": [ [ [ 44.804834, 41.692238 ], [ 44.805064, 41.692339 ], [ 44.80512, 41.692249 ], [ 44.805139, 41.692219 ], [ 44.805151, 41.692226 ], [ 44.805204, 41.692157 ], [ 44.805152, 41.692138 ], [ 44.80516, 41.692116 ], [ 44.805072, 41.692091 ], [ 44.805105, 41.692035 ], [ 44.805081, 41.692024 ], [ 44.80491, 41.691978 ], [ 44.80483, 41.692116 ], [ 44.804848, 41.692122 ], [ 44.804815, 41.692185 ], [ 44.80479, 41.692175 ], [ 44.804767, 41.692208 ], [ 44.804834, 41.692238 ] ], [ [ 44.805058, 41.692141 ], [ 44.805011, 41.692218 ], [ 44.804908, 41.692183 ], [ 44.804962, 41.692095 ], [ 44.804985, 41.692103 ], [ 44.804998, 41.692082 ], [ 44.805041, 41.692096 ], [ 44.805022, 41.692128 ], [ 44.805058, 41.692141 ] ] ] } },
{ "type": "Feature", "properties": { "building": "yes", "height": null, "building:levels": null }, "geometry": { "type": "Polygon", "coordinates": [ [ [ 44.804548, 41.692742 ], [ 44.804699, 41.692776 ], [ 44.804754, 41.692735 ], [ 44.804735, 41.692721 ], [ 44.80475, 41.69271 ], [ 44.804716, 41.692669 ], [ 44.80469, 41.692671 ], [ 44.804506, 41.692661 ], [ 44.804482, 41.692696 ], [ 44.804499, 41.6927 ], [ 44.80451, 41.692684 ], [ 44.80457, 41.692702 ], [ 44.804548, 41.692742 ] ], [ [ 44.804614, 41.692687 ], [ 44.804652, 41.692691 ], [ 44.804633, 41.692705 ], [ 44.80461, 41.692702 ], [ 44.804614, 41.692687 ] ] ] } },
{ "type": "Feature", "properties": { "building": "apartments", "height": null, "building:levels": "2" }, "geometry": { "type": "Polygon", "coordinates": [ [ [ 44.80501, 41.690646 ], [ 44.804845, 41.690593 ], [ 44.804655, 41.690525 ], [ 44.804568, 41.690484 ], [ 44.80452, 41.690565 ], [ 44.804455, 41.690671 ], [ 44.804921, 41.690775 ], [ 44.80501, 41.690646 ] ], [ [ 44.804829, 41.690618 ], [ 44.804802, 41.690664 ], [ 44.804606, 41.690622 ], [ 44.804644, 41.690563 ], [ 44.804829, 41.690618 ] ] ] } },
{ "type": "Feature", "properties": { "building": "house", "height": null, "building:levels": null }, "geometry": { "type": "Polygon", "coordinates": [ [ [ 44.803129, 41.689904 ], [ 44.803111, 41.690018 ], [ 44.803131, 41.690021 ], [ 44.80312, 41.690064 ], [ 44.803104, 41.690142 ], [ 44.80319, 41.690167 ], [ 44.803207, 41.690161 ], [ 44.803267, 41.690171 ], [ 44.803258, 41.690198 ], [ 44.803327, 41.690207 ], [ 44.803327, 41.690219 ], [ 44.803317, 41.69026 ], [ 44.803336, 41.690263 ], [ 44.803336, 41.690254 ], [ 44.803341, 41.690242 ], [ 44.803435, 41.690255 ], [ 44.803453, 41.690206 ], [ 44.803597, 41.69023 ], [ 44.803616, 41.690155 ], [ 44.803617, 41.690132 ], [ 44.803635, 41.689993 ], [ 44.803653, 41.689904 ], [ 44.803627, 41.6899 ], [ 44.803532, 41.689889 ], [ 44.803397, 41.689872 ], [ 44.803169, 41.689845 ], [ 44.803084, 41.689835 ], [ 44.803064, 41.689833 ], [ 44.803054, 41.689891 ], [ 44.803129, 41.689904 ] ], [ [ 44.803229, 41.690008 ], [ 44.803354, 41.690026 ], [ 44.803539, 41.690052 ], [ 44.803519, 41.690142 ], [ 44.803207, 41.690093 ], [ 44.803229, 41.690008 ] ] ] } },
{ "type": "Feature", "properties": { "building": "house", "height": null, "building:levels": "2" }, "geometry": { "type": "Polygon", "coordinates": [ [ [ 44.805373, 41.689942 ], [ 44.805116, 41.68988 ], [ 44.805071, 41.690045 ], [ 44.805288, 41.690078 ], [ 44.805373, 41.689942 ] ], [ [ 44.805228, 41.689962 ], [ 44.805319, 41.68999 ], [ 44.805282, 41.690037 ], [ 44.805205, 41.690021 ], [ 44.805228, 41.689962 ] ] ] } },
{ "type": "Feature", "properties": { "building": "house", "height": null, "building:levels": "2" }, "geometry": { "type": "Polygon", "coordinates": [ [ [ 44.804959, 41.689712 ], [ 44.804895, 41.689703 ], [ 44.804862, 41.689987 ], [ 44.804857, 41.690025 ], [ 44.804958, 41.690035 ], [ 44.805071, 41.690045 ], [ 44.805116, 41.68988 ], [ 44.805137, 41.689836 ], [ 44.804995, 41.689803 ], [ 44.805004, 41.689767 ], [ 44.80523, 41.689842 ], [ 44.80525, 41.689805 ], [ 44.805013, 41.689729 ], [ 44.804959, 41.689712 ] ], [ [ 44.804904, 41.689913 ], [ 44.804919, 41.68992 ], [ 44.804922, 41.689913 ], [ 44.805001, 41.689922 ], [ 44.805028, 41.689928 ], [ 44.805023, 41.689968 ], [ 44.804967, 41.689962 ], [ 44.8049, 41.689953 ], [ 44.804904, 41.689913 ] ] ] } },
{ "type": "Feature", "properties": { "building": "apartments", "height": null, "building:levels": "2" }, "geometry": { "type": "Polygon", "coordinates": [ [ [ 44.806472, 41.689146 ], [ 44.806472, 41.688917 ], [ 44.806301, 41.68891 ], [ 44.806287, 41.689029 ], [ 44.806272, 41.689144 ], [ 44.806314, 41.689152 ], [ 44.806375, 41.689149 ], [ 44.806472, 41.689146 ] ], [ [ 44.806327, 41.689033 ], [ 44.806356, 41.689034 ], [ 44.806374, 41.689034 ], [ 44.806373, 41.689081 ], [ 44.806317, 41.689081 ], [ 44.806327, 41.689033 ] ] ] } },
{ "type": "Feature", "properties": { "building": "commercial", "height": null, "building:levels": "3" }, "geometry": { "type": "Polygon", "coordinates": [ [ [ 44.807174, 41.693483 ], [ 44.807202, 41.693482 ], [ 44.807214, 41.693495 ], [ 44.807231, 41.693507 ], [ 44.807263, 41.693517 ], [ 44.807292, 41.693522 ], [ 44.807326, 41.693518 ], [ 44.807355, 41.693509 ], [ 44.807382, 41.693493 ], [ 44.807399, 41.693471 ], [ 44.807405, 41.693441 ], [ 44.807401, 41.693415 ], [ 44.807391, 41.693399 ], [ 44.80738, 41.693387 ], [ 44.807362, 41.693375 ], [ 44.807345, 41.693364 ], [ 44.807329, 41.693347 ], [ 44.807327, 41.693326 ], [ 44.807337, 41.693306 ], [ 44.807359, 41.693285 ], [ 44.807377, 41.693267 ], [ 44.807379, 41.693245 ], [ 44.807369, 41.693228 ], [ 44.807348, 41.693211 ], [ 44.807337, 41.693195 ], [ 44.807332, 41.693179 ], [ 44.807337, 41.693162 ], [ 44.807349, 41.693146 ], [ 44.807361, 41.693126 ], [ 44.807363, 41.693104 ], [ 44.807357, 41.693083 ], [ 44.807342, 41.693066 ], [ 44.807317, 41.69305 ], [ 44.807287, 41.693043 ], [ 44.807254, 41.693042 ], [ 44.807232, 41.693048 ], [ 44.807203, 41.693059 ], [ 44.807203, 41.693034 ], [ 44.807203, 41.693025 ], [ 44.807179, 41.693027 ], [ 44.807136, 41.693029 ], [ 44.807027, 41.693036 ], [ 44.806974, 41.693042 ], [ 44.806976, 41.693067 ], [ 44.806832, 41.69307 ], [ 44.806798, 41.69309 ], [ 44.806802, 41.693174 ], [ 44.806937, 41.693171 ], [ 44.806949, 41.693521 ], [ 44.807005, 41.69352 ], [ 44.807022, 41.693531 ], [ 44.807139, 41.693528 ], [ 44.807138, 41.693506 ], [ 44.807169, 41.693505 ], [ 44.807167, 41.693483 ], [ 44.807174, 41.693483 ] ] ] } },
{ "type": "Feature", "properties": { "building": "apartments", "height": null, "building:levels": "2" }, "geometry": { "type": "Polygon", "coordinates": [ [ [ 44.802784, 41.689931 ], [ 44.803039, 41.689956 ], [ 44.803025, 41.690018 ], [ 44.803062, 41.690024 ], [ 44.803091, 41.690058 ], [ 44.80312, 41.690064 ], [ 44.803131, 41.690021 ], [ 44.803111, 41.690018 ], [ 44.803129, 41.689904 ], [ 44.803054, 41.689891 ], [ 44.803064, 41.689833 ], [ 44.803037, 41.689829 ], [ 44.802859, 41.689807 ], [ 44.802805, 41.6898 ], [ 44.802654, 41.689783 ], [ 44.802637, 41.68988 ], [ 44.802631, 41.689963 ], [ 44.802716, 41.689966 ], [ 44.802722, 41.689924 ], [ 44.802784, 41.689931 ] ] ] } },
{ "type": "Feature", "properties": { "building": "hotel", "height": null, "building:levels": "3" }, "geometry": { "type": "Polygon", "coordinates": [ [ [ 44.806815, 41.692068 ], [ 44.806822, 41.692302 ], [ 44.806827, 41.692392 ], [ 44.807059, 41.692415 ], [ 44.807079, 41.692229 ], [ 44.807019, 41.692173 ], [ 44.807005, 41.692092 ], [ 44.806815, 41.692068 ] ] ] } },
{ "type": "Feature", "properties": { "building": "residential", "height": null, "building:levels": "2" }, "geometry": { "type": "Polygon", "coordinates": [ [ [ 44.806815, 41.692068 ], [ 44.807005, 41.692092 ], [ 44.807052, 41.691905 ], [ 44.807073, 41.69187 ], [ 44.80705, 41.691837 ], [ 44.806984, 41.691815 ], [ 44.806978, 41.691826 ], [ 44.806969, 41.691822 ], [ 44.806871, 41.691969 ], [ 44.806898, 41.691977 ], [ 44.806877, 41.692044 ], [ 44.806828, 41.692033 ], [ 44.806815, 41.692068 ] ] ] } },
{ "type": "Feature", "properties": { "building": "hotel", "height": null, "building:levels": "4" }, "geometry": { "type": "Polygon", "coordinates": [ [ [ 44.805567, 41.693191 ], [ 44.805726, 41.693281 ], [ 44.806102, 41.693425 ], [ 44.806277, 41.693468 ], [ 44.806702, 41.692923 ], [ 44.806679, 41.692916 ], [ 44.80668, 41.692889 ], [ 44.806651, 41.692887 ], [ 44.806521, 41.692876 ], [ 44.806459, 41.692852 ], [ 44.806435, 41.692884 ], [ 44.806322, 41.692813 ], [ 44.806209, 41.692749 ], [ 44.806261, 41.69267 ], [ 44.806218, 41.692658 ], [ 44.80611, 41.692629 ], [ 44.806006, 41.692708 ], [ 44.805725, 41.692843 ], [ 44.805318, 41.693038 ], [ 44.805317, 41.693049 ], [ 44.80552, 41.693164 ], [ 44.805567, 41.693191 ] ], [ [ 44.805917, 41.693231 ], [ 44.80579, 41.693085 ], [ 44.805763, 41.693054 ], [ 44.805854, 41.69301 ], [ 44.806098, 41.692896 ], [ 44.806136, 41.692878 ], [ 44.806338, 41.693006 ], [ 44.806112, 41.693311 ], [ 44.805917, 41.693231 ] ] ] } },
{ "type": "Feature", "properties": { "building": "yes", "height": null, "building:levels": null }, "geometry": { "type": "Polygon", "coordinates": [ [ [ 44.81112, 41.688565 ], [ 44.811122, 41.688575 ], [ 44.811151, 41.688693 ], [ 44.811156, 41.688706 ], [ 44.811176, 41.688767 ], [ 44.811231, 41.688761 ], [ 44.81125, 41.688759 ], [ 44.811258, 41.688788 ], [ 44.811293, 41.688976 ], [ 44.811325, 41.688974 ], [ 44.811526, 41.688956 ], [ 44.811592, 41.688951 ], [ 44.811581, 41.68882 ], [ 44.811542, 41.688823 ], [ 44.811539, 41.688797 ], [ 44.811536, 41.688766 ], [ 44.811534, 41.688753 ], [ 44.81151, 41.688754 ], [ 44.811487, 41.688599 ], [ 44.811413, 41.688609 ], [ 44.811419, 41.688639 ], [ 44.811337, 41.688648 ], [ 44.811279, 41.688656 ], [ 44.811275, 41.68864 ], [ 44.811255, 41.688568 ], [ 44.811246, 41.688519 ], [ 44.811219, 41.688377 ], [ 44.811206, 41.688309 ], [ 44.810939, 41.688327 ], [ 44.81094, 41.68834 ], [ 44.810861, 41.688345 ], [ 44.810865, 41.688368 ], [ 44.810881, 41.688367 ], [ 44.810898, 41.688465 ], [ 44.810904, 41.688465 ], [ 44.810925, 41.688572 ], [ 44.810926, 41.688578 ], [ 44.811116, 41.688553 ], [ 44.81112, 41.688565 ] ] ] } },
{ "type": "Feature", "properties": { "building": "greenhouse", "height": null, "building:levels": "1" }, "geometry": { "type": "Polygon", "coordinates": [ [ [ 44.805793, 41.686338 ], [ 44.806243, 41.686184 ], [ 44.806309, 41.686162 ], [ 44.806276, 41.686105 ], [ 44.806228, 41.686122 ], [ 44.806133, 41.685966 ], [ 44.805664, 41.686126 ], [ 44.805785, 41.686323 ], [ 44.805793, 41.686338 ] ] ] } },
{ "type": "Feature", "properties": { "building": "public", "height": null, "building:levels": "3" }, "geometry": { "type": "Polygon", "coordinates": [ [ [ 44.803431, 41.686807 ], [ 44.803815, 41.686698 ], [ 44.803763, 41.686596 ], [ 44.803578, 41.686649 ], [ 44.803537, 41.686569 ], [ 44.803525, 41.686572 ], [ 44.803499, 41.686521 ], [ 44.803315, 41.686573 ], [ 44.803353, 41.686647 ], [ 44.803404, 41.686632 ], [ 44.803447, 41.686716 ], [ 44.803393, 41.686732 ], [ 44.803431, 41.686807 ] ] ] } },
{ "type": "Feature", "properties": { "building": "commercial", "height": null, "building:levels": "1" }, "geometry": { "type": "Polygon", "coordinates": [ [ [ 44.805109, 41.688031 ], [ 44.805712, 41.68794 ], [ 44.805672, 41.687792 ], [ 44.805622, 41.687799 ], [ 44.805611, 41.687759 ], [ 44.805079, 41.68784 ], [ 44.805094, 41.687895 ], [ 44.805073, 41.687898 ], [ 44.805109, 41.688031 ] ] ] } },
{ "type": "Feature", "properties": { "building": "apartments", "height": null, "building:levels": "8" }, "geometry": { "type": "Polygon", "coordinates": [ [ [ 44.801257, 41.694419 ], [ 44.801237, 41.694412 ], [ 44.801205, 41.6944 ], [ 44.801106, 41.694363 ], [ 44.800912, 41.694645 ], [ 44.8009, 41.694663 ], [ 44.800788, 41.694826 ], [ 44.800678, 41.694985 ], [ 44.800582, 41.695126 ], [ 44.80057, 41.695143 ], [ 44.800567, 41.695146 ], [ 44.800554, 41.695166 ], [ 44.800477, 41.695279 ], [ 44.80046, 41.695313 ], [ 44.800458, 41.695346 ], [ 44.800471, 41.69538 ], [ 44.800493, 41.695407 ], [ 44.800526, 41.695431 ], [ 44.800588, 41.695453 ], [ 44.800625, 41.695466 ], [ 44.800657, 41.695477 ], [ 44.800732, 41.695368 ], [ 44.800697, 41.695355 ], [ 44.800643, 41.695335 ], [ 44.800742, 41.695186 ], [ 44.801091, 41.694666 ], [ 44.801257, 41.694419 ] ] ] } },
{ "type": "Feature", "properties": { "building": "apartments", "height": null, "building:levels": "2" }, "geometry": { "type": "Polygon", "coordinates": [ [ [ 44.804013, 41.691227 ], [ 44.804062, 41.691224 ], [ 44.80409, 41.691137 ], [ 44.804102, 41.691091 ], [ 44.804024, 41.691069 ], [ 44.80393, 41.691043 ], [ 44.803922, 41.69106 ], [ 44.803865, 41.691181 ], [ 44.804013, 41.691227 ] ] ] } },
{ "type": "Feature", "properties": { "building": "yes", "height": null, "building:levels": null }, "geometry": { "type": "Polygon", "coordinates": [ [ [ 44.804053, 41.68931 ], [ 44.804064, 41.689283 ], [ 44.804065, 41.689281 ], [ 44.804075, 41.689282 ], [ 44.804094, 41.689274 ], [ 44.804106, 41.689261 ], [ 44.804107, 41.689244 ], [ 44.804097, 41.68923 ], [ 44.804088, 41.689226 ], [ 44.804089, 41.689223 ], [ 44.804101, 41.689196 ], [ 44.803887, 41.689146 ], [ 44.803847, 41.689241 ], [ 44.803839, 41.68926 ], [ 44.804053, 41.68931 ] ] ] } },
{ "type": "Feature", "properties": { "building": "synagogue", "height": null, "building:levels": "3" }, "geometry": { "type": "Polygon", "coordinates": [ [ [ 44.807181, 41.690094 ], [ 44.807264, 41.690087 ], [ 44.807281, 41.690086 ], [ 44.807384, 41.690078 ], [ 44.807358, 41.689893 ], [ 44.807352, 41.689852 ], [ 44.807296, 41.689856 ], [ 44.807149, 41.689868 ], [ 44.807155, 41.689908 ], [ 44.807181, 41.690094 ] ] ] } },
{ "type": "Feature", "properties": { "building": "government", "height": "29", "building:levels": "3" }, "geometry": { "type": "Polygon", "coordinates": [ [ [ 44.801183, 41.692837 ], [ 44.801879, 41.692864 ], [ 44.801907, 41.692448 ], [ 44.801761, 41.692442 ], [ 44.801757, 41.692507 ], [ 44.801426, 41.692495 ], [ 44.801385, 41.692493 ], [ 44.801383, 41.692515 ], [ 44.801375, 41.692631 ], [ 44.801198, 41.692624 ], [ 44.801183, 41.692837 ] ] ] } },
{ "type": "Feature", "properties": { "building": "hotel", "height": null, "building:levels": "7" }, "geometry": { "type": "Polygon", "coordinates": [ [ [ 44.801319, 41.692114 ], [ 44.801317, 41.692139 ], [ 44.801741, 41.692158 ], [ 44.801754, 41.691995 ], [ 44.80132, 41.691975 ], [ 44.801317, 41.69201 ], [ 44.801234, 41.692006 ], [ 44.801228, 41.692088 ], [ 44.801226, 41.692109 ], [ 44.801319, 41.692114 ] ] ] } },
{ "type": "Feature", "properties": { "building": "yes", "height": null, "building:levels": "2" }, "geometry": { "type": "Polygon", "coordinates": [ [ [ 44.803893, 41.692326 ], [ 44.804048, 41.692364 ], [ 44.804128, 41.692383 ], [ 44.804189, 41.692399 ], [ 44.804211, 41.692403 ], [ 44.804307, 41.692184 ], [ 44.803978, 41.692095 ], [ 44.803887, 41.692051 ], [ 44.803807, 41.692149 ], [ 44.803895, 41.692171 ], [ 44.803862, 41.69222 ], [ 44.803818, 41.692217 ], [ 44.803788, 41.692279 ], [ 44.803901, 41.692307 ], [ 44.803893, 41.692326 ] ] ] } },
{ "type": "Feature", "properties": { "building": "hotel", "height": null, "building:levels": "3" }, "geometry": { "type": "Polygon", "coordinates": [ [ [ 44.807474, 41.691041 ], [ 44.807516, 41.691059 ], [ 44.807505, 41.691074 ], [ 44.807814, 41.691205 ], [ 44.807825, 41.69119 ], [ 44.808012, 41.691232 ], [ 44.808188, 41.691307 ], [ 44.80831, 41.691129 ], [ 44.808227, 41.691084 ], [ 44.8082, 41.69107 ], [ 44.807773, 41.690814 ], [ 44.807673, 41.690893 ], [ 44.807601, 41.690865 ], [ 44.807474, 41.691041 ] ] ] } },
{ "type": "Feature", "properties": { "building": "yes", "height": null, "building:levels": null }, "geometry": { "type": "Polygon", "coordinates": [ [ [ 44.807514, 41.691461 ], [ 44.807646, 41.691482 ], [ 44.80769, 41.69146 ], [ 44.8077, 41.691438 ], [ 44.80774, 41.691408 ], [ 44.807745, 41.691366 ], [ 44.807723, 41.691334 ], [ 44.807736, 41.691294 ], [ 44.807673, 41.691258 ], [ 44.807584, 41.691247 ], [ 44.8076, 41.691177 ], [ 44.807528, 41.691168 ], [ 44.807488, 41.691162 ], [ 44.807482, 41.691185 ], [ 44.807434, 41.691178 ], [ 44.807423, 41.691218 ], [ 44.807389, 41.691213 ], [ 44.807375, 41.691265 ], [ 44.807335, 41.691259 ], [ 44.807308, 41.691363 ], [ 44.807369, 41.691372 ], [ 44.807355, 41.691425 ], [ 44.807401, 41.691432 ], [ 44.807392, 41.691464 ], [ 44.807423, 41.691469 ], [ 44.807446, 41.691479 ], [ 44.807506, 41.691489 ], [ 44.807514, 41.691461 ] ] ] } },
{ "type": "Feature", "properties": { "building": "retail", "height": null, "building:levels": "3" }, "geometry": { "type": "Polygon", "coordinates": [ [ [ 44.807724, 41.690764 ], [ 44.808245, 41.691052 ], [ 44.808351, 41.691111 ], [ 44.808587, 41.690934 ], [ 44.808458, 41.69084 ], [ 44.808399, 41.690795 ], [ 44.808338, 41.690817 ], [ 44.808287, 41.690832 ], [ 44.80825, 41.690841 ], [ 44.808229, 41.690844 ], [ 44.808208, 41.690848 ], [ 44.808199, 41.690848 ], [ 44.808167, 41.690851 ], [ 44.80812, 41.690851 ], [ 44.808075, 41.690847 ], [ 44.808004, 41.690837 ], [ 44.807935, 41.690822 ], [ 44.807858, 41.690791 ], [ 44.807813, 41.690771 ], [ 44.807753, 41.690737 ], [ 44.807724, 41.690764 ] ] ] } },
{ "type": "Feature", "properties": { "building": "commercial", "height": null, "building:levels": "2" }, "geometry": { "type": "Polygon", "coordinates": [ [ [ 44.809399, 41.690431 ], [ 44.809366, 41.690296 ], [ 44.809353, 41.690285 ], [ 44.809334, 41.69028 ], [ 44.809307, 41.690284 ], [ 44.808994, 41.690426 ], [ 44.80904, 41.690486 ], [ 44.809069, 41.690481 ], [ 44.809341, 41.690441 ], [ 44.809399, 41.690431 ] ] ] } },
{ "type": "Feature", "properties": { "building": "yes", "height": null, "building:levels": null }, "geometry": { "type": "Polygon", "coordinates": [ [ [ 44.808841, 41.69057 ], [ 44.80904, 41.690486 ], [ 44.808994, 41.690426 ], [ 44.808795, 41.690509 ], [ 44.808841, 41.69057 ] ] ] } },
{ "type": "Feature", "properties": { "building": "yes", "height": null, "building:levels": null }, "geometry": { "type": "Polygon", "coordinates": [ [ [ 44.807274, 41.694766 ], [ 44.807268, 41.694654 ], [ 44.807144, 41.694658 ], [ 44.807137, 41.694511 ], [ 44.807262, 41.694507 ], [ 44.807256, 41.694394 ], [ 44.807318, 41.694392 ], [ 44.807311, 41.694241 ], [ 44.807253, 41.694243 ], [ 44.807245, 41.694084 ], [ 44.80694, 41.694092 ], [ 44.806964, 41.69448 ], [ 44.806969, 41.694774 ], [ 44.807274, 41.694766 ] ] ] } },
{ "type": "Feature", "properties": { "building": "office", "height": null, "building:levels": "6" }, "geometry": { "type": "Polygon", "coordinates": [ [ [ 44.806722, 41.693845 ], [ 44.806989, 41.69383 ], [ 44.807048, 41.693827 ], [ 44.807044, 41.693781 ], [ 44.807042, 41.693763 ], [ 44.807028, 41.693625 ], [ 44.807022, 41.693565 ], [ 44.806913, 41.693571 ], [ 44.806696, 41.693583 ], [ 44.806722, 41.693845 ] ] ] } },
{ "type": "Feature", "properties": { "building": "yes", "height": null, "building:levels": "4" }, "geometry": { "type": "Polygon", "coordinates": [ [ [ 44.804227, 41.693097 ], [ 44.804711, 41.692808 ], [ 44.804932, 41.693016 ], [ 44.804764, 41.693116 ], [ 44.804641, 41.693001 ], [ 44.804325, 41.693189 ], [ 44.804227, 41.693097 ] ] ] } },
{ "type": "Feature", "properties": { "building": "yes", "height": null, "building:levels": "4" }, "geometry": { "type": "Polygon", "coordinates": [ [ [ 44.800456, 41.694118 ], [ 44.800665, 41.694196 ], [ 44.80092, 41.693874 ], [ 44.800936, 41.693854 ], [ 44.800696, 41.69376 ], [ 44.800685, 41.693777 ], [ 44.800456, 41.694118 ] ] ] } },
{ "type": "Feature", "properties": { "building": "yes", "height": null, "building:levels": "7" }, "geometry": { "type": "Polygon", "coordinates": [ [ [ 44.800936, 41.693854 ], [ 44.800943, 41.693843 ], [ 44.800964, 41.693813 ], [ 44.800975, 41.693422 ], [ 44.800982, 41.69321 ], [ 44.800978, 41.693136 ], [ 44.800959, 41.693095 ], [ 44.800924, 41.693063 ], [ 44.800875, 41.693033 ], [ 44.80079, 41.692998 ], [ 44.800579, 41.69294 ], [ 44.800469, 41.69291 ], [ 44.800441, 41.692914 ], [ 44.800387, 41.693033 ], [ 44.800415, 41.693186 ], [ 44.80051, 41.693187 ], [ 44.800732, 41.693189 ], [ 44.800731, 41.693217 ], [ 44.800731, 41.693246 ], [ 44.800596, 41.693245 ], [ 44.800592, 41.693318 ], [ 44.800523, 41.693317 ], [ 44.800505, 41.693611 ], [ 44.800504, 41.693633 ], [ 44.800431, 41.693632 ], [ 44.800392, 41.693648 ], [ 44.80036, 41.693673 ], [ 44.800345, 41.69371 ], [ 44.800354, 41.693745 ], [ 44.800381, 41.693783 ], [ 44.800453, 41.693768 ], [ 44.800551, 41.693808 ], [ 44.800552, 41.693762 ], [ 44.800696, 41.69376 ], [ 44.800936, 41.693854 ] ] ] } },
{ "type": "Feature", "properties": { "building": "yes", "height": null, "building:levels": null }, "geometry": { "type": "Polygon", "coordinates": [ [ [ 44.808988, 41.687978 ], [ 44.809229, 41.687967 ], [ 44.809219, 41.68785 ], [ 44.808978, 41.687862 ], [ 44.808988, 41.687978 ] ] ] } },
{ "type": "Feature", "properties": { "building": "apartments", "height": null, "building:levels": "2" }, "geometry": { "type": "Polygon", "coordinates": [ [ [ 44.805003, 41.69504 ], [ 44.805097, 41.694841 ], [ 44.805106, 41.694793 ], [ 44.804904, 41.694719 ], [ 44.80483, 41.694831 ], [ 44.804901, 41.694862 ], [ 44.80489, 41.694883 ], [ 44.804871, 41.694878 ], [ 44.804813, 41.694862 ], [ 44.804771, 41.694918 ], [ 44.804774, 41.694922 ], [ 44.80484, 41.694941 ], [ 44.804808, 41.695003 ], [ 44.804845, 41.695013 ], [ 44.804828, 41.695047 ], [ 44.804867, 41.695058 ], [ 44.8049, 41.695069 ], [ 44.804909, 41.695055 ], [ 44.804925, 41.695019 ], [ 44.805003, 41.69504 ] ] ] } },
{ "type": "Feature", "properties": { "building": "yes", "height": null, "building:levels": null }, "geometry": { "type": "Polygon", "coordinates": [ [ [ 44.812375, 41.691496 ], [ 44.81226, 41.691565 ], [ 44.812243, 41.691578 ], [ 44.81223, 41.691591 ], [ 44.812223, 41.691602 ], [ 44.812219, 41.691614 ], [ 44.812219, 41.691635 ], [ 44.812226, 41.69165 ], [ 44.812241, 41.691667 ], [ 44.812256, 41.691677 ], [ 44.812278, 41.691686 ], [ 44.812291, 41.691688 ], [ 44.81231, 41.691689 ], [ 44.81232, 41.691688 ], [ 44.81234, 41.691684 ], [ 44.812382, 41.691672 ], [ 44.812385, 41.691664 ], [ 44.812386, 41.691661 ], [ 44.812486, 41.691599 ], [ 44.812389, 41.69151 ], [ 44.812375, 41.691496 ] ] ] } },
{ "type": "Feature", "properties": { "building": "yes", "height": null, "building:levels": null }, "geometry": { "type": "Polygon", "coordinates": [ [ [ 44.800551, 41.693808 ], [ 44.800497, 41.693889 ], [ 44.800386, 41.693914 ], [ 44.800406, 41.693967 ], [ 44.800272, 41.693999 ], [ 44.800247, 41.694035 ], [ 44.800138, 41.693994 ], [ 44.799856, 41.693877 ], [ 44.799779, 41.693725 ], [ 44.799956, 41.69369 ], [ 44.800011, 41.693799 ], [ 44.800203, 41.69386 ], [ 44.800209, 41.693835 ], [ 44.80023, 41.693814 ], [ 44.800262, 41.693799 ], [ 44.800297, 41.693799 ], [ 44.80033, 41.693811 ], [ 44.800351, 41.693832 ], [ 44.800418, 41.693818 ], [ 44.800453, 41.693768 ], [ 44.800551, 41.693808 ] ] ] } },
{ "type": "Feature", "properties": { "building": "detached", "height": null, "building:levels": "4" }, "geometry": { "type": "Polygon", "coordinates": [ [ [ 44.80939, 41.689348 ], [ 44.809422, 41.689376 ], [ 44.809566, 41.6895 ], [ 44.80964, 41.689555 ], [ 44.809697, 41.689601 ], [ 44.809722, 41.689577 ], [ 44.809766, 41.689602 ], [ 44.809811, 41.689544 ], [ 44.809936, 41.689465 ], [ 44.809925, 41.689438 ], [ 44.809894, 41.689411 ], [ 44.809896, 41.689375 ], [ 44.809654, 41.689171 ], [ 44.80939, 41.689348 ] ] ] } },
{ "type": "Feature", "properties": { "building": "yes", "height": null, "building:levels": "2" }, "geometry": { "type": "Polygon", "coordinates": [ [ [ 44.812055, 41.690169 ], [ 44.812173, 41.690171 ], [ 44.812174, 41.690126 ], [ 44.812267, 41.690127 ], [ 44.812268, 41.690085 ], [ 44.812269, 41.690041 ], [ 44.812031, 41.690038 ], [ 44.81203, 41.690101 ], [ 44.812056, 41.690101 ], [ 44.812055, 41.690169 ] ] ] } },
{ "type": "Feature", "properties": { "building": "hotel", "height": null, "building:levels": "3" }, "geometry": { "type": "Polygon", "coordinates": [ [ [ 44.812268, 41.690085 ], [ 44.812474, 41.690081 ], [ 44.812771, 41.690076 ], [ 44.812771, 41.690018 ], [ 44.812771, 41.689966 ], [ 44.812772, 41.689949 ], [ 44.812577, 41.689954 ], [ 44.812576, 41.689967 ], [ 44.812396, 41.689968 ], [ 44.812355, 41.690002 ], [ 44.812268, 41.690002 ], [ 44.812269, 41.690041 ], [ 44.812268, 41.690085 ] ] ] } },
{ "type": "Feature", "properties": { "building": "hotel", "height": null, "building:levels": "4" }, "geometry": { "type": "Polygon", "coordinates": [ [ [ 44.803837, 41.693277 ], [ 44.803599, 41.693053 ], [ 44.803548, 41.693137 ], [ 44.803625, 41.693166 ], [ 44.803637, 41.693138 ], [ 44.803712, 41.693202 ], [ 44.803678, 41.693287 ], [ 44.803332, 41.693171 ], [ 44.803394, 41.693059 ], [ 44.803482, 41.693087 ], [ 44.803567, 41.692943 ], [ 44.803705, 41.692997 ], [ 44.803815, 41.693105 ], [ 44.803901, 41.693181 ], [ 44.803837, 41.693277 ] ] ] } },
{ "type": "Feature", "properties": { "building": "apartments", "height": null, "building:levels": "2" }, "geometry": { "type": "Polygon", "coordinates": [ [ [ 44.801711, 41.691659 ], [ 44.801957, 41.691666 ], [ 44.801969, 41.691667 ], [ 44.801978, 41.691573 ], [ 44.801991, 41.691309 ], [ 44.801811, 41.691308 ], [ 44.801798, 41.691308 ], [ 44.801799, 41.691387 ], [ 44.801796, 41.691436 ], [ 44.801794, 41.691534 ], [ 44.801793, 41.691571 ], [ 44.801793, 41.691582 ], [ 44.801702, 41.691579 ], [ 44.801704, 41.691592 ], [ 44.801711, 41.691659 ] ] ] } },
{ "type": "Feature", "properties": { "building": "office", "height": null, "building:levels": "4" }, "geometry": { "type": "Polygon", "coordinates": [ [ [ 44.80081, 41.692831 ], [ 44.800826, 41.692723 ], [ 44.800832, 41.692665 ], [ 44.800841, 41.692562 ], [ 44.800843, 41.69254 ], [ 44.801059, 41.692588 ], [ 44.801057, 41.692605 ], [ 44.801055, 41.692623 ], [ 44.801077, 41.692625 ], [ 44.801063, 41.692838 ], [ 44.80081, 41.692831 ] ] ] } },
{ "type": "Feature", "properties": { "building": "hotel", "height": null, "building:levels": "4" }, "geometry": { "type": "Polygon", "coordinates": [ [ [ 44.801166, 41.691175 ], [ 44.801177, 41.69098 ], [ 44.801179, 41.690948 ], [ 44.801008, 41.690943 ], [ 44.801003, 41.691032 ], [ 44.801018, 41.691032 ], [ 44.801016, 41.691063 ], [ 44.80098, 41.691062 ], [ 44.800981, 41.691039 ], [ 44.800883, 41.691036 ], [ 44.800882, 41.691058 ], [ 44.800534, 41.691046 ], [ 44.800528, 41.691154 ], [ 44.800904, 41.691166 ], [ 44.801166, 41.691175 ] ] ] } },
{ "type": "Feature", "properties": { "building": "apartments", "height": null, "building:levels": "4" }, "geometry": { "type": "Polygon", "coordinates": [ [ [ 44.80003, 41.689853 ], [ 44.800038, 41.68967 ], [ 44.800613, 41.689697 ], [ 44.800635, 41.689698 ], [ 44.800621, 41.68983 ], [ 44.80062, 41.689848 ], [ 44.800595, 41.689847 ], [ 44.800471, 41.689844 ], [ 44.800472, 41.689819 ], [ 44.800451, 41.689818 ], [ 44.800281, 41.689809 ], [ 44.800284, 41.68979 ], [ 44.800245, 41.68979 ], [ 44.800229, 41.689757 ], [ 44.800206, 41.689757 ], [ 44.8002, 41.689857 ], [ 44.80003, 41.689853 ] ] ] } },
{ "type": "Feature", "properties": { "building": "hotel", "height": null, "building:levels": "4" }, "geometry": { "type": "Polygon", "coordinates": [ [ [ 44.810304, 41.688785 ], [ 44.810278, 41.688719 ], [ 44.810249, 41.688652 ], [ 44.810232, 41.688634 ], [ 44.810169, 41.688659 ], [ 44.81019, 41.688681 ], [ 44.810142, 41.688704 ], [ 44.809956, 41.688804 ], [ 44.809959, 41.688807 ], [ 44.810048, 41.688893 ], [ 44.810136, 41.688851 ], [ 44.81013, 41.688839 ], [ 44.810202, 41.688806 ], [ 44.810223, 41.688828 ], [ 44.81027, 41.688799 ], [ 44.810304, 41.688785 ] ] ] } },
{ "type": "Feature", "properties": { "building": "yes", "height": null, "building:levels": null }, "geometry": { "type": "Polygon", "coordinates": [ [ [ 44.80441, 41.688937 ], [ 44.80473, 41.688943 ], [ 44.804735, 41.688808 ], [ 44.804415, 41.688802 ], [ 44.80441, 41.688937 ] ] ] } },
{ "type": "Feature", "properties": { "building": "office", "height": null, "building:levels": "8" }, "geometry": { "type": "Polygon", "coordinates": [ [ [ 44.802106, 41.693025 ], [ 44.802095, 41.693036 ], [ 44.80209, 41.693052 ], [ 44.802184, 41.693443 ], [ 44.802388, 41.693415 ], [ 44.802422, 41.693399 ], [ 44.802365, 41.69316 ], [ 44.802398, 41.693048 ], [ 44.8024, 41.693033 ], [ 44.802228, 41.69302 ], [ 44.802158, 41.693014 ], [ 44.802139, 41.693014 ], [ 44.80212, 41.693019 ], [ 44.802106, 41.693025 ] ] ] } },
{ "type": "Feature", "properties": { "building": "yes", "height": null, "building:levels": null }, "geometry": { "type": "Polygon", "coordinates": [ [ [ 44.812235, 41.688577 ], [ 44.812595, 41.688617 ], [ 44.812603, 41.688589 ], [ 44.812815, 41.688611 ], [ 44.81282, 41.688639 ], [ 44.812882, 41.688649 ], [ 44.81293, 41.688639 ], [ 44.812957, 41.68862 ], [ 44.812976, 41.688605 ], [ 44.812981, 41.688587 ], [ 44.812978, 41.688563 ], [ 44.812941, 41.688549 ], [ 44.812882, 41.688543 ], [ 44.812281, 41.688465 ], [ 44.812271, 41.688524 ], [ 44.812247, 41.688523 ], [ 44.812235, 41.688577 ] ] ] } },
{ "type": "Feature", "properties": { "building": "yes", "height": null, "building:levels": null }, "geometry": { "type": "Polygon", "coordinates": [ [ [ 44.812125, 41.688488 ], [ 44.812133, 41.688497 ], [ 44.812192, 41.688505 ], [ 44.812197, 41.688519 ], [ 44.812237, 41.688525 ], [ 44.812261, 41.688498 ], [ 44.812253, 41.688472 ], [ 44.81213, 41.688454 ], [ 44.812125, 41.688488 ] ] ] } },
{ "type": "Feature", "properties": { "building": "yes", "height": null, "building:levels": null }, "geometry": { "type": "Polygon", "coordinates": [ [ [ 44.811662, 41.688404 ], [ 44.81125, 41.688441 ], [ 44.811261, 41.688506 ], [ 44.811297, 41.688503 ], [ 44.811302, 41.688531 ], [ 44.811317, 41.688529 ], [ 44.811323, 41.68856 ], [ 44.811361, 41.688557 ], [ 44.811363, 41.688571 ], [ 44.811404, 41.688568 ], [ 44.811463, 41.688561 ], [ 44.811541, 41.688555 ], [ 44.811547, 41.688594 ], [ 44.811716, 41.688581 ], [ 44.811731, 41.688578 ], [ 44.811722, 41.688521 ], [ 44.811763, 41.688518 ], [ 44.81176, 41.688493 ], [ 44.811794, 41.68849 ], [ 44.811792, 41.688478 ], [ 44.811809, 41.688476 ], [ 44.81181, 41.688438 ], [ 44.811724, 41.688444 ], [ 44.811722, 41.688428 ], [ 44.811667, 41.688433 ], [ 44.811662, 41.688404 ] ] ] } },
{ "type": "Feature", "properties": { "building": "hotel", "height": null, "building:levels": null }, "geometry": { "type": "Polygon", "coordinates": [ [ [ 44.809913, 41.689219 ], [ 44.809972, 41.689262 ], [ 44.80999, 41.689268 ], [ 44.810008, 41.68927 ], [ 44.810034, 41.68926 ], [ 44.810022, 41.689221 ], [ 44.809949, 41.689015 ], [ 44.8097, 41.689158 ], [ 44.809864, 41.689315 ], [ 44.809937, 41.689276 ], [ 44.809892, 41.689234 ], [ 44.809913, 41.689219 ] ] ] } },
{ "type": "Feature", "properties": { "building": "yes", "height": null, "building:levels": "1" }, "geometry": { "type": "Polygon", "coordinates": [ [ [ 44.811275, 41.687886 ], [ 44.811104, 41.6879 ], [ 44.811082, 41.687765 ], [ 44.811254, 41.687734 ], [ 44.811398, 41.687737 ], [ 44.811681, 41.68799 ], [ 44.811445, 41.688113 ], [ 44.811391, 41.688057 ], [ 44.811376, 41.688015 ], [ 44.811447, 41.687993 ], [ 44.811419, 41.687965 ], [ 44.811352, 41.687974 ], [ 44.811298, 41.68795 ], [ 44.811275, 41.687886 ] ] ] } },
{ "type": "Feature", "properties": { "building": "historic", "height": null, "building:levels": "1" }, "geometry": { "type": "Polygon", "coordinates": [ [ [ 44.811064, 41.687974 ], [ 44.811141, 41.687992 ], [ 44.811173, 41.688027 ], [ 44.811177, 41.688084 ], [ 44.81117, 41.688243 ], [ 44.811029, 41.688249 ], [ 44.810923, 41.688253 ], [ 44.810916, 41.688158 ], [ 44.810908, 41.688158 ], [ 44.810908, 41.688143 ], [ 44.8109, 41.687973 ], [ 44.810997, 41.687967 ], [ 44.810998, 41.687978 ], [ 44.811064, 41.687974 ] ] ] } },
{ "type": "Feature", "properties": { "building": "commercial", "height": null, "building:levels": "2" }, "geometry": { "type": "Polygon", "coordinates": [ [ [ 44.809569, 41.689625 ], [ 44.809351, 41.68942 ], [ 44.809377, 41.689406 ], [ 44.809422, 41.689376 ], [ 44.80939, 41.689348 ], [ 44.809333, 41.689372 ], [ 44.809162, 41.689475 ], [ 44.80943, 41.689749 ], [ 44.809506, 41.689835 ], [ 44.809627, 41.689776 ], [ 44.809642, 41.689768 ], [ 44.809676, 41.689726 ], [ 44.809766, 41.689602 ], [ 44.809722, 41.689577 ], [ 44.809697, 41.689601 ], [ 44.80964, 41.689555 ], [ 44.809569, 41.689625 ] ] ] } },
{ "type": "Feature", "properties": { "building": "yes", "height": null, "building:levels": "3" }, "geometry": { "type": "Polygon", "coordinates": [ [ [ 44.80658, 41.692697 ], [ 44.806552, 41.692697 ], [ 44.806532, 41.692691 ], [ 44.806434, 41.692659 ], [ 44.806427, 41.692674 ], [ 44.806393, 41.692743 ], [ 44.806538, 41.692791 ], [ 44.806596, 41.69279 ], [ 44.806639, 41.692788 ], [ 44.806641, 41.692809 ], [ 44.806745, 41.692805 ], [ 44.806723, 41.692604 ], [ 44.806746, 41.692603 ], [ 44.806739, 41.692518 ], [ 44.806715, 41.692518 ], [ 44.806691, 41.692354 ], [ 44.806593, 41.692362 ], [ 44.806606, 41.692427 ], [ 44.806612, 41.692426 ], [ 44.806618, 41.692426 ], [ 44.806622, 41.69245 ], [ 44.806616, 41.69245 ], [ 44.806611, 41.692451 ], [ 44.806616, 41.692479 ], [ 44.806617, 41.692492 ], [ 44.806622, 41.692567 ], [ 44.806628, 41.692623 ], [ 44.806598, 41.692628 ], [ 44.806572, 41.692631 ], [ 44.806577, 41.692665 ], [ 44.80658, 41.692697 ] ] ] } },
{ "type": "Feature", "properties": { "building": "synagogue", "height": null, "building:levels": null }, "geometry": { "type": "Polygon", "coordinates": [ [ [ 44.806325, 41.692619 ], [ 44.806385, 41.69264 ], [ 44.806374, 41.692658 ], [ 44.806401, 41.692667 ], [ 44.806346, 41.692753 ], [ 44.806322, 41.69279 ], [ 44.806209, 41.692749 ], [ 44.806261, 41.69267 ], [ 44.806288, 41.692626 ], [ 44.806314, 41.692636 ], [ 44.806325, 41.692619 ] ] ] } },
{ "type": "Feature", "properties": { "building": "retail", "height": null, "building:levels": "2" }, "geometry": { "type": "Polygon", "coordinates": [ [ [ 44.806099, 41.692619 ], [ 44.806113, 41.692625 ], [ 44.80611, 41.692629 ], [ 44.806218, 41.692658 ], [ 44.806284, 41.692586 ], [ 44.806309, 41.692559 ], [ 44.80633, 41.692567 ], [ 44.806462, 41.692617 ], [ 44.806519, 41.692611 ], [ 44.806567, 41.692604 ], [ 44.806582, 41.692586 ], [ 44.80658, 41.692524 ], [ 44.806574, 41.692461 ], [ 44.806539, 41.692461 ], [ 44.806538, 41.692479 ], [ 44.806504, 41.69248 ], [ 44.806489, 41.692475 ], [ 44.806472, 41.69247 ], [ 44.806519, 41.692417 ], [ 44.806524, 41.692412 ], [ 44.80654, 41.692417 ], [ 44.806572, 41.692412 ], [ 44.806567, 41.692369 ], [ 44.80648, 41.69226 ], [ 44.80647, 41.692247 ], [ 44.806437, 41.692238 ], [ 44.806168, 41.692545 ], [ 44.806099, 41.692619 ] ] ] } },
{ "type": "Feature", "properties": { "building": "yes", "height": null, "building:levels": "4" }, "geometry": { "type": "Polygon", "coordinates": [ [ [ 44.807288, 41.691861 ], [ 44.807369, 41.691887 ], [ 44.807338, 41.691942 ], [ 44.807452, 41.691978 ], [ 44.80754, 41.691825 ], [ 44.807645, 41.691859 ], [ 44.807694, 41.691773 ], [ 44.807619, 41.691749 ], [ 44.807611, 41.691763 ], [ 44.807564, 41.691749 ], [ 44.807519, 41.691733 ], [ 44.807526, 41.691721 ], [ 44.807459, 41.691699 ], [ 44.807446, 41.691695 ], [ 44.807454, 41.691681 ], [ 44.807437, 41.691676 ], [ 44.807375, 41.691656 ], [ 44.807341, 41.691714 ], [ 44.807367, 41.691722 ], [ 44.807288, 41.691861 ] ] ] } },
{ "type": "Feature", "properties": { "building": "commercial", "height": null, "building:levels": "3" }, "geometry": { "type": "Polygon", "coordinates": [ [ [ 44.812404, 41.69211 ], [ 44.812485, 41.692138 ], [ 44.812447, 41.692263 ], [ 44.812486, 41.692298 ], [ 44.81253, 41.692316 ], [ 44.812546, 41.69236 ], [ 44.812435, 41.692374 ], [ 44.812288, 41.692421 ], [ 44.812243, 41.692349 ], [ 44.812211, 41.692353 ], [ 44.812117, 41.692261 ], [ 44.812129, 41.692253 ], [ 44.812232, 41.692211 ], [ 44.812283, 41.692278 ], [ 44.812351, 41.692267 ], [ 44.812371, 41.692182 ], [ 44.812404, 41.69211 ] ] ] } },
{ "type": "Feature", "properties": { "building": "hotel", "height": null, "building:levels": "4" }, "geometry": { "type": "Polygon", "coordinates": [ [ [ 44.811557, 41.691936 ], [ 44.811599, 41.691879 ], [ 44.811574, 41.691869 ], [ 44.811734, 41.691674 ], [ 44.811746, 41.691568 ], [ 44.81184, 41.691567 ], [ 44.811881, 41.691673 ], [ 44.811942, 41.691672 ], [ 44.81196, 41.69176 ], [ 44.811897, 41.691758 ], [ 44.811891, 41.691812 ], [ 44.811724, 41.692004 ], [ 44.811557, 41.691936 ] ] ] } },
{ "type": "Feature", "properties": { "building": "transportation", "height": null, "building:levels": "2" }, "geometry": { "type": "Polygon", "coordinates": [ [ [ 44.81069, 41.692141 ], [ 44.81054, 41.691974 ], [ 44.81061, 41.691939 ], [ 44.810587, 41.691913 ], [ 44.810755, 41.691829 ], [ 44.810898, 41.691989 ], [ 44.81079, 41.692043 ], [ 44.810739, 41.692069 ], [ 44.810768, 41.692099 ], [ 44.810722, 41.692125 ], [ 44.81069, 41.692141 ] ] ] } },
{ "type": "Feature", "properties": { "building": "historic", "height": null, "building:levels": null }, "geometry": { "type": "Polygon", "coordinates": [ [ [ 44.811437, 41.687633 ], [ 44.811384, 41.687567 ], [ 44.81121, 41.687368 ], [ 44.811322, 41.687312 ], [ 44.811324, 41.687303 ], [ 44.81132, 41.687205 ], [ 44.811403, 41.687189 ], [ 44.811605, 41.687453 ], [ 44.811564, 41.687483 ], [ 44.81163, 41.687567 ], [ 44.811538, 41.687602 ], [ 44.811437, 41.687633 ] ] ] } },
{ "type": "Feature", "properties": { "building": "apartments", "height": null, "building:levels": "3" }, "geometry": { "type": "Polygon", "coordinates": [ [ [ 44.802115, 41.692098 ], [ 44.802132, 41.691896 ], [ 44.802363, 41.691903 ], [ 44.802359, 41.691992 ], [ 44.802345, 41.692107 ], [ 44.802323, 41.692106 ], [ 44.802115, 41.692098 ] ] ] } },
{ "type": "Feature", "properties": { "building": "apartments", "height": null, "building:levels": "2.5" }, "geometry": { "type": "Polygon", "coordinates": [ [ [ 44.800656, 41.691513 ], [ 44.80093, 41.69153 ], [ 44.801145, 41.691546 ], [ 44.801147, 41.691521 ], [ 44.801167, 41.691288 ], [ 44.800956, 41.691279 ], [ 44.800941, 41.691443 ], [ 44.800807, 41.691434 ], [ 44.800814, 41.691374 ], [ 44.800807, 41.691373 ], [ 44.800809, 41.691353 ], [ 44.800813, 41.691283 ], [ 44.800677, 41.69128 ], [ 44.800664, 41.691413 ], [ 44.800656, 41.691513 ] ] ] } },
{ "type": "Feature", "properties": { "building": "apartments", "height": null, "building:levels": "3" }, "geometry": { "type": "Polygon", "coordinates": [ [ [ 44.800374, 41.691263 ], [ 44.800677, 41.69128 ], [ 44.800664, 41.691413 ], [ 44.800582, 41.691409 ], [ 44.800579, 41.691437 ], [ 44.800452, 41.69143 ], [ 44.800455, 41.691409 ], [ 44.80036, 41.691404 ], [ 44.800374, 41.691263 ] ] ] } },
{ "type": "Feature", "properties": { "building": "apartments", "height": null, "building:levels": "6" }, "geometry": { "type": "Polygon", "coordinates": [ [ [ 44.800795, 41.69271 ], [ 44.800797, 41.692667 ], [ 44.800779, 41.69266 ], [ 44.800753, 41.692652 ], [ 44.800743, 41.692577 ], [ 44.800641, 41.692544 ], [ 44.80056, 41.692522 ], [ 44.800533, 41.692589 ], [ 44.80048, 41.692575 ], [ 44.800496, 41.692541 ], [ 44.80045, 41.69253 ], [ 44.800375, 41.692694 ], [ 44.800368, 41.692696 ], [ 44.80081, 41.692831 ], [ 44.800826, 41.692723 ], [ 44.800795, 41.69271 ] ] ] } },
{ "type": "Feature", "properties": { "building": "apartments", "height": null, "building:levels": "3" }, "geometry": { "type": "Polygon", "coordinates": [ [ [ 44.800687, 41.691732 ], [ 44.801136, 41.691774 ], [ 44.801135, 41.691788 ], [ 44.801133, 41.691814 ], [ 44.80112, 41.691954 ], [ 44.80111, 41.691954 ], [ 44.800909, 41.691934 ], [ 44.80092, 41.691832 ], [ 44.800724, 41.691816 ], [ 44.80071, 41.691914 ], [ 44.800598, 41.691904 ], [ 44.800623, 41.691734 ], [ 44.800686, 41.69174 ], [ 44.800687, 41.691732 ] ] ] } },
{ "type": "Feature", "properties": { "building": "yes", "height": null, "building:levels": null }, "geometry": { "type": "Polygon", "coordinates": [ [ [ 44.800336, 41.691706 ], [ 44.800399, 41.691714 ], [ 44.800623, 41.691734 ], [ 44.800686, 41.69174 ], [ 44.800687, 41.691732 ], [ 44.800697, 41.691652 ], [ 44.800435, 41.691621 ], [ 44.800441, 41.691571 ], [ 44.800486, 41.691574 ], [ 44.800494, 41.6915 ], [ 44.800449, 41.691497 ], [ 44.80036, 41.691487 ], [ 44.800336, 41.691706 ] ] ] } },
{ "type": "Feature", "properties": { "building": "yes", "height": null, "building:levels": null }, "geometry": { "type": "Polygon", "coordinates": [ [ [ 44.80045, 41.69253 ], [ 44.800496, 41.692541 ], [ 44.80048, 41.692575 ], [ 44.800533, 41.692589 ], [ 44.80056, 41.692522 ], [ 44.80058, 41.692478 ], [ 44.80054, 41.692467 ], [ 44.800471, 41.692451 ], [ 44.80045, 41.69253 ] ] ] } },
{ "type": "Feature", "properties": { "building": "church", "height": null, "building:levels": "2" }, "geometry": { "type": "Polygon", "coordinates": [ [ [ 44.806404, 41.690888 ], [ 44.80647, 41.690892 ], [ 44.806474, 41.69087 ], [ 44.806549, 41.690876 ], [ 44.806545, 41.6909 ], [ 44.806682, 41.690911 ], [ 44.80666, 41.691063 ], [ 44.806384, 41.69104 ], [ 44.806404, 41.690888 ] ] ] } },
{ "type": "Feature", "properties": { "building": "house", "height": null, "building:levels": "4" }, "geometry": { "type": "Polygon", "coordinates": [ [ [ 44.802572, 41.687986 ], [ 44.802553, 41.687966 ], [ 44.802462, 41.687937 ], [ 44.802428, 41.687884 ], [ 44.802485, 41.687838 ], [ 44.802749, 41.687903 ], [ 44.802766, 41.687956 ], [ 44.802753, 41.688024 ], [ 44.802616, 41.688009 ], [ 44.802572, 41.687986 ] ] ] } },
{ "type": "Feature", "properties": { "building": "apartments", "height": null, "building:levels": "4" }, "geometry": { "type": "Polygon", "coordinates": [ [ [ 44.80393, 41.691043 ], [ 44.803973, 41.690956 ], [ 44.804067, 41.690982 ], [ 44.804024, 41.691069 ], [ 44.80393, 41.691043 ] ] ] } },
{ "type": "Feature", "properties": { "building": "apartments", "height": null, "building:levels": "3" }, "geometry": { "type": "Polygon", "coordinates": [ [ [ 44.80409, 41.691137 ], [ 44.804182, 41.691181 ], [ 44.804286, 41.691131 ], [ 44.804108, 41.691069 ], [ 44.804102, 41.691091 ], [ 44.80409, 41.691137 ] ] ] } },
{ "type": "Feature", "properties": { "building": "yes", "height": null, "building:levels": "3" }, "geometry": { "type": "Polygon", "coordinates": [ [ [ 44.802079, 41.692666 ], [ 44.802071, 41.692839 ], [ 44.802105, 41.692873 ], [ 44.802351, 41.692871 ], [ 44.802352, 41.6927 ], [ 44.80225, 41.692699 ], [ 44.802079, 41.692666 ] ] ] } },
{ "type": "Feature", "properties": { "building": "yes", "height": null, "building:levels": null }, "geometry": { "type": "Polygon", "coordinates": [ [ [ 44.807045, 41.691691 ], [ 44.807002, 41.691763 ], [ 44.806982, 41.691792 ], [ 44.807, 41.691806 ], [ 44.807104, 41.691806 ], [ 44.807144, 41.691726 ], [ 44.807045, 41.691691 ] ] ] } },
{ "type": "Feature", "properties": { "building": "apartments", "height": null, "building:levels": "2" }, "geometry": { "type": "Polygon", "coordinates": [ [ [ 44.806856, 41.692671 ], [ 44.806861, 41.692809 ], [ 44.807023, 41.692806 ], [ 44.807018, 41.692668 ], [ 44.806856, 41.692671 ] ] ] } },
{ "type": "Feature", "properties": { "building": "construction", "height": null, "building:levels": null }, "geometry": { "type": "Polygon", "coordinates": [ [ [ 44.806861, 41.692809 ], [ 44.806866, 41.692961 ], [ 44.807116, 41.692956 ], [ 44.807111, 41.692804 ], [ 44.807023, 41.692806 ], [ 44.806861, 41.692809 ] ] ] } },
{ "type": "Feature", "properties": { "building": "apartments", "height": null, "building:levels": "2" }, "geometry": { "type": "Polygon", "coordinates": [ [ [ 44.806827, 41.692392 ], [ 44.806856, 41.692671 ], [ 44.807018, 41.692668 ], [ 44.807047, 41.692662 ], [ 44.807059, 41.692415 ], [ 44.806827, 41.692392 ] ] ] } },
{ "type": "Feature", "properties": { "building": "apartments", "height": null, "building:levels": "3" }, "geometry": { "type": "Polygon", "coordinates": [ [ [ 44.806534, 41.69212 ], [ 44.806552, 41.692127 ], [ 44.806569, 41.692094 ], [ 44.806605, 41.692098 ], [ 44.806674, 41.692096 ], [ 44.806691, 41.692354 ], [ 44.806593, 41.692362 ], [ 44.806569, 41.692313 ], [ 44.806565, 41.692304 ], [ 44.806607, 41.692296 ], [ 44.806608, 41.692258 ], [ 44.806544, 41.69226 ], [ 44.806493, 41.692197 ], [ 44.806534, 41.69212 ] ] ] } },
{ "type": "Feature", "properties": { "building": "yes", "height": null, "building:levels": "3" }, "geometry": { "type": "Polygon", "coordinates": [ [ [ 44.811445, 41.688113 ], [ 44.811391, 41.688057 ], [ 44.811373, 41.688067 ], [ 44.811283, 41.688074 ], [ 44.811222, 41.688081 ], [ 44.811231, 41.688194 ], [ 44.811261, 41.688207 ], [ 44.811445, 41.688113 ] ] ] } },
{ "type": "Feature", "properties": { "building": "apartments", "height": null, "building:levels": "2" }, "geometry": { "type": "Polygon", "coordinates": [ [ [ 44.8032, 41.693018 ], [ 44.803288, 41.693053 ], [ 44.803306, 41.693025 ], [ 44.803399, 41.693045 ], [ 44.803394, 41.693059 ], [ 44.803332, 41.693171 ], [ 44.803206, 41.69313 ], [ 44.803185, 41.69305 ], [ 44.8032, 41.693018 ] ] ] } },
{ "type": "Feature", "properties": { "building": "apartments", "height": null, "building:levels": "3" }, "geometry": { "type": "Polygon", "coordinates": [ [ [ 44.804197, 41.691781 ], [ 44.804168, 41.691743 ], [ 44.804132, 41.69176 ], [ 44.804052, 41.691657 ], [ 44.804079, 41.691609 ], [ 44.804293, 41.691618 ], [ 44.804293, 41.691751 ], [ 44.804197, 41.691781 ] ] ] } },
{ "type": "Feature", "properties": { "building": "apartments", "height": null, "building:levels": "2" }, "geometry": { "type": "Polygon", "coordinates": [ [ [ 44.802898, 41.692767 ], [ 44.802917, 41.692855 ], [ 44.803157, 41.692931 ], [ 44.803112, 41.693045 ], [ 44.803059, 41.693083 ], [ 44.802835, 41.692998 ], [ 44.802788, 41.69277 ], [ 44.802898, 41.692767 ] ] ] } },
{ "type": "Feature", "properties": { "building": "apartments", "height": null, "building:levels": "3" }, "geometry": { "type": "Polygon", "coordinates": [ [ [ 44.802527, 41.692833 ], [ 44.802526, 41.692799 ], [ 44.802524, 41.692745 ], [ 44.802471, 41.692741 ], [ 44.802409, 41.692729 ], [ 44.802423, 41.692674 ], [ 44.80239, 41.69267 ], [ 44.802383, 41.6927 ], [ 44.802352, 41.6927 ], [ 44.802351, 41.692871 ], [ 44.802422, 41.692889 ], [ 44.802481, 41.692904 ], [ 44.802514, 41.692912 ], [ 44.802527, 41.692833 ] ] ] } },
{ "type": "Feature", "properties": { "building": "construction", "height": null, "building:levels": "4" }, "geometry": { "type": "Polygon", "coordinates": [ [ [ 44.806161, 41.693789 ], [ 44.806383, 41.693808 ], [ 44.806396, 41.693626 ], [ 44.806077, 41.69352 ], [ 44.806009, 41.693638 ], [ 44.806166, 41.693697 ], [ 44.806161, 41.693789 ] ] ] } },
{ "type": "Feature", "properties": { "building": "apartments", "height": null, "building:levels": "2" }, "geometry": { "type": "Polygon", "coordinates": [ [ [ 44.805098, 41.69384 ], [ 44.805079, 41.693827 ], [ 44.80503, 41.693852 ], [ 44.804975, 41.693914 ], [ 44.804923, 41.693995 ], [ 44.805074, 41.694056 ], [ 44.805198, 41.693895 ], [ 44.805278, 41.693932 ], [ 44.805172, 41.694038 ], [ 44.805235, 41.694063 ], [ 44.805256, 41.694041 ], [ 44.805338, 41.694079 ], [ 44.805486, 41.693885 ], [ 44.805259, 41.693765 ], [ 44.805098, 41.69384 ] ] ] } },
{ "type": "Feature", "properties": { "building": "apartments", "height": null, "building:levels": "2" }, "geometry": { "type": "Polygon", "coordinates": [ [ [ 44.804973, 41.693495 ], [ 44.804905, 41.693493 ], [ 44.804861, 41.693509 ], [ 44.804911, 41.69359 ], [ 44.804848, 41.693632 ], [ 44.804757, 41.693607 ], [ 44.804701, 41.693593 ], [ 44.804678, 41.693579 ], [ 44.804718, 41.693497 ], [ 44.80479, 41.693469 ], [ 44.804911, 41.693372 ], [ 44.804965, 41.693372 ], [ 44.804992, 41.693382 ], [ 44.80506, 41.693464 ], [ 44.805087, 41.693496 ], [ 44.805013, 41.693531 ], [ 44.805002, 41.693521 ], [ 44.804985, 41.693506 ], [ 44.804973, 41.693495 ] ] ] } },
{ "type": "Feature", "properties": { "building": "apartments", "height": null, "building:levels": "3" }, "geometry": { "type": "Polygon", "coordinates": [ [ [ 44.803054, 41.69226 ], [ 44.803402, 41.692265 ], [ 44.803443, 41.692148 ], [ 44.803458, 41.692104 ], [ 44.80341, 41.692087 ], [ 44.803169, 41.692096 ], [ 44.803098, 41.692097 ], [ 44.803062, 41.6921 ], [ 44.803054, 41.69226 ] ] ] } },
{ "type": "Feature", "properties": { "building": "apartments", "height": null, "building:levels": "3" }, "geometry": { "type": "Polygon", "coordinates": [ [ [ 44.804983, 41.692546 ], [ 44.804991, 41.692469 ], [ 44.805, 41.692391 ], [ 44.805049, 41.692375 ], [ 44.805144, 41.692387 ], [ 44.805245, 41.6924 ], [ 44.805233, 41.692459 ], [ 44.805212, 41.692548 ], [ 44.805136, 41.692539 ], [ 44.805146, 41.692486 ], [ 44.805117, 41.692482 ], [ 44.805107, 41.69256 ], [ 44.804983, 41.692546 ] ] ] } },
{ "type": "Feature", "properties": { "building": "yes", "height": null, "building:levels": null }, "geometry": { "type": "Polygon", "coordinates": [ [ [ 44.808445, 41.690657 ], [ 44.808508, 41.690619 ], [ 44.808698, 41.690511 ], [ 44.808918, 41.690411 ], [ 44.80885, 41.690314 ], [ 44.808571, 41.690458 ], [ 44.808371, 41.690606 ], [ 44.808445, 41.690657 ] ] ] } },
{ "type": "Feature", "properties": { "building": "yes", "height": null, "building:levels": null }, "geometry": { "type": "Polygon", "coordinates": [ [ [ 44.808266, 41.690568 ], [ 44.808329, 41.690535 ], [ 44.808251, 41.690483 ], [ 44.808231, 41.690495 ], [ 44.808138, 41.690484 ], [ 44.808147, 41.690473 ], [ 44.808103, 41.690463 ], [ 44.808073, 41.690444 ], [ 44.808069, 41.690502 ], [ 44.807978, 41.690514 ], [ 44.807998, 41.690603 ], [ 44.808266, 41.690568 ] ] ] } },
{ "type": "Feature", "properties": { "building": "retail", "height": null, "building:levels": "2" }, "geometry": { "type": "Polygon", "coordinates": [ [ [ 44.807832, 41.69068 ], [ 44.808317, 41.690602 ], [ 44.808402, 41.690678 ], [ 44.808338, 41.690719 ], [ 44.808252, 41.690745 ], [ 44.808142, 41.69076 ], [ 44.808044, 41.690759 ], [ 44.807917, 41.690729 ], [ 44.807879, 41.690709 ], [ 44.807832, 41.69068 ] ] ] } },
{ "type": "Feature", "properties": { "building": "yes", "height": null, "building:levels": null }, "geometry": { "type": "Polygon", "coordinates": [ [ [ 44.80834, 41.690388 ], [ 44.808378, 41.690406 ], [ 44.80845, 41.690441 ], [ 44.808505, 41.690376 ], [ 44.808396, 41.690324 ], [ 44.80834, 41.690388 ] ] ] } },
{ "type": "Feature", "properties": { "building": "retail", "height": null, "building:levels": "2" }, "geometry": { "type": "Polygon", "coordinates": [ [ [ 44.808504, 41.690034 ], [ 44.808671, 41.689943 ], [ 44.80867, 41.689928 ], [ 44.80867, 41.689912 ], [ 44.808531, 41.689851 ], [ 44.808508, 41.689846 ], [ 44.808372, 41.689923 ], [ 44.808398, 41.689948 ], [ 44.808504, 41.690034 ] ] ] } },
{ "type": "Feature", "properties": { "building": "commercial", "height": null, "building:levels": "4" }, "geometry": { "type": "Polygon", "coordinates": [ [ [ 44.808918, 41.690411 ], [ 44.80928, 41.690246 ], [ 44.809274, 41.690222 ], [ 44.809127, 41.690186 ], [ 44.808992, 41.690258 ], [ 44.80885, 41.690314 ], [ 44.808918, 41.690411 ] ] ] } },
{ "type": "Feature", "properties": { "building": "commercial", "height": null, "building:levels": "2" }, "geometry": { "type": "Polygon", "coordinates": [ [ [ 44.80804, 41.69031 ], [ 44.808358, 41.690197 ], [ 44.808475, 41.690186 ], [ 44.808585, 41.690176 ], [ 44.808581, 41.690262 ], [ 44.808572, 41.690263 ], [ 44.808573, 41.690279 ], [ 44.808516, 41.690282 ], [ 44.808514, 41.69027 ], [ 44.808436, 41.690275 ], [ 44.808434, 41.690255 ], [ 44.808325, 41.690288 ], [ 44.808251, 41.690328 ], [ 44.808115, 41.690356 ], [ 44.80811, 41.690343 ], [ 44.808008, 41.690335 ], [ 44.80804, 41.69031 ] ] ] } },
{ "type": "Feature", "properties": { "building": "house", "height": null, "building:levels": "2" }, "geometry": { "type": "Polygon", "coordinates": [ [ [ 44.808008, 41.690335 ], [ 44.807981, 41.69043 ], [ 44.808066, 41.690436 ], [ 44.808073, 41.690444 ], [ 44.808103, 41.690463 ], [ 44.808147, 41.690473 ], [ 44.808138, 41.690484 ], [ 44.808231, 41.690495 ], [ 44.808251, 41.690483 ], [ 44.808329, 41.690535 ], [ 44.808408, 41.690474 ], [ 44.808345, 41.690435 ], [ 44.808378, 41.690406 ], [ 44.80834, 41.690388 ], [ 44.808361, 41.690315 ], [ 44.808334, 41.690311 ], [ 44.808292, 41.690325 ], [ 44.80828, 41.690422 ], [ 44.808138, 41.690411 ], [ 44.808115, 41.690356 ], [ 44.80811, 41.690343 ], [ 44.808008, 41.690335 ] ] ] } },
{ "type": "Feature", "properties": { "building": "apartments", "height": null, "building:levels": null }, "geometry": { "type": "Polygon", "coordinates": [ [ [ 44.805558, 41.693545 ], [ 44.805624, 41.693475 ], [ 44.805699, 41.693371 ], [ 44.805799, 41.693397 ], [ 44.805788, 41.69342 ], [ 44.80595, 41.693472 ], [ 44.80593, 41.6935 ], [ 44.805883, 41.693577 ], [ 44.805782, 41.693531 ], [ 44.805804, 41.693494 ], [ 44.805735, 41.693469 ], [ 44.805697, 41.69353 ], [ 44.805856, 41.693619 ], [ 44.805804, 41.693706 ], [ 44.805539, 41.693566 ], [ 44.805558, 41.693545 ] ] ] } },
{ "type": "Feature", "properties": { "building": "retail", "height": null, "building:levels": "1" }, "geometry": { "type": "Polygon", "coordinates": [ [ [ 44.806699, 41.6945 ], [ 44.806841, 41.69451 ], [ 44.806801, 41.694823 ], [ 44.806884, 41.69483 ], [ 44.806875, 41.694922 ], [ 44.806779, 41.694915 ], [ 44.806648, 41.694906 ], [ 44.806699, 41.6945 ] ] ] } },
{ "type": "Feature", "properties": { "building": "apartments", "height": null, "building:levels": "2" }, "geometry": { "type": "Polygon", "coordinates": [ [ [ 44.805992, 41.694912 ], [ 44.80577, 41.694849 ], [ 44.805855, 41.69473 ], [ 44.805904, 41.694688 ], [ 44.805938, 41.694692 ], [ 44.806068, 41.69484 ], [ 44.805992, 41.694912 ] ] ] } },
{ "type": "Feature", "properties": { "building": "commercial", "height": null, "building:levels": "2" }, "geometry": { "type": "Polygon", "coordinates": [ [ [ 44.806779, 41.694915 ], [ 44.806763, 41.695143 ], [ 44.806631, 41.695138 ], [ 44.806648, 41.694906 ], [ 44.806779, 41.694915 ] ] ] } },
{ "type": "Feature", "properties": { "building": "yes", "height": null, "building:levels": null }, "geometry": { "type": "Polygon", "coordinates": [ [ [ 44.811921, 41.694853 ], [ 44.812346, 41.694962 ], [ 44.812337, 41.694983 ], [ 44.812374, 41.694992 ], [ 44.81236, 41.695025 ], [ 44.812375, 41.695028 ], [ 44.812331, 41.695124 ], [ 44.811853, 41.695001 ], [ 44.811921, 41.694853 ] ] ] } },
{ "type": "Feature", "properties": { "building": "yes", "height": null, "building:levels": null }, "geometry": { "type": "Polygon", "coordinates": [ [ [ 44.812434, 41.694457 ], [ 44.812722, 41.694434 ], [ 44.81274, 41.694388 ], [ 44.81269, 41.694388 ], [ 44.812655, 41.694303 ], [ 44.812557, 41.694319 ], [ 44.812547, 41.694321 ], [ 44.81256, 41.694371 ], [ 44.812494, 41.694381 ], [ 44.812484, 41.694358 ], [ 44.812502, 41.694356 ], [ 44.812492, 41.694327 ], [ 44.812396, 41.694342 ], [ 44.812434, 41.694457 ] ] ] } },
{ "type": "Feature", "properties": { "building": "apartments", "height": null, "building:levels": null }, "geometry": { "type": "Polygon", "coordinates": [ [ [ 44.811928, 41.694809 ], [ 44.811973, 41.694713 ], [ 44.812016, 41.694724 ], [ 44.81209, 41.694743 ], [ 44.812045, 41.694839 ], [ 44.811928, 41.694809 ] ] ] } },
{ "type": "Feature", "properties": { "building": "commercial", "height": null, "building:levels": "4" }, "geometry": { "type": "Polygon", "coordinates": [ [ [ 44.806532, 41.695227 ], [ 44.806563, 41.69522 ], [ 44.806568, 41.695158 ], [ 44.806442, 41.69518 ], [ 44.806416, 41.695036 ], [ 44.806438, 41.695033 ], [ 44.806319, 41.695011 ], [ 44.806293, 41.694995 ], [ 44.806227, 41.695008 ], [ 44.80626, 41.695248 ], [ 44.806532, 41.695227 ] ] ] } },
{ "type": "Feature", "properties": { "building": "commercial", "height": null, "building:levels": "2" }, "geometry": { "type": "Polygon", "coordinates": [ [ [ 44.806293, 41.694995 ], [ 44.806287, 41.694872 ], [ 44.806274, 41.69486 ], [ 44.806189, 41.694868 ], [ 44.80622, 41.69493 ], [ 44.806227, 41.695008 ], [ 44.806293, 41.694995 ] ] ] } },
{ "type": "Feature", "properties": { "building": "commercial", "height": null, "building:levels": "2" }, "geometry": { "type": "Polygon", "coordinates": [ [ [ 44.806481, 41.694948 ], [ 44.806593, 41.694954 ], [ 44.806602, 41.694862 ], [ 44.806312, 41.694859 ], [ 44.806319, 41.695011 ], [ 44.806438, 41.695033 ], [ 44.806422, 41.694947 ], [ 44.806481, 41.694948 ] ] ] } },
{ "type": "Feature", "properties": { "building": "government", "height": null, "building:levels": "2" }, "geometry": { "type": "Polygon", "coordinates": [ [ [ 44.805663, 41.694029 ], [ 44.805821, 41.694048 ], [ 44.805813, 41.694084 ], [ 44.805835, 41.694087 ], [ 44.805828, 41.694119 ], [ 44.805858, 41.694123 ], [ 44.805842, 41.694192 ], [ 44.805632, 41.694166 ], [ 44.805663, 41.694029 ] ] ] } },
{ "type": "Feature", "properties": { "building": "apartments", "height": null, "building:levels": "4" }, "geometry": { "type": "Polygon", "coordinates": [ [ [ 44.805813, 41.694408 ], [ 44.805736, 41.694404 ], [ 44.805654, 41.694389 ], [ 44.805583, 41.694366 ], [ 44.805626, 41.694285 ], [ 44.805669, 41.694228 ], [ 44.805697, 41.694221 ], [ 44.805766, 41.694231 ], [ 44.805805, 41.694234 ], [ 44.805822, 41.69425 ], [ 44.805823, 41.694268 ], [ 44.805804, 41.694285 ], [ 44.805813, 41.694408 ] ] ] } },
{ "type": "Feature", "properties": { "building": "apartments", "height": null, "building:levels": "2" }, "geometry": { "type": "Polygon", "coordinates": [ [ [ 44.805992, 41.694912 ], [ 44.805958, 41.695048 ], [ 44.805935, 41.695148 ], [ 44.805932, 41.695158 ], [ 44.805818, 41.695123 ], [ 44.805856, 41.695025 ], [ 44.805872, 41.694939 ], [ 44.805817, 41.694927 ], [ 44.805797, 41.694984 ], [ 44.805711, 41.694969 ], [ 44.805711, 41.694925 ], [ 44.80577, 41.694849 ], [ 44.805992, 41.694912 ] ] ] } },
{ "type": "Feature", "properties": { "building": "apartments", "height": null, "building:levels": "2" }, "geometry": { "type": "Polygon", "coordinates": [ [ [ 44.806273, 41.694405 ], [ 44.806297, 41.69435 ], [ 44.806286, 41.694323 ], [ 44.806268, 41.694305 ], [ 44.806096, 41.694262 ], [ 44.806094, 41.694272 ], [ 44.805943, 41.694242 ], [ 44.805926, 41.694244 ], [ 44.805908, 41.694252 ], [ 44.805898, 41.694268 ], [ 44.805896, 41.694365 ], [ 44.805905, 41.694378 ], [ 44.805911, 41.694412 ], [ 44.805954, 41.694411 ], [ 44.805968, 41.694396 ], [ 44.805969, 41.694384 ], [ 44.806045, 41.694399 ], [ 44.806028, 41.69445 ], [ 44.806111, 41.69447 ], [ 44.806136, 41.694403 ], [ 44.806166, 41.694408 ], [ 44.806177, 41.694378 ], [ 44.806273, 41.694405 ] ] ] } },
{ "type": "Feature", "properties": { "building": "retail", "height": null, "building:levels": "3" }, "geometry": { "type": "Polygon", "coordinates": [ [ [ 44.806595, 41.694808 ], [ 44.806596, 41.694707 ], [ 44.806487, 41.694706 ], [ 44.806485, 41.694807 ], [ 44.806595, 41.694808 ] ] ] } },
{ "type": "Feature", "properties": { "building": "house", "height": null, "building:levels": "1" }, "geometry": { "type": "Polygon", "coordinates": [ [ [ 44.805976, 41.694602 ], [ 44.806098, 41.694586 ], [ 44.806145, 41.694589 ], [ 44.806136, 41.694647 ], [ 44.806094, 41.694648 ], [ 44.806084, 41.694657 ], [ 44.806039, 41.694683 ], [ 44.80601, 41.69465 ], [ 44.805976, 41.694602 ] ] ] } },
{ "type": "Feature", "properties": { "building": "apartments", "height": null, "building:levels": "3" }, "geometry": { "type": "Polygon", "coordinates": [ [ [ 44.803696, 41.692566 ], [ 44.803678, 41.692608 ], [ 44.803653, 41.692679 ], [ 44.803383, 41.69261 ], [ 44.8034, 41.692575 ], [ 44.803454, 41.692468 ], [ 44.803596, 41.692485 ], [ 44.803575, 41.692525 ], [ 44.803696, 41.692566 ] ] ] } },
{ "type": "Feature", "properties": { "building": "retail", "height": null, "building:levels": "2" }, "geometry": { "type": "Polygon", "coordinates": [ [ [ 44.805122, 41.692958 ], [ 44.805391, 41.692833 ], [ 44.805815, 41.692616 ], [ 44.80589, 41.692555 ], [ 44.805751, 41.69248 ], [ 44.805728, 41.692468 ], [ 44.805613, 41.692573 ], [ 44.805577, 41.692612 ], [ 44.805546, 41.692598 ], [ 44.805347, 41.692692 ], [ 44.805259, 41.692732 ], [ 44.805231, 41.692765 ], [ 44.8052, 41.692809 ], [ 44.805104, 41.692944 ], [ 44.805122, 41.692958 ] ] ] } },
{ "type": "Feature", "properties": { "building": "yes", "height": null, "building:levels": null }, "geometry": { "type": "Polygon", "coordinates": [ [ [ 44.804584, 41.692225 ], [ 44.804441, 41.69233 ], [ 44.804361, 41.692258 ], [ 44.80442, 41.69218 ], [ 44.804446, 41.69218 ], [ 44.80445, 41.692176 ], [ 44.804584, 41.692225 ] ] ] } },
{ "type": "Feature", "properties": { "building": "apartments", "height": null, "building:levels": "3" }, "geometry": { "type": "Polygon", "coordinates": [ [ [ 44.802078, 41.69258 ], [ 44.802279, 41.692587 ], [ 44.802288, 41.692617 ], [ 44.802416, 41.692627 ], [ 44.802423, 41.692674 ], [ 44.80239, 41.69267 ], [ 44.802383, 41.6927 ], [ 44.802352, 41.6927 ], [ 44.80225, 41.692699 ], [ 44.802079, 41.692666 ], [ 44.802078, 41.692655 ], [ 44.802078, 41.69258 ] ] ] } },
{ "type": "Feature", "properties": { "building": "apartments", "height": null, "building:levels": "2" }, "geometry": { "type": "Polygon", "coordinates": [ [ [ 44.803458, 41.692104 ], [ 44.803466, 41.692079 ], [ 44.803573, 41.692138 ], [ 44.803689, 41.691957 ], [ 44.803532, 41.691905 ], [ 44.803469, 41.692009 ], [ 44.803361, 41.691971 ], [ 44.803374, 41.691947 ], [ 44.803247, 41.691907 ], [ 44.803235, 41.691994 ], [ 44.803307, 41.692017 ], [ 44.803297, 41.692036 ], [ 44.80341, 41.692087 ], [ 44.803458, 41.692104 ] ] ] } },
{ "type": "Feature", "properties": { "building": "yes", "height": null, "building:levels": "2" }, "geometry": { "type": "Polygon", "coordinates": [ [ [ 44.803969, 41.691946 ], [ 44.804015, 41.691959 ], [ 44.804034, 41.691942 ], [ 44.804108, 41.692004 ], [ 44.804125, 41.691992 ], [ 44.804144, 41.692035 ], [ 44.804235, 41.691992 ], [ 44.80416, 41.691898 ], [ 44.804085, 41.691918 ], [ 44.804032, 41.691897 ], [ 44.803979, 41.691877 ], [ 44.803949, 41.691927 ], [ 44.803969, 41.691946 ] ] ] } },
{ "type": "Feature", "properties": { "building": "yes", "height": null, "building:levels": "2" }, "geometry": { "type": "Polygon", "coordinates": [ [ [ 44.802562, 41.695259 ], [ 44.802471, 41.69484 ], [ 44.802754, 41.694798 ], [ 44.802759, 41.694829 ], [ 44.802775, 41.694918 ], [ 44.802727, 41.694925 ], [ 44.802742, 41.694973 ], [ 44.802705, 41.694976 ], [ 44.802729, 41.6951 ], [ 44.802734, 41.69513 ], [ 44.802678, 41.695136 ], [ 44.802689, 41.6952 ], [ 44.802701, 41.695267 ], [ 44.802562, 41.695259 ] ] ] } },
{ "type": "Feature", "properties": { "building": "apartments", "height": null, "building:levels": null }, "geometry": { "type": "Polygon", "coordinates": [ [ [ 44.804598, 41.692434 ], [ 44.804654, 41.692494 ], [ 44.804801, 41.692692 ], [ 44.804893, 41.692623 ], [ 44.804836, 41.692561 ], [ 44.804852, 41.692554 ], [ 44.804886, 41.692586 ], [ 44.804929, 41.692572 ], [ 44.804933, 41.692381 ], [ 44.804842, 41.692372 ], [ 44.804838, 41.692381 ], [ 44.804799, 41.692391 ], [ 44.804828, 41.692531 ], [ 44.804813, 41.692534 ], [ 44.804703, 41.692374 ], [ 44.804675, 41.692396 ], [ 44.80466, 41.692389 ], [ 44.804641, 41.692403 ], [ 44.804598, 41.692434 ] ] ] } },
{ "type": "Feature", "properties": { "building": "residential", "height": null, "building:levels": "2" }, "geometry": { "type": "Polygon", "coordinates": [ [ [ 44.799986, 41.690518 ], [ 44.800559, 41.69053 ], [ 44.800555, 41.690651 ], [ 44.800552, 41.690794 ], [ 44.800544, 41.690794 ], [ 44.800432, 41.690791 ], [ 44.800441, 41.690606 ], [ 44.800207, 41.690602 ], [ 44.800202, 41.690781 ], [ 44.79997, 41.690771 ], [ 44.799986, 41.690518 ] ] ] } },
{ "type": "Feature", "properties": { "building": "commercial", "height": null, "building:levels": "3" }, "geometry": { "type": "Polygon", "coordinates": [ [ [ 44.80454, 41.69377 ], [ 44.804609, 41.693651 ], [ 44.804627, 41.693662 ], [ 44.804639, 41.693627 ], [ 44.804683, 41.693635 ], [ 44.804701, 41.693593 ], [ 44.804757, 41.693607 ], [ 44.804721, 41.693672 ], [ 44.804744, 41.693681 ], [ 44.804693, 41.693817 ], [ 44.80465, 41.69383 ], [ 44.80461, 41.693822 ], [ 44.804555, 41.693808 ], [ 44.804561, 41.693789 ], [ 44.80454, 41.69377 ] ] ] } },
{ "type": "Feature", "properties": { "building": "apartments", "height": null, "building:levels": "5" }, "geometry": { "type": "Polygon", "coordinates": [ [ [ 44.805013, 41.693531 ], [ 44.805087, 41.693496 ], [ 44.805131, 41.69356 ], [ 44.805078, 41.693581 ], [ 44.805079, 41.693595 ], [ 44.805186, 41.693633 ], [ 44.8052, 41.69366 ], [ 44.805189, 41.693712 ], [ 44.804956, 41.693648 ], [ 44.804962, 41.693633 ], [ 44.804946, 41.693628 ], [ 44.80498, 41.69356 ], [ 44.805003, 41.693567 ], [ 44.805013, 41.693531 ] ] ] } },
{ "type": "Feature", "properties": { "building": "commercial", "height": null, "building:levels": "3" }, "geometry": { "type": "Polygon", "coordinates": [ [ [ 44.802398, 41.693048 ], [ 44.802836, 41.693151 ], [ 44.8028, 41.693242 ], [ 44.802791, 41.693266 ], [ 44.802365, 41.69316 ], [ 44.802398, 41.693048 ] ] ] } },
{ "type": "Feature", "properties": { "building": "commercial", "height": null, "building:levels": "2" }, "geometry": { "type": "Polygon", "coordinates": [ [ [ 44.80319, 41.693415 ], [ 44.803197, 41.693325 ], [ 44.803202, 41.693303 ], [ 44.803229, 41.693293 ], [ 44.803245, 41.693296 ], [ 44.803482, 41.693382 ], [ 44.803457, 41.693437 ], [ 44.803396, 41.693543 ], [ 44.80319, 41.693415 ] ] ] } },
{ "type": "Feature", "properties": { "building": "yes", "height": null, "building:levels": "4" }, "geometry": { "type": "Polygon", "coordinates": [ [ [ 44.802568, 41.694574 ], [ 44.802647, 41.69458 ], [ 44.802649, 41.694524 ], [ 44.802674, 41.694523 ], [ 44.80267, 41.694467 ], [ 44.802707, 41.694465 ], [ 44.802683, 41.694349 ], [ 44.802701, 41.694345 ], [ 44.802693, 41.69432 ], [ 44.802634, 41.694329 ], [ 44.802616, 41.694244 ], [ 44.80236, 41.694272 ], [ 44.802386, 41.694383 ], [ 44.802547, 41.694366 ], [ 44.802568, 41.694574 ] ] ] } },
{ "type": "Feature", "properties": { "building": "yes", "height": null, "building:levels": null }, "geometry": { "type": "Polygon", "coordinates": [ [ [ 44.80236, 41.694272 ], [ 44.802322, 41.694081 ], [ 44.802563, 41.694056 ], [ 44.80259, 41.694053 ], [ 44.802619, 41.694196 ], [ 44.802696, 41.6942 ], [ 44.802678, 41.693973 ], [ 44.802648, 41.693975 ], [ 44.802639, 41.69394 ], [ 44.802779, 41.693917 ], [ 44.802823, 41.694098 ], [ 44.802903, 41.694086 ], [ 44.802905, 41.694124 ], [ 44.80291, 41.694192 ], [ 44.802913, 41.694249 ], [ 44.802898, 41.694246 ], [ 44.802808, 41.694238 ], [ 44.802805, 41.694281 ], [ 44.802797, 41.69428 ], [ 44.802792, 41.69432 ], [ 44.802676, 41.694302 ], [ 44.802687, 41.694256 ], [ 44.802616, 41.694244 ], [ 44.80236, 41.694272 ] ] ] } },
{ "type": "Feature", "properties": { "building": "yes", "height": null, "building:levels": "5" }, "geometry": { "type": "Polygon", "coordinates": [ [ [ 44.802326, 41.69391 ], [ 44.802485, 41.693893 ], [ 44.802447, 41.693704 ], [ 44.80247, 41.693701 ], [ 44.80244, 41.693553 ], [ 44.80226, 41.693573 ], [ 44.802265, 41.693601 ], [ 44.802326, 41.69391 ] ] ] } },
{ "type": "Feature", "properties": { "building": "apartments", "height": null, "building:levels": "2" }, "geometry": { "type": "Polygon", "coordinates": [ [ [ 44.803287, 41.694916 ], [ 44.803353, 41.694927 ], [ 44.803404, 41.694935 ], [ 44.803634, 41.694987 ], [ 44.80363, 41.694991 ], [ 44.803578, 41.695052 ], [ 44.803537, 41.695044 ], [ 44.803504, 41.695118 ], [ 44.803467, 41.695109 ], [ 44.803234, 41.695058 ], [ 44.80326, 41.694988 ], [ 44.803287, 41.694916 ] ] ] } },
{ "type": "Feature", "properties": { "building": "retail", "height": null, "building:levels": "2" }, "geometry": { "type": "Polygon", "coordinates": [ [ [ 44.804135, 41.6933 ], [ 44.804325, 41.693189 ], [ 44.804438, 41.693291 ], [ 44.804471, 41.693273 ], [ 44.804761, 41.693118 ], [ 44.804772, 41.693121 ], [ 44.804986, 41.692985 ], [ 44.80504, 41.69303 ], [ 44.804828, 41.693162 ], [ 44.804846, 41.693186 ], [ 44.804583, 41.693346 ], [ 44.80451, 41.693357 ], [ 44.804478, 41.693362 ], [ 44.804449, 41.693344 ], [ 44.804363, 41.693378 ], [ 44.804252, 41.693368 ], [ 44.804162, 41.693325 ], [ 44.804135, 41.6933 ] ] ] } },
{ "type": "Feature", "properties": { "building": "apartments", "height": null, "building:levels": "3" }, "geometry": { "type": "Polygon", "coordinates": [ [ [ 44.803251, 41.694517 ], [ 44.803179, 41.694519 ], [ 44.803134, 41.694196 ], [ 44.8033, 41.694198 ], [ 44.803321, 41.694409 ], [ 44.8033, 41.694416 ], [ 44.803251, 41.694517 ] ] ] } },
{ "type": "Feature", "properties": { "building": "apartments", "height": null, "building:levels": "2" }, "geometry": { "type": "Polygon", "coordinates": [ [ [ 44.803303, 41.693945 ], [ 44.803358, 41.693953 ], [ 44.803356, 41.693975 ], [ 44.803352, 41.694018 ], [ 44.803269, 41.694012 ], [ 44.803271, 41.693984 ], [ 44.803239, 41.693984 ], [ 44.803244, 41.694121 ], [ 44.803353, 41.694122 ], [ 44.803355, 41.694195 ], [ 44.8033, 41.694198 ], [ 44.803134, 41.694196 ], [ 44.803126, 41.694195 ], [ 44.803113, 41.694118 ], [ 44.803109, 41.694007 ], [ 44.803106, 41.693934 ], [ 44.803174, 41.693935 ], [ 44.803303, 41.693945 ] ] ] } },
{ "type": "Feature", "properties": { "building": "yes", "height": null, "building:levels": null }, "geometry": { "type": "Polygon", "coordinates": [ [ [ 44.807219, 41.689405 ], [ 44.80731, 41.689423 ], [ 44.807317, 41.689408 ], [ 44.807357, 41.689327 ], [ 44.807353, 41.68932 ], [ 44.807249, 41.689302 ], [ 44.807219, 41.689405 ] ] ] } },
{ "type": "Feature", "properties": { "building": "apartments", "height": null, "building:levels": null }, "geometry": { "type": "Polygon", "coordinates": [ [ [ 44.807134, 41.689288 ], [ 44.807172, 41.689394 ], [ 44.807219, 41.689405 ], [ 44.807249, 41.689302 ], [ 44.807134, 41.689288 ] ] ] } },
{ "type": "Feature", "properties": { "building": "hotel", "height": null, "building:levels": "3" }, "geometry": { "type": "Polygon", "coordinates": [ [ [ 44.806258, 41.690088 ], [ 44.806377, 41.689953 ], [ 44.806239, 41.689907 ], [ 44.80609, 41.689871 ], [ 44.806051, 41.689862 ], [ 44.806036, 41.689939 ], [ 44.806028, 41.689975 ], [ 44.80607, 41.689982 ], [ 44.806055, 41.690032 ], [ 44.806117, 41.690045 ], [ 44.806136, 41.68998 ], [ 44.806202, 41.689994 ], [ 44.806153, 41.690057 ], [ 44.806258, 41.690088 ] ] ] } },
{ "type": "Feature", "properties": { "building": "apartments", "height": null, "building:levels": "3" }, "geometry": { "type": "Polygon", "coordinates": [ [ [ 44.800855, 41.690655 ], [ 44.800801, 41.690654 ], [ 44.800754, 41.690652 ], [ 44.800753, 41.69066 ], [ 44.800751, 41.690723 ], [ 44.800987, 41.690734 ], [ 44.800986, 41.690758 ], [ 44.800981, 41.690872 ], [ 44.800862, 41.690869 ], [ 44.800863, 41.690844 ], [ 44.800772, 41.690843 ], [ 44.80077, 41.690939 ], [ 44.801008, 41.690943 ], [ 44.801179, 41.690948 ], [ 44.801187, 41.690827 ], [ 44.801192, 41.690762 ], [ 44.801197, 41.690673 ], [ 44.800855, 41.690661 ], [ 44.800855, 41.690655 ] ] ] } },
{ "type": "Feature", "properties": { "building": "apartments", "height": null, "building:levels": "3" }, "geometry": { "type": "Polygon", "coordinates": [ [ [ 44.800325, 41.691142 ], [ 44.800528, 41.691154 ], [ 44.800534, 41.691046 ], [ 44.800534, 41.691007 ], [ 44.800421, 41.691003 ], [ 44.800435, 41.690885 ], [ 44.800342, 41.69088 ], [ 44.800335, 41.690978 ], [ 44.800325, 41.691142 ] ] ] } },
{ "type": "Feature", "properties": { "building": "commercial", "height": null, "building:levels": "2" }, "geometry": { "type": "Polygon", "coordinates": [ [ [ 44.803131, 41.693804 ], [ 44.803128, 41.693719 ], [ 44.803376, 41.69377 ], [ 44.803342, 41.693824 ], [ 44.80331, 41.693876 ], [ 44.803211, 41.693866 ], [ 44.803224, 41.693828 ], [ 44.803131, 41.693804 ] ] ] } },
{ "type": "Feature", "properties": { "building": "commercial", "height": null, "building:levels": "2" }, "geometry": { "type": "Polygon", "coordinates": [ [ [ 44.803128, 41.693719 ], [ 44.803137, 41.693642 ], [ 44.803325, 41.693685 ], [ 44.803407, 41.69371 ], [ 44.803376, 41.69377 ], [ 44.803128, 41.693719 ] ] ] } },
{ "type": "Feature", "properties": { "building": "apartments", "height": null, "building:levels": "2" }, "geometry": { "type": "Polygon", "coordinates": [ [ [ 44.811289, 41.688372 ], [ 44.811278, 41.68831 ], [ 44.811406, 41.688253 ], [ 44.811475, 41.688353 ], [ 44.811417, 41.688362 ], [ 44.811397, 41.688335 ], [ 44.811355, 41.68835 ], [ 44.811372, 41.688377 ], [ 44.811345, 41.688381 ], [ 44.811289, 41.688372 ] ] ] } },
{ "type": "Feature", "properties": { "building": "apartments", "height": null, "building:levels": "2" }, "geometry": { "type": "Polygon", "coordinates": [ [ [ 44.811408, 41.688252 ], [ 44.811567, 41.688186 ], [ 44.81165, 41.688301 ], [ 44.811495, 41.68837 ], [ 44.811408, 41.688252 ] ] ] } },
{ "type": "Feature", "properties": { "building": "apartments", "height": null, "building:levels": null }, "geometry": { "type": "Polygon", "coordinates": [ [ [ 44.811696, 41.688111 ], [ 44.811859, 41.688023 ], [ 44.811939, 41.688104 ], [ 44.811864, 41.688145 ], [ 44.811844, 41.688124 ], [ 44.811755, 41.688172 ], [ 44.811696, 41.688111 ] ] ] } },
{ "type": "Feature", "properties": { "building": "detached", "height": null, "building:levels": null }, "geometry": { "type": "Polygon", "coordinates": [ [ [ 44.811982, 41.687964 ], [ 44.812126, 41.687887 ], [ 44.812134, 41.687895 ], [ 44.812187, 41.687949 ], [ 44.812193, 41.687956 ], [ 44.812109, 41.688001 ], [ 44.812091, 41.687983 ], [ 44.812032, 41.688015 ], [ 44.811982, 41.687964 ] ] ] } },
{ "type": "Feature", "properties": { "building": "apartments", "height": null, "building:levels": "2" }, "geometry": { "type": "Polygon", "coordinates": [ [ [ 44.811697, 41.688126 ], [ 44.811736, 41.688178 ], [ 44.811759, 41.688211 ], [ 44.811719, 41.688231 ], [ 44.81174, 41.688266 ], [ 44.81165, 41.688301 ], [ 44.811567, 41.688186 ], [ 44.811697, 41.688126 ] ] ] } },
{ "type": "Feature", "properties": { "building": "yes", "height": null, "building:levels": "2" }, "geometry": { "type": "Polygon", "coordinates": [ [ [ 44.811842, 41.687902 ], [ 44.812058, 41.687793 ], [ 44.811969, 41.687694 ], [ 44.811915, 41.687721 ], [ 44.811752, 41.687803 ], [ 44.811842, 41.687902 ] ] ] } },
{ "type": "Feature", "properties": { "building": "yes", "height": null, "building:levels": null }, "geometry": { "type": "Polygon", "coordinates": [ [ [ 44.811993, 41.688246 ], [ 44.811931, 41.688156 ], [ 44.812216, 41.688043 ], [ 44.812238, 41.688138 ], [ 44.81223, 41.688174 ], [ 44.812176, 41.688166 ], [ 44.81217, 41.688144 ], [ 44.812031, 41.6882 ], [ 44.812033, 41.688232 ], [ 44.811993, 41.688246 ] ] ] } },
{ "type": "Feature", "properties": { "building": "yes", "height": null, "building:levels": null }, "geometry": { "type": "Polygon", "coordinates": [ [ [ 44.81174, 41.688339 ], [ 44.811937, 41.688358 ], [ 44.811913, 41.68819 ], [ 44.811864, 41.688145 ], [ 44.811844, 41.688124 ], [ 44.811755, 41.688172 ], [ 44.811736, 41.688178 ], [ 44.811759, 41.688211 ], [ 44.811719, 41.688231 ], [ 44.81174, 41.688266 ], [ 44.81174, 41.688339 ] ] ] } },
{ "type": "Feature", "properties": { "building": "yes", "height": null, "building:levels": null }, "geometry": { "type": "Polygon", "coordinates": [ [ [ 44.811968, 41.688384 ], [ 44.811962, 41.688289 ], [ 44.812196, 41.688321 ], [ 44.812181, 41.688384 ], [ 44.812173, 41.688407 ], [ 44.811968, 41.688384 ] ] ] } },
{ "type": "Feature", "properties": { "building": "yes", "height": null, "building:levels": null }, "geometry": { "type": "Polygon", "coordinates": [ [ [ 44.812187, 41.687949 ], [ 44.812335, 41.687869 ], [ 44.812283, 41.687815 ], [ 44.812134, 41.687895 ], [ 44.812187, 41.687949 ] ] ] } },
{ "type": "Feature", "properties": { "building": "apartments", "height": null, "building:levels": null }, "geometry": { "type": "Polygon", "coordinates": [ [ [ 44.812536, 41.687719 ], [ 44.81256, 41.687779 ], [ 44.812537, 41.687784 ], [ 44.812539, 41.687805 ], [ 44.812516, 41.687808 ], [ 44.812519, 41.687853 ], [ 44.812423, 41.687865 ], [ 44.812345, 41.687742 ], [ 44.812436, 41.687698 ], [ 44.812471, 41.687744 ], [ 44.812536, 41.687719 ] ] ] } },
{ "type": "Feature", "properties": { "building": "yes", "height": null, "building:levels": null }, "geometry": { "type": "Polygon", "coordinates": [ [ [ 44.81235, 41.688071 ], [ 44.812358, 41.688007 ], [ 44.812498, 41.688017 ], [ 44.812485, 41.688114 ], [ 44.812366, 41.688105 ], [ 44.812371, 41.688072 ], [ 44.81235, 41.688071 ] ] ] } },
{ "type": "Feature", "properties": { "building": "detached", "height": null, "building:levels": "4" }, "geometry": { "type": "Polygon", "coordinates": [ [ [ 44.809767, 41.687043 ], [ 44.809767, 41.687028 ], [ 44.809751, 41.687024 ], [ 44.809723, 41.686907 ], [ 44.80972, 41.686891 ], [ 44.809843, 41.68688 ], [ 44.809851, 41.686909 ], [ 44.809888, 41.687013 ], [ 44.809872, 41.687018 ], [ 44.809897, 41.687045 ], [ 44.809859, 41.68707 ], [ 44.809867, 41.687083 ], [ 44.80984, 41.687095 ], [ 44.809825, 41.687089 ], [ 44.809809, 41.687103 ], [ 44.809761, 41.687073 ], [ 44.809773, 41.687061 ], [ 44.809767, 41.687043 ] ] ] } },
{ "type": "Feature", "properties": { "building": "hotel", "height": null, "building:levels": "4" }, "geometry": { "type": "Polygon", "coordinates": [ [ [ 44.806624, 41.691899 ], [ 44.806624, 41.691858 ], [ 44.806623, 41.691744 ], [ 44.806707, 41.691456 ], [ 44.806759, 41.691461 ], [ 44.806984, 41.691572 ], [ 44.806765, 41.691913 ], [ 44.806681, 41.69192 ], [ 44.806624, 41.691899 ] ] ] } },
{ "type": "Feature", "properties": { "building": "church", "height": null, "building:levels": null }, "geometry": { "type": "Polygon", "coordinates": [ [ [ 44.808807, 41.689272 ], [ 44.808743, 41.689145 ], [ 44.808883, 41.689105 ], [ 44.808967, 41.689082 ], [ 44.809031, 41.689209 ], [ 44.808807, 41.689272 ] ] ] } },
{ "type": "Feature", "properties": { "building": "yes", "height": null, "building:levels": "8" }, "geometry": { "type": "Polygon", "coordinates": [ [ [ 44.800294, 41.689569 ], [ 44.800483, 41.689573 ], [ 44.800515, 41.689574 ], [ 44.800515, 41.689522 ], [ 44.800493, 41.689506 ], [ 44.800498, 41.689375 ], [ 44.800301, 41.689372 ], [ 44.800297, 41.689404 ], [ 44.800294, 41.689569 ] ] ] } },
{ "type": "Feature", "properties": { "building": "apartments", "height": null, "building:levels": null }, "geometry": { "type": "Polygon", "coordinates": [ [ [ 44.801527, 41.691881 ], [ 44.801762, 41.691908 ], [ 44.801941, 41.69192 ], [ 44.801957, 41.691666 ], [ 44.801711, 41.691659 ], [ 44.801667, 41.69166 ], [ 44.801664, 41.691687 ], [ 44.801719, 41.691691 ], [ 44.80172, 41.691837 ], [ 44.801595, 41.691828 ], [ 44.801559, 41.691824 ], [ 44.801527, 41.691881 ] ] ] } },
{ "type": "Feature", "properties": { "building": "apartments", "height": null, "building:levels": "2" }, "geometry": { "type": "Polygon", "coordinates": [ [ [ 44.802404, 41.691032 ], [ 44.802365, 41.691243 ], [ 44.802156, 41.691225 ], [ 44.802169, 41.691087 ], [ 44.802171, 41.691069 ], [ 44.802172, 41.691057 ], [ 44.802274, 41.691063 ], [ 44.802273, 41.691118 ], [ 44.802296, 41.691119 ], [ 44.802302, 41.691065 ], [ 44.802335, 41.691067 ], [ 44.802339, 41.69103 ], [ 44.802404, 41.691032 ] ] ] } },
{ "type": "Feature", "properties": { "building": "school", "height": null, "building:levels": "4" }, "geometry": { "type": "Polygon", "coordinates": [ [ [ 44.802424, 41.689411 ], [ 44.802033, 41.689397 ], [ 44.802029, 41.689459 ], [ 44.801964, 41.689456 ], [ 44.801983, 41.689147 ], [ 44.801762, 41.68914 ], [ 44.801752, 41.689298 ], [ 44.80181, 41.6893 ], [ 44.801798, 41.689487 ], [ 44.801775, 41.689486 ], [ 44.801774, 41.689502 ], [ 44.80177, 41.689565 ], [ 44.802094, 41.689576 ], [ 44.802092, 41.689611 ], [ 44.802188, 41.689615 ], [ 44.802185, 41.689638 ], [ 44.802208, 41.689639 ], [ 44.802234, 41.689641 ], [ 44.802238, 41.689616 ], [ 44.80232, 41.689619 ], [ 44.802321, 41.689603 ], [ 44.802322, 41.689587 ], [ 44.802412, 41.68959 ], [ 44.802424, 41.689411 ] ] ] } },
{ "type": "Feature", "properties": { "building": "retail", "height": null, "building:levels": null }, "geometry": { "type": "Polygon", "coordinates": [ [ [ 44.808519, 41.689191 ], [ 44.808682, 41.689358 ], [ 44.808743, 41.689414 ], [ 44.808819, 41.689485 ], [ 44.808806, 41.68949 ], [ 44.808923, 41.689598 ], [ 44.809013, 41.689535 ], [ 44.808971, 41.689503 ], [ 44.8089, 41.689433 ], [ 44.808822, 41.689363 ], [ 44.808763, 41.689309 ], [ 44.8086, 41.689158 ], [ 44.80894, 41.689065 ], [ 44.808947, 41.689074 ], [ 44.808969, 41.689072 ], [ 44.809079, 41.689269 ], [ 44.809144, 41.689247 ], [ 44.80904, 41.689112 ], [ 44.808996, 41.68901 ], [ 44.808939, 41.689025 ], [ 44.808925, 41.689028 ], [ 44.808911, 41.688995 ], [ 44.808875, 41.689006 ], [ 44.808717, 41.689006 ], [ 44.808659, 41.68901 ], [ 44.808448, 41.689073 ], [ 44.808508, 41.689174 ], [ 44.808519, 41.689191 ] ] ] } },
{ "type": "Feature", "properties": { "building": "roof", "height": "20", "building:levels": null }, "geometry": { "type": "Polygon", "coordinates": [ [ [ 44.807593, 41.692931 ], [ 44.807641, 41.692914 ], [ 44.807851, 41.692884 ], [ 44.807916, 41.692892 ], [ 44.808078, 41.692913 ], [ 44.808168, 41.69292 ], [ 44.808259, 41.692928 ], [ 44.808473, 41.692925 ], [ 44.80864, 41.692911 ], [ 44.808733, 41.692917 ], [ 44.808811, 41.692936 ], [ 44.808903, 41.692963 ], [ 44.808945, 41.692987 ], [ 44.808953, 41.693007 ], [ 44.808946, 41.693024 ], [ 44.808919, 41.693036 ], [ 44.808895, 41.693047 ], [ 44.808778, 41.693074 ], [ 44.808696, 41.693081 ], [ 44.808654, 41.69308 ], [ 44.808616, 41.693075 ], [ 44.808433, 41.693047 ], [ 44.808223, 41.693037 ], [ 44.808066, 41.693039 ], [ 44.808002, 41.693044 ], [ 44.807882, 41.693055 ], [ 44.807777, 41.693047 ], [ 44.807667, 41.693019 ], [ 44.807594, 41.692991 ], [ 44.807569, 41.692959 ], [ 44.807576, 41.692944 ], [ 44.807593, 41.692931 ] ] ] } },
{ "type": "Feature", "properties": { "building": "apartments", "height": null, "building:levels": "2" }, "geometry": { "type": "Polygon", "coordinates": [ [ [ 44.805498, 41.691573 ], [ 44.805481, 41.691625 ], [ 44.80557, 41.69164 ], [ 44.80554, 41.691735 ], [ 44.805608, 41.691747 ], [ 44.805616, 41.691719 ], [ 44.80565, 41.691725 ], [ 44.805668, 41.69163 ], [ 44.805651, 41.69151 ], [ 44.80553, 41.691511 ], [ 44.805518, 41.691572 ], [ 44.805498, 41.691573 ] ] ] } },
{ "type": "Feature", "properties": { "building": "yes", "height": null, "building:levels": null }, "geometry": { "type": "Polygon", "coordinates": [ [ [ 44.807634, 41.688987 ], [ 44.807691, 41.689105 ], [ 44.807731, 41.689229 ], [ 44.807765, 41.689217 ], [ 44.8078, 41.689199 ], [ 44.807833, 41.68918 ], [ 44.807847, 41.689162 ], [ 44.807851, 41.689145 ], [ 44.807847, 41.689123 ], [ 44.807748, 41.689142 ], [ 44.807735, 41.689107 ], [ 44.807838, 41.689086 ], [ 44.807748, 41.688967 ], [ 44.807634, 41.688987 ] ] ] } },
{ "type": "Feature", "properties": { "building": "bath", "height": null, "building:levels": null }, "geometry": { "type": "Polygon", "coordinates": [ [ [ 44.810788, 41.687619 ], [ 44.81079, 41.687615 ], [ 44.810918, 41.687324 ], [ 44.810908, 41.687314 ], [ 44.810933, 41.68725 ], [ 44.810913, 41.687231 ], [ 44.810908, 41.687208 ], [ 44.810899, 41.687194 ], [ 44.810885, 41.687182 ], [ 44.81087, 41.687179 ], [ 44.810856, 41.68718 ], [ 44.810788, 41.687145 ], [ 44.810767, 41.687173 ], [ 44.810743, 41.687166 ], [ 44.810718, 41.687206 ], [ 44.810707, 41.687224 ], [ 44.810718, 41.687263 ], [ 44.810715, 41.687303 ], [ 44.81071, 41.687368 ], [ 44.810655, 41.68754 ], [ 44.810664, 41.68759 ], [ 44.810726, 41.687605 ], [ 44.810788, 41.687619 ] ] ] } },
{ "type": "Feature", "properties": { "building": "yes", "height": null, "building:levels": null }, "geometry": { "type": "Polygon", "coordinates": [ [ [ 44.811094, 41.687497 ], [ 44.810994, 41.687495 ], [ 44.810995, 41.687543 ], [ 44.811002, 41.687581 ], [ 44.810984, 41.687583 ], [ 44.810973, 41.687587 ], [ 44.810967, 41.687593 ], [ 44.810966, 41.687604 ], [ 44.81097, 41.687613 ], [ 44.810978, 41.687619 ], [ 44.810991, 41.687621 ], [ 44.811008, 41.687621 ], [ 44.811013, 41.687642 ], [ 44.811026, 41.687731 ], [ 44.811037, 41.687769 ], [ 44.811082, 41.687765 ], [ 44.811254, 41.687734 ], [ 44.811175, 41.687573 ], [ 44.811149, 41.687573 ], [ 44.811141, 41.687527 ], [ 44.811119, 41.687526 ], [ 44.811119, 41.687497 ], [ 44.811094, 41.687497 ] ] ] } },
{ "type": "Feature", "properties": { "building": "yes", "height": null, "building:levels": null }, "geometry": { "type": "Polygon", "coordinates": [ [ [ 44.810899, 41.68795 ], [ 44.81102, 41.687937 ], [ 44.811061, 41.687931 ], [ 44.811072, 41.687903 ], [ 44.811104, 41.6879 ], [ 44.811082, 41.687765 ], [ 44.811037, 41.687769 ], [ 44.811026, 41.687731 ], [ 44.810934, 41.687728 ], [ 44.810886, 41.687727 ], [ 44.810899, 41.68795 ] ] ] } },
{ "type": "Feature", "properties": { "building": "yes", "height": null, "building:levels": null }, "geometry": { "type": "Polygon", "coordinates": [ [ [ 44.811013, 41.687642 ], [ 44.811026, 41.687731 ], [ 44.810934, 41.687728 ], [ 44.810934, 41.687696 ], [ 44.810924, 41.687695 ], [ 44.810925, 41.687642 ], [ 44.811013, 41.687642 ] ] ] } },
{ "type": "Feature", "properties": { "building": "detached", "height": null, "building:levels": "3" }, "geometry": { "type": "Polygon", "coordinates": [ [ [ 44.810324, 41.68821 ], [ 44.810305, 41.688094 ], [ 44.810298, 41.688095 ], [ 44.810161, 41.688107 ], [ 44.810185, 41.688258 ], [ 44.810313, 41.688247 ], [ 44.810307, 41.688212 ], [ 44.810324, 41.68821 ] ] ] } },
{ "type": "Feature", "properties": { "building": "yes", "height": null, "building:levels": "2" }, "geometry": { "type": "Polygon", "coordinates": [ [ [ 44.810533, 41.687709 ], [ 44.810657, 41.687701 ], [ 44.810653, 41.68765 ], [ 44.810673, 41.687637 ], [ 44.810672, 41.6876 ], [ 44.810545, 41.687599 ], [ 44.810533, 41.687709 ] ] ] } },
{ "type": "Feature", "properties": { "building": "hotel", "height": null, "building:levels": null }, "geometry": { "type": "Polygon", "coordinates": [ [ [ 44.810538, 41.687447 ], [ 44.810556, 41.687405 ], [ 44.810548, 41.687402 ], [ 44.810558, 41.687286 ], [ 44.810565, 41.687287 ], [ 44.810673, 41.687292 ], [ 44.810696, 41.687292 ], [ 44.810687, 41.687363 ], [ 44.810698, 41.687366 ], [ 44.810679, 41.687433 ], [ 44.810653, 41.687434 ], [ 44.810603, 41.687436 ], [ 44.810577, 41.68746 ], [ 44.810538, 41.687447 ] ] ] } },
{ "type": "Feature", "properties": { "building": "hotel", "height": null, "building:levels": null }, "geometry": { "type": "Polygon", "coordinates": [ [ [ 44.810718, 41.687206 ], [ 44.810743, 41.687166 ], [ 44.810754, 41.687148 ], [ 44.81067, 41.687101 ], [ 44.810662, 41.687106 ], [ 44.810586, 41.687075 ], [ 44.810578, 41.687083 ], [ 44.810568, 41.687144 ], [ 44.810641, 41.687166 ], [ 44.810689, 41.687198 ], [ 44.810718, 41.687206 ] ] ] } },
{ "type": "Feature", "properties": { "building": "mosque", "height": "6", "building:levels": "1" }, "geometry": { "type": "Polygon", "coordinates": [ [ [ 44.810021, 41.687115 ], [ 44.810018, 41.68712 ], [ 44.810048, 41.687277 ], [ 44.81009, 41.687273 ], [ 44.810095, 41.687298 ], [ 44.810129, 41.687314 ], [ 44.810169, 41.687315 ], [ 44.810177, 41.687345 ], [ 44.810247, 41.687339 ], [ 44.810254, 41.687338 ], [ 44.810294, 41.687334 ], [ 44.810286, 41.687293 ], [ 44.810252, 41.687101 ], [ 44.81019, 41.687107 ], [ 44.81019, 41.687053 ], [ 44.810141, 41.687044 ], [ 44.810061, 41.687047 ], [ 44.810065, 41.687055 ], [ 44.809998, 41.687077 ], [ 44.809894, 41.687112 ], [ 44.809924, 41.687148 ], [ 44.809978, 41.687211 ], [ 44.810007, 41.687196 ], [ 44.809956, 41.687137 ], [ 44.810021, 41.687115 ] ] ] } },
{ "type": "Feature", "properties": { "building": "detached", "height": null, "building:levels": null }, "geometry": { "type": "Polygon", "coordinates": [ [ [ 44.810306, 41.687642 ], [ 44.810284, 41.687578 ], [ 44.810388, 41.687559 ], [ 44.810393, 41.68756 ], [ 44.810417, 41.687618 ], [ 44.8104, 41.687622 ], [ 44.810306, 41.687642 ] ] ] } },
{ "type": "Feature", "properties": { "building": "yes", "height": null, "building:levels": "2.5" }, "geometry": { "type": "Polygon", "coordinates": [ [ [ 44.810413, 41.687852 ], [ 44.810364, 41.687852 ], [ 44.810365, 41.687802 ], [ 44.810363, 41.687751 ], [ 44.810428, 41.687742 ], [ 44.810432, 41.687802 ], [ 44.810451, 41.687803 ], [ 44.810449, 41.687818 ], [ 44.810462, 41.68782 ], [ 44.810468, 41.687797 ], [ 44.810513, 41.687805 ], [ 44.810509, 41.687829 ], [ 44.810535, 41.687831 ], [ 44.810545, 41.687769 ], [ 44.81057, 41.687773 ], [ 44.810568, 41.687782 ], [ 44.810644, 41.687791 ], [ 44.810622, 41.687897 ], [ 44.810571, 41.687891 ], [ 44.810502, 41.687882 ], [ 44.810505, 41.687868 ], [ 44.810413, 41.687852 ] ] ] } },
{ "type": "Feature", "properties": { "building": "detached", "height": null, "building:levels": "3" }, "geometry": { "type": "Polygon", "coordinates": [ [ [ 44.810472, 41.687917 ], [ 44.810483, 41.687983 ], [ 44.81044, 41.687982 ], [ 44.810439, 41.688001 ], [ 44.81039, 41.688 ], [ 44.810391, 41.687982 ], [ 44.810374, 41.687982 ], [ 44.810355, 41.687983 ], [ 44.810352, 41.687913 ], [ 44.810472, 41.687917 ] ] ] } },
{ "type": "Feature", "properties": { "building": "detached", "height": null, "building:levels": "3" }, "geometry": { "type": "Polygon", "coordinates": [ [ [ 44.810448, 41.688723 ], [ 44.81042, 41.688463 ], [ 44.810531, 41.688464 ], [ 44.810533, 41.688471 ], [ 44.810555, 41.688469 ], [ 44.810576, 41.68872 ], [ 44.810448, 41.688723 ] ] ] } },
{ "type": "Feature", "properties": { "building": "apartments", "height": null, "building:levels": "3" }, "geometry": { "type": "Polygon", "coordinates": [ [ [ 44.810403, 41.688353 ], [ 44.810539, 41.688345 ], [ 44.810554, 41.688465 ], [ 44.810531, 41.688464 ], [ 44.81042, 41.688463 ], [ 44.810403, 41.688353 ] ] ] } },
{ "type": "Feature", "properties": { "building": "apartments", "height": null, "building:levels": "2" }, "geometry": { "type": "Polygon", "coordinates": [ [ [ 44.810592, 41.688233 ], [ 44.810598, 41.688175 ], [ 44.810604, 41.688125 ], [ 44.810604, 41.688119 ], [ 44.810513, 41.688113 ], [ 44.810509, 41.688142 ], [ 44.810479, 41.68814 ], [ 44.810474, 41.688187 ], [ 44.810452, 41.688187 ], [ 44.810453, 41.688232 ], [ 44.810527, 41.688229 ], [ 44.810592, 41.688233 ] ] ] } },
{ "type": "Feature", "properties": { "building": "detached", "height": null, "building:levels": "6" }, "geometry": { "type": "Polygon", "coordinates": [ [ [ 44.810376, 41.688105 ], [ 44.810413, 41.688107 ], [ 44.810412, 41.688133 ], [ 44.810479, 41.68814 ], [ 44.810509, 41.688142 ], [ 44.810513, 41.688113 ], [ 44.810604, 41.688119 ], [ 44.810626, 41.68812 ], [ 44.810638, 41.68805 ], [ 44.810641, 41.688033 ], [ 44.810508, 41.688025 ], [ 44.810374, 41.688017 ], [ 44.810365, 41.688016 ], [ 44.810376, 41.688105 ] ] ] } },
{ "type": "Feature", "properties": { "building": "retail", "height": null, "building:levels": "4" }, "geometry": { "type": "Polygon", "coordinates": [ [ [ 44.806086, 41.689319 ], [ 44.806025, 41.689196 ], [ 44.806084, 41.689173 ], [ 44.806318, 41.689254 ], [ 44.806343, 41.689287 ], [ 44.806395, 41.689394 ], [ 44.806321, 41.689446 ], [ 44.806293, 41.689445 ], [ 44.806269, 41.689432 ], [ 44.806216, 41.689287 ], [ 44.806086, 41.689319 ] ] ] } },
{ "type": "Feature", "properties": { "building": "retail", "height": null, "building:levels": "2" }, "geometry": { "type": "Polygon", "coordinates": [ [ [ 44.806481, 41.694948 ], [ 44.806593, 41.694954 ], [ 44.806586, 41.695022 ], [ 44.806475, 41.695016 ], [ 44.806481, 41.694948 ] ] ] } },
{ "type": "Feature", "properties": { "building": "detached", "height": null, "building:levels": "1" }, "geometry": { "type": "Polygon", "coordinates": [ [ [ 44.807486, 41.689726 ], [ 44.807432, 41.689679 ], [ 44.807454, 41.689665 ], [ 44.807527, 41.689724 ], [ 44.807587, 41.689706 ], [ 44.807445, 41.689599 ], [ 44.807385, 41.68964 ], [ 44.807312, 41.689652 ], [ 44.807331, 41.689696 ], [ 44.807358, 41.689754 ], [ 44.807359, 41.689758 ], [ 44.807486, 41.689726 ] ] ] } },
{ "type": "Feature", "properties": { "building": "detached", "height": null, "building:levels": null }, "geometry": { "type": "Polygon", "coordinates": [ [ [ 44.806612, 41.689972 ], [ 44.80658, 41.689923 ], [ 44.806679, 41.689891 ], [ 44.806691, 41.689908 ], [ 44.806746, 41.689892 ], [ 44.80676, 41.689934 ], [ 44.806612, 41.689972 ] ] ] } },
{ "type": "Feature", "properties": { "building": "apartments", "height": null, "building:levels": "2" }, "geometry": { "type": "Polygon", "coordinates": [ [ [ 44.807645, 41.689762 ], [ 44.807692, 41.689868 ], [ 44.80771, 41.689918 ], [ 44.807856, 41.68988 ], [ 44.807819, 41.689807 ], [ 44.80782, 41.689765 ], [ 44.807645, 41.689762 ] ] ] } },
{ "type": "Feature", "properties": { "building": "detached", "height": null, "building:levels": "2" }, "geometry": { "type": "Polygon", "coordinates": [ [ [ 44.80756, 41.689902 ], [ 44.807618, 41.689887 ], [ 44.807692, 41.689868 ], [ 44.807645, 41.689762 ], [ 44.807502, 41.689793 ], [ 44.807522, 41.689864 ], [ 44.80756, 41.689902 ] ] ] } },
{ "type": "Feature", "properties": { "building": "commercial", "height": null, "building:levels": "2" }, "geometry": { "type": "Polygon", "coordinates": [ [ [ 44.807627, 41.690293 ], [ 44.807629, 41.690166 ], [ 44.807643, 41.690118 ], [ 44.807539, 41.690119 ], [ 44.807531, 41.690126 ], [ 44.80748, 41.690127 ], [ 44.807482, 41.690153 ], [ 44.807391, 41.690161 ], [ 44.807466, 41.690291 ], [ 44.807627, 41.690293 ] ] ] } },
{ "type": "Feature", "properties": { "building": "commercial", "height": null, "building:levels": "3" }, "geometry": { "type": "Polygon", "coordinates": [ [ [ 44.807921, 41.690198 ], [ 44.807918, 41.690191 ], [ 44.807871, 41.690187 ], [ 44.807847, 41.690183 ], [ 44.807835, 41.69026 ], [ 44.807843, 41.690264 ], [ 44.807921, 41.690198 ] ] ] } },
{ "type": "Feature", "properties": { "building": "retail", "height": null, "building:levels": "2" }, "geometry": { "type": "Polygon", "coordinates": [ [ [ 44.808202, 41.690058 ], [ 44.808167, 41.690069 ], [ 44.80818, 41.690095 ], [ 44.808125, 41.690114 ], [ 44.808115, 41.69008 ], [ 44.808132, 41.690075 ], [ 44.808112, 41.690017 ], [ 44.808231, 41.689978 ], [ 44.808244, 41.690001 ], [ 44.80825, 41.69 ], [ 44.80827, 41.690046 ], [ 44.808205, 41.690067 ], [ 44.808202, 41.690058 ] ] ] } },
{ "type": "Feature", "properties": { "building": "apartments", "height": null, "building:levels": "2" }, "geometry": { "type": "Polygon", "coordinates": [ [ [ 44.805343, 41.689002 ], [ 44.805343, 41.688927 ], [ 44.805257, 41.688936 ], [ 44.805055, 41.688964 ], [ 44.805067, 41.689028 ], [ 44.805027, 41.68903 ], [ 44.805036, 41.68911 ], [ 44.805193, 41.689098 ], [ 44.805273, 41.689092 ], [ 44.805286, 41.689105 ], [ 44.805324, 41.689103 ], [ 44.805343, 41.689002 ] ] ] } },
{ "type": "Feature", "properties": { "building": "apartments", "height": null, "building:levels": "5" }, "geometry": { "type": "Polygon", "coordinates": [ [ [ 44.803954, 41.689866 ], [ 44.803984, 41.68984 ], [ 44.804022, 41.689841 ], [ 44.804038, 41.689777 ], [ 44.804019, 41.689751 ], [ 44.803854, 41.689736 ], [ 44.803821, 41.68974 ], [ 44.803819, 41.68985 ], [ 44.803872, 41.689856 ], [ 44.803886, 41.689864 ], [ 44.803954, 41.689866 ] ] ] } },
{ "type": "Feature", "properties": { "building": "greenhouse", "height": null, "building:levels": "1" }, "geometry": { "type": "Polygon", "coordinates": [ [ [ 44.808824, 41.686218 ], [ 44.808899, 41.68621 ], [ 44.808878, 41.686097 ], [ 44.808803, 41.686105 ], [ 44.808807, 41.686123 ], [ 44.808824, 41.686218 ] ] ] } },
{ "type": "Feature", "properties": { "building": "office", "height": null, "building:levels": "2" }, "geometry": { "type": "Polygon", "coordinates": [ [ [ 44.806309, 41.686162 ], [ 44.806314, 41.686172 ], [ 44.806395, 41.686146 ], [ 44.806455, 41.686127 ], [ 44.806393, 41.686018 ], [ 44.806325, 41.68604 ], [ 44.806252, 41.686063 ], [ 44.806276, 41.686105 ], [ 44.806309, 41.686162 ] ] ] } },
{ "type": "Feature", "properties": { "building": "yes", "height": null, "building:levels": "2" }, "geometry": { "type": "Polygon", "coordinates": [ [ [ 44.806905, 41.68718 ], [ 44.80691, 41.687115 ], [ 44.806887, 41.687114 ], [ 44.806685, 41.687104 ], [ 44.806679, 41.687169 ], [ 44.806882, 41.687179 ], [ 44.806905, 41.68718 ] ] ] } },
{ "type": "Feature", "properties": { "building": "yes", "height": null, "building:levels": null }, "geometry": { "type": "Polygon", "coordinates": [ [ [ 44.802471, 41.686023 ], [ 44.802481, 41.685976 ], [ 44.802417, 41.685968 ], [ 44.802435, 41.685877 ], [ 44.80231, 41.685863 ], [ 44.802282, 41.686002 ], [ 44.802471, 41.686023 ] ] ] } },
{ "type": "Feature", "properties": { "building": "yes", "height": null, "building:levels": "1" }, "geometry": { "type": "Polygon", "coordinates": [ [ [ 44.804967, 41.688028 ], [ 44.805053, 41.688017 ], [ 44.805035, 41.687943 ], [ 44.804949, 41.687954 ], [ 44.804967, 41.688028 ] ] ] } },
{ "type": "Feature", "properties": { "building": "detached", "height": null, "building:levels": "2" }, "geometry": { "type": "Polygon", "coordinates": [ [ [ 44.81016, 41.687846 ], [ 44.810259, 41.68783 ], [ 44.810291, 41.687823 ], [ 44.810302, 41.687821 ], [ 44.810247, 41.687683 ], [ 44.810167, 41.687706 ], [ 44.810192, 41.68776 ], [ 44.810179, 41.687765 ], [ 44.81019, 41.687783 ], [ 44.810165, 41.68779 ], [ 44.810172, 41.687801 ], [ 44.810144, 41.687815 ], [ 44.81016, 41.687846 ] ] ] } },
{ "type": "Feature", "properties": { "building": "house", "height": null, "building:levels": null }, "geometry": { "type": "Polygon", "coordinates": [ [ [ 44.809943, 41.68774 ], [ 44.810041, 41.687704 ], [ 44.810004, 41.687648 ], [ 44.809906, 41.687683 ], [ 44.809943, 41.68774 ] ] ] } },
{ "type": "Feature", "properties": { "building": "yes", "height": null, "building:levels": null }, "geometry": { "type": "Polygon", "coordinates": [ [ [ 44.809833, 41.68773 ], [ 44.809899, 41.687709 ], [ 44.809865, 41.687658 ], [ 44.809845, 41.687664 ], [ 44.809838, 41.68765 ], [ 44.810018, 41.687591 ], [ 44.809981, 41.68752 ], [ 44.809969, 41.687524 ], [ 44.809882, 41.687551 ], [ 44.809872, 41.687554 ], [ 44.80975, 41.687593 ], [ 44.809833, 41.68773 ] ] ] } },
{ "type": "Feature", "properties": { "building": "yes", "height": null, "building:levels": null }, "geometry": { "type": "Polygon", "coordinates": [ [ [ 44.80967, 41.687479 ], [ 44.809704, 41.687552 ], [ 44.80985, 41.687509 ], [ 44.809862, 41.687506 ], [ 44.809838, 41.687455 ], [ 44.809832, 41.687442 ], [ 44.80967, 41.687479 ] ] ] } },
{ "type": "Feature", "properties": { "building": "detached", "height": null, "building:levels": "2.5" }, "geometry": { "type": "Polygon", "coordinates": [ [ [ 44.809747, 41.687445 ], [ 44.809779, 41.687435 ], [ 44.809784, 41.687443 ], [ 44.809907, 41.687405 ], [ 44.809951, 41.687388 ], [ 44.809931, 41.687351 ], [ 44.809914, 41.68732 ], [ 44.809906, 41.687305 ], [ 44.809902, 41.687297 ], [ 44.809898, 41.68729 ], [ 44.80985, 41.687305 ], [ 44.809772, 41.687328 ], [ 44.80973, 41.687341 ], [ 44.809756, 41.687389 ], [ 44.809722, 41.687399 ], [ 44.809747, 41.687445 ] ] ] } },
{ "type": "Feature", "properties": { "building": "yes", "height": null, "building:levels": null }, "geometry": { "type": "Polygon", "coordinates": [ [ [ 44.80969, 41.687349 ], [ 44.80973, 41.687341 ], [ 44.809772, 41.687328 ], [ 44.809748, 41.687271 ], [ 44.809682, 41.687286 ], [ 44.809686, 41.687296 ], [ 44.80967, 41.6873 ], [ 44.80969, 41.687349 ] ] ] } },
{ "type": "Feature", "properties": { "building": "detached", "height": null, "building:levels": null }, "geometry": { "type": "Polygon", "coordinates": [ [ [ 44.806813, 41.689196 ], [ 44.80681, 41.689178 ], [ 44.806782, 41.689113 ], [ 44.806659, 41.689144 ], [ 44.806676, 41.689215 ], [ 44.806721, 41.689216 ], [ 44.806813, 41.689196 ] ] ] } },
{ "type": "Feature", "properties": { "building": "detached", "height": null, "building:levels": "2" }, "geometry": { "type": "Polygon", "coordinates": [ [ [ 44.806932, 41.689274 ], [ 44.807016, 41.689262 ], [ 44.80697, 41.689074 ], [ 44.806886, 41.689085 ], [ 44.806905, 41.689165 ], [ 44.80681, 41.689178 ], [ 44.806813, 41.689196 ], [ 44.806721, 41.689216 ], [ 44.806761, 41.689327 ], [ 44.806933, 41.689281 ], [ 44.806932, 41.689274 ] ] ] } },
{ "type": "Feature", "properties": { "building": "detached", "height": null, "building:levels": null }, "geometry": { "type": "Polygon", "coordinates": [ [ [ 44.806883, 41.689439 ], [ 44.806918, 41.689436 ], [ 44.806961, 41.689429 ], [ 44.806958, 41.689403 ], [ 44.806921, 41.689407 ], [ 44.806907, 41.689354 ], [ 44.806845, 41.689373 ], [ 44.806883, 41.689439 ] ] ] } },
{ "type": "Feature", "properties": { "building": "yes", "height": null, "building:levels": "1" }, "geometry": { "type": "Polygon", "coordinates": [ [ [ 44.807129, 41.689237 ], [ 44.807129, 41.689135 ], [ 44.807289, 41.689135 ], [ 44.807289, 41.689166 ], [ 44.807339, 41.689166 ], [ 44.807339, 41.689226 ], [ 44.807231, 41.689226 ], [ 44.807226, 41.689237 ], [ 44.807129, 41.689237 ] ] ] } },
{ "type": "Feature", "properties": { "building": "apartments", "height": null, "building:levels": "3" }, "geometry": { "type": "Polygon", "coordinates": [ [ [ 44.806402, 41.689196 ], [ 44.806448, 41.689363 ], [ 44.80655, 41.68936 ], [ 44.80651, 41.689183 ], [ 44.806402, 41.689196 ] ] ] } },
{ "type": "Feature", "properties": { "building": "apartments", "height": null, "building:levels": "3" }, "geometry": { "type": "Polygon", "coordinates": [ [ [ 44.80655, 41.68936 ], [ 44.806651, 41.689352 ], [ 44.806617, 41.689242 ], [ 44.806678, 41.689235 ], [ 44.806676, 41.689215 ], [ 44.806659, 41.689144 ], [ 44.80651, 41.689169 ], [ 44.80651, 41.689183 ], [ 44.80655, 41.68936 ] ] ] } },
{ "type": "Feature", "properties": { "building": "detached", "height": null, "building:levels": null }, "geometry": { "type": "Polygon", "coordinates": [ [ [ 44.806959, 41.689022 ], [ 44.806976, 41.689066 ], [ 44.806986, 41.689083 ], [ 44.807022, 41.68908 ], [ 44.807021, 41.689091 ], [ 44.807115, 41.689081 ], [ 44.807113, 41.689062 ], [ 44.80712, 41.688983 ], [ 44.806985, 41.688998 ], [ 44.806988, 41.689015 ], [ 44.806959, 41.689022 ] ] ] } },
{ "type": "Feature", "properties": { "building": "detached", "height": null, "building:levels": null }, "geometry": { "type": "Polygon", "coordinates": [ [ [ 44.807115, 41.689114 ], [ 44.807115, 41.689081 ], [ 44.807113, 41.689062 ], [ 44.80712, 41.688983 ], [ 44.807248, 41.688981 ], [ 44.807241, 41.689102 ], [ 44.807242, 41.689116 ], [ 44.807115, 41.689114 ] ] ] } },
{ "type": "Feature", "properties": { "building": "yes", "height": null, "building:levels": null }, "geometry": { "type": "Polygon", "coordinates": [ [ [ 44.807313, 41.689082 ], [ 44.807292, 41.689082 ], [ 44.807296, 41.689142 ], [ 44.807311, 41.689141 ], [ 44.807355, 41.68914 ], [ 44.807359, 41.689187 ], [ 44.807454, 41.689183 ], [ 44.807451, 41.689135 ], [ 44.807691, 41.689105 ], [ 44.807634, 41.688987 ], [ 44.807616, 41.688964 ], [ 44.807431, 41.688978 ], [ 44.807439, 41.689014 ], [ 44.807304, 41.689022 ], [ 44.807313, 41.689082 ] ] ] } },
{ "type": "Feature", "properties": { "building": "yes", "height": null, "building:levels": null }, "geometry": { "type": "Polygon", "coordinates": [ [ [ 44.807262, 41.689024 ], [ 44.807304, 41.689022 ], [ 44.807439, 41.689014 ], [ 44.807431, 41.688978 ], [ 44.80726, 41.688982 ], [ 44.807262, 41.689024 ] ] ] } },
{ "type": "Feature", "properties": { "building": "yes", "height": null, "building:levels": null }, "geometry": { "type": "Polygon", "coordinates": [ [ [ 44.805596, 41.689484 ], [ 44.805598, 41.689498 ], [ 44.805785, 41.689482 ], [ 44.805777, 41.689442 ], [ 44.805754, 41.689326 ], [ 44.805752, 41.689319 ], [ 44.805579, 41.689334 ], [ 44.805578, 41.689327 ], [ 44.805524, 41.689332 ], [ 44.805526, 41.689371 ], [ 44.805577, 41.689366 ], [ 44.805596, 41.689484 ] ] ] } },
{ "type": "Feature", "properties": { "building": "detached", "height": null, "building:levels": "2" }, "geometry": { "type": "Polygon", "coordinates": [ [ [ 44.805496, 41.68963 ], [ 44.805496, 41.689625 ], [ 44.805598, 41.689629 ], [ 44.805604, 41.689549 ], [ 44.805592, 41.689549 ], [ 44.805579, 41.689548 ], [ 44.805581, 41.689524 ], [ 44.805471, 41.689519 ], [ 44.805469, 41.689551 ], [ 44.805456, 41.68955 ], [ 44.80545, 41.689628 ], [ 44.805496, 41.68963 ] ] ] } },
{ "type": "Feature", "properties": { "building": "apartments", "height": null, "building:levels": "2" }, "geometry": { "type": "Polygon", "coordinates": [ [ [ 44.805497, 41.689922 ], [ 44.805424, 41.689872 ], [ 44.805391, 41.689807 ], [ 44.805406, 41.689638 ], [ 44.80547, 41.689642 ], [ 44.805467, 41.68967 ], [ 44.805727, 41.689687 ], [ 44.805707, 41.689856 ], [ 44.805688, 41.689894 ], [ 44.805675, 41.689905 ], [ 44.805661, 41.689906 ], [ 44.805643, 41.689883 ], [ 44.805651, 41.689866 ], [ 44.805502, 41.689847 ], [ 44.805497, 41.689922 ] ] ] } },
{ "type": "Feature", "properties": { "building": "service", "height": null, "building:levels": "1" }, "geometry": { "type": "Polygon", "coordinates": [ [ [ 44.805878, 41.689795 ], [ 44.805845, 41.689759 ], [ 44.805923, 41.689718 ], [ 44.805957, 41.689754 ], [ 44.805878, 41.689795 ] ] ] } },
{ "type": "Feature", "properties": { "building": "yes", "height": null, "building:levels": null }, "geometry": { "type": "Polygon", "coordinates": [ [ [ 44.805777, 41.689442 ], [ 44.805754, 41.689326 ], [ 44.805832, 41.689313 ], [ 44.805866, 41.689423 ], [ 44.805777, 41.689442 ] ] ] } },
{ "type": "Feature", "properties": { "building": "apartments", "height": null, "building:levels": "2" }, "geometry": { "type": "Polygon", "coordinates": [ [ [ 44.805438, 41.689489 ], [ 44.805524, 41.689483 ], [ 44.805511, 41.689369 ], [ 44.805511, 41.689362 ], [ 44.805481, 41.689364 ], [ 44.805479, 41.689346 ], [ 44.805423, 41.689349 ], [ 44.805438, 41.689489 ] ] ] } },
{ "type": "Feature", "properties": { "building": "apartments", "height": null, "building:levels": "2" }, "geometry": { "type": "Polygon", "coordinates": [ [ [ 44.806145, 41.689051 ], [ 44.806163, 41.689137 ], [ 44.80619, 41.689151 ], [ 44.806264, 41.689157 ], [ 44.806272, 41.689144 ], [ 44.806287, 41.689029 ], [ 44.806185, 41.689021 ], [ 44.806181, 41.689045 ], [ 44.806145, 41.689051 ] ] ] } },
{ "type": "Feature", "properties": { "building": "apartments", "height": null, "building:levels": "4" }, "geometry": { "type": "Polygon", "coordinates": [ [ [ 44.805884, 41.689068 ], [ 44.805963, 41.689086 ], [ 44.806094, 41.689124 ], [ 44.806112, 41.689115 ], [ 44.806105, 41.689034 ], [ 44.806135, 41.689026 ], [ 44.806123, 41.688967 ], [ 44.806092, 41.688971 ], [ 44.806077, 41.688906 ], [ 44.806008, 41.688949 ], [ 44.805998, 41.688958 ], [ 44.805914, 41.688976 ], [ 44.805884, 41.689068 ] ] ] } },
{ "type": "Feature", "properties": { "building": "detached", "height": null, "building:levels": "3" }, "geometry": { "type": "Polygon", "coordinates": [ [ [ 44.805838, 41.689053 ], [ 44.805852, 41.689018 ], [ 44.805812, 41.689008 ], [ 44.805818, 41.68898 ], [ 44.805791, 41.688964 ], [ 44.805708, 41.688946 ], [ 44.80568, 41.689018 ], [ 44.805838, 41.689053 ] ] ] } },
{ "type": "Feature", "properties": { "building": "apartments", "height": null, "building:levels": "3" }, "geometry": { "type": "Polygon", "coordinates": [ [ [ 44.805705, 41.689247 ], [ 44.80582, 41.689238 ], [ 44.805813, 41.689159 ], [ 44.805856, 41.689143 ], [ 44.805852, 41.689108 ], [ 44.805737, 41.689087 ], [ 44.805747, 41.689104 ], [ 44.805689, 41.689107 ], [ 44.805705, 41.689247 ] ] ] } },
{ "type": "Feature", "properties": { "building": "apartments", "height": null, "building:levels": null }, "geometry": { "type": "Polygon", "coordinates": [ [ [ 44.805532, 41.689254 ], [ 44.805705, 41.689247 ], [ 44.805689, 41.689107 ], [ 44.805529, 41.689111 ], [ 44.805532, 41.689254 ] ] ] } },
{ "type": "Feature", "properties": { "building": "apartments", "height": null, "building:levels": "3" }, "geometry": { "type": "Polygon", "coordinates": [ [ [ 44.805532, 41.689254 ], [ 44.805391, 41.689257 ], [ 44.805358, 41.689116 ], [ 44.805462, 41.689105 ], [ 44.805529, 41.689111 ], [ 44.805532, 41.689254 ] ] ] } },
{ "type": "Feature", "properties": { "building": "apartments", "height": null, "building:levels": "3" }, "geometry": { "type": "Polygon", "coordinates": [ [ [ 44.80536, 41.689061 ], [ 44.805454, 41.689061 ], [ 44.805548, 41.689062 ], [ 44.805551, 41.689029 ], [ 44.805554, 41.689 ], [ 44.805555, 41.68899 ], [ 44.805542, 41.688977 ], [ 44.80541, 41.688939 ], [ 44.805387, 41.688946 ], [ 44.805364, 41.688983 ], [ 44.80536, 41.689061 ] ] ] } },
{ "type": "Feature", "properties": { "building": "detached", "height": null, "building:levels": null }, "geometry": { "type": "Polygon", "coordinates": [ [ [ 44.80584, 41.688945 ], [ 44.805879, 41.688947 ], [ 44.805883, 41.688918 ], [ 44.806069, 41.688855 ], [ 44.806032, 41.688769 ], [ 44.80598, 41.688756 ], [ 44.805962, 41.688681 ], [ 44.805872, 41.688692 ], [ 44.805892, 41.688789 ], [ 44.805855, 41.688801 ], [ 44.80584, 41.688945 ] ] ] } },
{ "type": "Feature", "properties": { "building": "yes", "height": null, "building:levels": "3" }, "geometry": { "type": "Polygon", "coordinates": [ [ [ 44.805206, 41.689231 ], [ 44.80529, 41.689224 ], [ 44.80529, 41.689216 ], [ 44.805332, 41.689207 ], [ 44.805324, 41.689103 ], [ 44.805286, 41.689105 ], [ 44.805273, 41.689092 ], [ 44.805193, 41.689098 ], [ 44.805194, 41.689115 ], [ 44.805205, 41.689218 ], [ 44.805206, 41.689231 ] ] ] } },
{ "type": "Feature", "properties": { "building": "yes", "height": null, "building:levels": "4" }, "geometry": { "type": "Polygon", "coordinates": [ [ [ 44.804706, 41.689313 ], [ 44.804646, 41.689318 ], [ 44.80465, 41.689342 ], [ 44.804665, 41.689417 ], [ 44.804684, 41.689415 ], [ 44.804721, 41.689405 ], [ 44.804836, 41.689395 ], [ 44.804987, 41.689385 ], [ 44.804972, 41.689287 ], [ 44.80482, 41.689298 ], [ 44.80482, 41.689302 ], [ 44.804706, 41.689313 ] ] ] } },
{ "type": "Feature", "properties": { "building": "yes", "height": null, "building:levels": null }, "geometry": { "type": "Polygon", "coordinates": [ [ [ 44.804463, 41.689667 ], [ 44.804476, 41.689516 ], [ 44.804508, 41.689511 ], [ 44.804658, 41.689485 ], [ 44.804681, 41.689481 ], [ 44.80472, 41.689586 ], [ 44.804678, 41.689588 ], [ 44.804613, 41.689594 ], [ 44.804544, 41.689601 ], [ 44.804544, 41.689657 ], [ 44.804566, 41.689659 ], [ 44.804561, 41.68971 ], [ 44.804546, 41.689712 ], [ 44.804489, 41.689717 ], [ 44.804483, 41.689676 ], [ 44.804484, 41.689669 ], [ 44.804463, 41.689667 ] ] ] } },
{ "type": "Feature", "properties": { "building": "apartments", "height": null, "building:levels": "2" }, "geometry": { "type": "Polygon", "coordinates": [ [ [ 44.804204, 41.689793 ], [ 44.804199, 41.689861 ], [ 44.804247, 41.689864 ], [ 44.804257, 41.689809 ], [ 44.804264, 41.689788 ], [ 44.804362, 41.689797 ], [ 44.804342, 41.689956 ], [ 44.804105, 41.689913 ], [ 44.80412, 41.689787 ], [ 44.804123, 41.689762 ], [ 44.804153, 41.689764 ], [ 44.80415, 41.689789 ], [ 44.804204, 41.689793 ] ] ] } },
{ "type": "Feature", "properties": { "building": "apartments", "height": null, "building:levels": "2" }, "geometry": { "type": "Polygon", "coordinates": [ [ [ 44.804364, 41.689664 ], [ 44.804319, 41.689663 ], [ 44.804187, 41.689661 ], [ 44.80415, 41.68966 ], [ 44.804133, 41.68966 ], [ 44.804125, 41.689745 ], [ 44.804123, 41.689762 ], [ 44.804153, 41.689764 ], [ 44.804266, 41.689765 ], [ 44.804264, 41.689788 ], [ 44.804362, 41.689797 ], [ 44.804364, 41.689664 ] ] ] } },
{ "type": "Feature", "properties": { "building": "retail", "height": null, "building:levels": null }, "geometry": { "type": "Polygon", "coordinates": [ [ [ 44.804324, 41.689315 ], [ 44.804331, 41.689358 ], [ 44.804434, 41.689347 ], [ 44.804413, 41.689233 ], [ 44.804178, 41.689257 ], [ 44.804191, 41.689328 ], [ 44.804324, 41.689315 ] ] ] } },
{ "type": "Feature", "properties": { "building": "apartments", "height": null, "building:levels": null }, "geometry": { "type": "Polygon", "coordinates": [ [ [ 44.80423, 41.689571 ], [ 44.804243, 41.689426 ], [ 44.80443, 41.689418 ], [ 44.804436, 41.689584 ], [ 44.80434, 41.689577 ], [ 44.80423, 41.689571 ] ] ] } },
{ "type": "Feature", "properties": { "building": "detached", "height": null, "building:levels": "3" }, "geometry": { "type": "Polygon", "coordinates": [ [ [ 44.80434, 41.689577 ], [ 44.80423, 41.689571 ], [ 44.804243, 41.689426 ], [ 44.804163, 41.689417 ], [ 44.804156, 41.689465 ], [ 44.804175, 41.689466 ], [ 44.804174, 41.689479 ], [ 44.804173, 41.68949 ], [ 44.80415, 41.68966 ], [ 44.804187, 41.689661 ], [ 44.804319, 41.689663 ], [ 44.80434, 41.689577 ] ] ] } },
{ "type": "Feature", "properties": { "building": "apartments", "height": null, "building:levels": "5" }, "geometry": { "type": "Polygon", "coordinates": [ [ [ 44.803854, 41.689736 ], [ 44.804019, 41.689751 ], [ 44.804055, 41.689609 ], [ 44.803913, 41.689595 ], [ 44.803925, 41.689659 ], [ 44.803899, 41.689658 ], [ 44.803854, 41.689736 ] ] ] } },
{ "type": "Feature", "properties": { "building": "apartments", "height": null, "building:levels": "5" }, "geometry": { "type": "Polygon", "coordinates": [ [ [ 44.803852, 41.689582 ], [ 44.803857, 41.68959 ], [ 44.803913, 41.689595 ], [ 44.804055, 41.689609 ], [ 44.804075, 41.6896 ], [ 44.804088, 41.689484 ], [ 44.804057, 41.689478 ], [ 44.804057, 41.689465 ], [ 44.804, 41.689462 ], [ 44.804, 41.689454 ], [ 44.803907, 41.689447 ], [ 44.803903, 41.68947 ], [ 44.803889, 41.689473 ], [ 44.803852, 41.689582 ] ] ] } },
{ "type": "Feature", "properties": { "building": "terrace", "height": null, "building:levels": null }, "geometry": { "type": "Polygon", "coordinates": [ [ [ 44.804744, 41.68947 ], [ 44.804768, 41.689581 ], [ 44.804798, 41.689579 ], [ 44.804801, 41.689602 ], [ 44.804854, 41.689599 ], [ 44.804851, 41.689579 ], [ 44.804862, 41.689577 ], [ 44.804869, 41.689545 ], [ 44.804871, 41.689451 ], [ 44.804778, 41.689464 ], [ 44.804744, 41.68947 ] ] ] } },
{ "type": "Feature", "properties": { "building": "yes", "height": null, "building:levels": "3" }, "geometry": { "type": "Polygon", "coordinates": [ [ [ 44.804923, 41.689479 ], [ 44.805025, 41.68948 ], [ 44.805026, 41.689409 ], [ 44.804924, 41.689408 ], [ 44.804924, 41.689418 ], [ 44.804923, 41.689479 ] ] ] } },
{ "type": "Feature", "properties": { "building": "yes", "height": null, "building:levels": null }, "geometry": { "type": "Polygon", "coordinates": [ [ [ 44.808838, 41.690588 ], [ 44.808864, 41.690628 ], [ 44.809082, 41.690625 ], [ 44.809101, 41.690607 ], [ 44.809066, 41.690498 ], [ 44.809036, 41.690504 ], [ 44.808838, 41.690588 ] ] ] } },
{ "type": "Feature", "properties": { "building": "yes", "height": null, "building:levels": null }, "geometry": { "type": "Polygon", "coordinates": [ [ [ 44.809111, 41.6906 ], [ 44.809075, 41.690492 ], [ 44.809347, 41.690452 ], [ 44.809405, 41.690442 ], [ 44.809375, 41.690482 ], [ 44.809248, 41.690591 ], [ 44.809111, 41.6906 ] ] ] } },
{ "type": "Feature", "properties": { "building": "yes", "height": null, "building:levels": null }, "geometry": { "type": "Polygon", "coordinates": [ [ [ 44.808541, 41.690808 ], [ 44.808449, 41.690739 ], [ 44.80845, 41.69071 ], [ 44.80852, 41.690644 ], [ 44.808571, 41.690647 ], [ 44.808573, 41.690637 ], [ 44.808676, 41.690643 ], [ 44.808671, 41.690681 ], [ 44.80869, 41.690696 ], [ 44.808541, 41.690808 ] ] ] } },
{ "type": "Feature", "properties": { "building": "yes", "height": null, "building:levels": "5" }, "geometry": { "type": "Polygon", "coordinates": [ [ [ 44.808678, 41.690896 ], [ 44.808687, 41.690892 ], [ 44.809006, 41.690748 ], [ 44.80895, 41.690708 ], [ 44.808838, 41.690692 ], [ 44.808729, 41.690713 ], [ 44.80865, 41.690771 ], [ 44.808624, 41.69083 ], [ 44.808678, 41.690896 ] ] ] } },
{ "type": "Feature", "properties": { "building": "retail", "height": null, "building:levels": "2" }, "geometry": { "type": "Polygon", "coordinates": [ [ [ 44.807878, 41.690616 ], [ 44.807871, 41.690593 ], [ 44.807963, 41.690522 ], [ 44.807984, 41.690599 ], [ 44.807878, 41.690616 ] ] ] } },
{ "type": "Feature", "properties": { "building": "apartments", "height": null, "building:levels": "3" }, "geometry": { "type": "Polygon", "coordinates": [ [ [ 44.807629, 41.690166 ], [ 44.807627, 41.690293 ], [ 44.807786, 41.690295 ], [ 44.807787, 41.690247 ], [ 44.807723, 41.690247 ], [ 44.807724, 41.690167 ], [ 44.807629, 41.690166 ] ] ] } },
{ "type": "Feature", "properties": { "building": "yes", "height": null, "building:levels": null }, "geometry": { "type": "Polygon", "coordinates": [ [ [ 44.807646, 41.690112 ], [ 44.807651, 41.690031 ], [ 44.80766, 41.690031 ], [ 44.807659, 41.690022 ], [ 44.807773, 41.690018 ], [ 44.807774, 41.690029 ], [ 44.807779, 41.690029 ], [ 44.807778, 41.690122 ], [ 44.807646, 41.690112 ] ] ] } },
{ "type": "Feature", "properties": { "building": "apartments", "height": null, "building:levels": "2" }, "geometry": { "type": "Polygon", "coordinates": [ [ [ 44.807871, 41.690187 ], [ 44.807876, 41.690128 ], [ 44.807778, 41.690122 ], [ 44.807779, 41.690029 ], [ 44.807894, 41.690019 ], [ 44.807902, 41.690085 ], [ 44.807991, 41.69008 ], [ 44.808006, 41.690161 ], [ 44.807921, 41.690198 ], [ 44.807918, 41.690191 ], [ 44.807871, 41.690187 ] ] ] } },
{ "type": "Feature", "properties": { "building": "apartments", "height": null, "building:levels": "2" }, "geometry": { "type": "Polygon", "coordinates": [ [ [ 44.808006, 41.690161 ], [ 44.808113, 41.690135 ], [ 44.808105, 41.690122 ], [ 44.808125, 41.690114 ], [ 44.808115, 41.69008 ], [ 44.808132, 41.690075 ], [ 44.808112, 41.690017 ], [ 44.808107, 41.690001 ], [ 44.808116, 41.689997 ], [ 44.808106, 41.689982 ], [ 44.808081, 41.689988 ], [ 44.80808, 41.689985 ], [ 44.807894, 41.690019 ], [ 44.807902, 41.690085 ], [ 44.807991, 41.69008 ], [ 44.808006, 41.690161 ] ] ] } },
{ "type": "Feature", "properties": { "building": "apartments", "height": null, "building:levels": "2" }, "geometry": { "type": "Polygon", "coordinates": [ [ [ 44.808039, 41.689962 ], [ 44.808127, 41.689952 ], [ 44.808109, 41.689795 ], [ 44.80782, 41.689765 ], [ 44.807819, 41.689807 ], [ 44.807868, 41.689805 ], [ 44.807895, 41.689873 ], [ 44.807945, 41.689875 ], [ 44.807946, 41.689896 ], [ 44.808038, 41.689908 ], [ 44.808039, 41.689962 ] ] ] } },
{ "type": "Feature", "properties": { "building": "yes", "height": null, "building:levels": null }, "geometry": { "type": "Polygon", "coordinates": [ [ [ 44.807953, 41.689898 ], [ 44.807952, 41.689932 ], [ 44.807989, 41.689932 ], [ 44.807988, 41.689981 ], [ 44.807909, 41.689981 ], [ 44.80791, 41.689943 ], [ 44.807886, 41.689942 ], [ 44.807887, 41.689898 ], [ 44.807953, 41.689898 ] ] ] } },
{ "type": "Feature", "properties": { "building": "apartments", "height": null, "building:levels": "2" }, "geometry": { "type": "Polygon", "coordinates": [ [ [ 44.80829, 41.690056 ], [ 44.808384, 41.690053 ], [ 44.80844, 41.690044 ], [ 44.808473, 41.690039 ], [ 44.808504, 41.690034 ], [ 44.808398, 41.689948 ], [ 44.808369, 41.689956 ], [ 44.808346, 41.689928 ], [ 44.808368, 41.689915 ], [ 44.808347, 41.689893 ], [ 44.808242, 41.689939 ], [ 44.80829, 41.690056 ] ] ] } },
{ "type": "Feature", "properties": { "building": "commercial", "height": null, "building:levels": "2" }, "geometry": { "type": "Polygon", "coordinates": [ [ [ 44.808743, 41.689876 ], [ 44.808812, 41.689818 ], [ 44.808619, 41.689728 ], [ 44.808652, 41.689695 ], [ 44.808591, 41.689662 ], [ 44.808517, 41.689715 ], [ 44.808529, 41.689737 ], [ 44.808508, 41.689762 ], [ 44.808743, 41.689876 ] ] ] } },
{ "type": "Feature", "properties": { "building": "retail", "height": null, "building:levels": null }, "geometry": { "type": "Polygon", "coordinates": [ [ [ 44.808508, 41.689762 ], [ 44.808529, 41.689737 ], [ 44.808517, 41.689715 ], [ 44.808486, 41.689678 ], [ 44.808377, 41.689697 ], [ 44.808382, 41.689756 ], [ 44.808446, 41.689755 ], [ 44.808508, 41.689762 ] ] ] } },
{ "type": "Feature", "properties": { "building": "commercial", "height": null, "building:levels": "2" }, "geometry": { "type": "Polygon", "coordinates": [ [ [ 44.808758, 41.689749 ], [ 44.808828, 41.689808 ], [ 44.80894, 41.689714 ], [ 44.808786, 41.689586 ], [ 44.808701, 41.689642 ], [ 44.808798, 41.689723 ], [ 44.808758, 41.689749 ] ] ] } },
{ "type": "Feature", "properties": { "building": "apartments", "height": null, "building:levels": null }, "geometry": { "type": "Polygon", "coordinates": [ [ [ 44.808291, 41.689723 ], [ 44.808262, 41.689676 ], [ 44.808265, 41.689672 ], [ 44.808234, 41.689632 ], [ 44.808294, 41.689607 ], [ 44.808307, 41.689627 ], [ 44.808324, 41.68962 ], [ 44.808352, 41.68961 ], [ 44.808368, 41.689634 ], [ 44.808345, 41.689644 ], [ 44.808327, 41.689648 ], [ 44.808334, 41.689667 ], [ 44.808349, 41.689669 ], [ 44.808354, 41.689681 ], [ 44.808369, 41.68968 ], [ 44.808377, 41.689697 ], [ 44.808291, 41.689723 ] ] ] } },
{ "type": "Feature", "properties": { "building": "apartments", "height": null, "building:levels": "2" }, "geometry": { "type": "Polygon", "coordinates": [ [ [ 44.80816, 41.689648 ], [ 44.80811, 41.689652 ], [ 44.807964, 41.689661 ], [ 44.807998, 41.689727 ], [ 44.808261, 41.689748 ], [ 44.808245, 41.689679 ], [ 44.808253, 41.689674 ], [ 44.80824, 41.689649 ], [ 44.808199, 41.689649 ], [ 44.808185, 41.689667 ], [ 44.80816, 41.689648 ] ] ] } },
{ "type": "Feature", "properties": { "building": "detached", "height": null, "building:levels": null }, "geometry": { "type": "Polygon", "coordinates": [ [ [ 44.808377, 41.689697 ], [ 44.808365, 41.689648 ], [ 44.808348, 41.689654 ], [ 44.808345, 41.689644 ], [ 44.808368, 41.689634 ], [ 44.808352, 41.68961 ], [ 44.808428, 41.689581 ], [ 44.808486, 41.689678 ], [ 44.808377, 41.689697 ] ] ] } },
{ "type": "Feature", "properties": { "building": "yes", "height": null, "building:levels": "3" }, "geometry": { "type": "Polygon", "coordinates": [ [ [ 44.808639, 41.689519 ], [ 44.808709, 41.689492 ], [ 44.808636, 41.689409 ], [ 44.808597, 41.689438 ], [ 44.808602, 41.689445 ], [ 44.808508, 41.689476 ], [ 44.808419, 41.689506 ], [ 44.808453, 41.689556 ], [ 44.808471, 41.689577 ], [ 44.808639, 41.689519 ] ] ] } },
{ "type": "Feature", "properties": { "building": "yes", "height": null, "building:levels": null }, "geometry": { "type": "Polygon", "coordinates": [ [ [ 44.807846, 41.689552 ], [ 44.807764, 41.689443 ], [ 44.807732, 41.68946 ], [ 44.807722, 41.68945 ], [ 44.807681, 41.689399 ], [ 44.807653, 41.689387 ], [ 44.807639, 41.689392 ], [ 44.807594, 41.689374 ], [ 44.807577, 41.689383 ], [ 44.80756, 41.689377 ], [ 44.807506, 41.689369 ], [ 44.807467, 41.689449 ], [ 44.807539, 41.689482 ], [ 44.807576, 41.689528 ], [ 44.807596, 41.689554 ], [ 44.807606, 41.689566 ], [ 44.807628, 41.689558 ], [ 44.807618, 41.689543 ], [ 44.807721, 41.689504 ], [ 44.807767, 41.68958 ], [ 44.807834, 41.689556 ], [ 44.807846, 41.689552 ] ] ] } },
{ "type": "Feature", "properties": { "building": "yes", "height": null, "building:levels": null }, "geometry": { "type": "Polygon", "coordinates": [ [ [ 44.80816, 41.689648 ], [ 44.808185, 41.689667 ], [ 44.808199, 41.689649 ], [ 44.808188, 41.689633 ], [ 44.808212, 41.689629 ], [ 44.80818, 41.689583 ], [ 44.80815, 41.689585 ], [ 44.808147, 41.689577 ], [ 44.808089, 41.689451 ], [ 44.808064, 41.689463 ], [ 44.808049, 41.689499 ], [ 44.807997, 41.689516 ], [ 44.807983, 41.689501 ], [ 44.807947, 41.689512 ], [ 44.807959, 41.689529 ], [ 44.807912, 41.689541 ], [ 44.807885, 41.689511 ], [ 44.807885, 41.689539 ], [ 44.80795, 41.689653 ], [ 44.808093, 41.689601 ], [ 44.80811, 41.689652 ], [ 44.80816, 41.689648 ] ] ] } },
{ "type": "Feature", "properties": { "building": "yes", "height": null, "building:levels": null }, "geometry": { "type": "Polygon", "coordinates": [ [ [ 44.808202, 41.689597 ], [ 44.808281, 41.689572 ], [ 44.808291, 41.689596 ], [ 44.808319, 41.689588 ], [ 44.808324, 41.68962 ], [ 44.808352, 41.68961 ], [ 44.808428, 41.689581 ], [ 44.808422, 41.689567 ], [ 44.808453, 41.689556 ], [ 44.808419, 41.689506 ], [ 44.808365, 41.689417 ], [ 44.80832, 41.689431 ], [ 44.808288, 41.689436 ], [ 44.808301, 41.689468 ], [ 44.808207, 41.689497 ], [ 44.808217, 41.689518 ], [ 44.808183, 41.689527 ], [ 44.8082, 41.689564 ], [ 44.808202, 41.689597 ] ] ] } },
{ "type": "Feature", "properties": { "building": "yes", "height": null, "building:levels": null }, "geometry": { "type": "Polygon", "coordinates": [ [ [ 44.808147, 41.689577 ], [ 44.8082, 41.689564 ], [ 44.808183, 41.689527 ], [ 44.808217, 41.689518 ], [ 44.808207, 41.689497 ], [ 44.808169, 41.689419 ], [ 44.808085, 41.689442 ], [ 44.808089, 41.689451 ], [ 44.808147, 41.689577 ] ] ] } },
{ "type": "Feature", "properties": { "building": "yes", "height": null, "building:levels": null }, "geometry": { "type": "Polygon", "coordinates": [ [ [ 44.808272, 41.689426 ], [ 44.808311, 41.689415 ], [ 44.80832, 41.689431 ], [ 44.808365, 41.689417 ], [ 44.808346, 41.689383 ], [ 44.808304, 41.689302 ], [ 44.808219, 41.689327 ], [ 44.808272, 41.689426 ] ] ] } },
{ "type": "Feature", "properties": { "building": "retail", "height": null, "building:levels": "3" }, "geometry": { "type": "Polygon", "coordinates": [ [ [ 44.807808, 41.689372 ], [ 44.808139, 41.689252 ], [ 44.808086, 41.689171 ], [ 44.80775, 41.689299 ], [ 44.807808, 41.689372 ] ] ] } },
{ "type": "Feature", "properties": { "building": "detached", "height": null, "building:levels": null }, "geometry": { "type": "Polygon", "coordinates": [ [ [ 44.808198, 41.68927 ], [ 44.808285, 41.689231 ], [ 44.808273, 41.689215 ], [ 44.808352, 41.68918 ], [ 44.808287, 41.689098 ], [ 44.80812, 41.689171 ], [ 44.808198, 41.68927 ] ] ] } },
{ "type": "Feature", "properties": { "building": "yes", "height": null, "building:levels": null }, "geometry": { "type": "Polygon", "coordinates": [ [ [ 44.807722, 41.68945 ], [ 44.807802, 41.689416 ], [ 44.807778, 41.689385 ], [ 44.807759, 41.689393 ], [ 44.807741, 41.689369 ], [ 44.807681, 41.689399 ], [ 44.807722, 41.68945 ] ] ] } },
{ "type": "Feature", "properties": { "building": "yes", "height": null, "building:levels": null }, "geometry": { "type": "Polygon", "coordinates": [ [ [ 44.80756, 41.689377 ], [ 44.807577, 41.689383 ], [ 44.807594, 41.689374 ], [ 44.807639, 41.689392 ], [ 44.807649, 41.689382 ], [ 44.807659, 41.68936 ], [ 44.807605, 41.689337 ], [ 44.807588, 41.68933 ], [ 44.807552, 41.689323 ], [ 44.807506, 41.689369 ], [ 44.80756, 41.689377 ] ] ] } },
{ "type": "Feature", "properties": { "building": "detached", "height": null, "building:levels": null }, "geometry": { "type": "Polygon", "coordinates": [ [ [ 44.807049, 41.689418 ], [ 44.807031, 41.689318 ], [ 44.807084, 41.68931 ], [ 44.807134, 41.689404 ], [ 44.807049, 41.689418 ] ] ] } },
{ "type": "Feature", "properties": { "building": "apartments", "height": null, "building:levels": null }, "geometry": { "type": "Polygon", "coordinates": [ [ [ 44.807317, 41.689408 ], [ 44.807467, 41.689449 ], [ 44.807506, 41.689369 ], [ 44.807357, 41.689327 ], [ 44.807317, 41.689408 ] ] ] } },
{ "type": "Feature", "properties": { "building": "hotel", "height": null, "building:levels": null }, "geometry": { "type": "Polygon", "coordinates": [ [ [ 44.806961, 41.689429 ], [ 44.807049, 41.689418 ], [ 44.807031, 41.689318 ], [ 44.806986, 41.689324 ], [ 44.806987, 41.689336 ], [ 44.806945, 41.689344 ], [ 44.806958, 41.689403 ], [ 44.806961, 41.689429 ] ] ] } },
{ "type": "Feature", "properties": { "building": "hotel", "height": null, "building:levels": "4" }, "geometry": { "type": "Polygon", "coordinates": [ [ [ 44.806639, 41.689571 ], [ 44.806778, 41.689545 ], [ 44.80673, 41.689401 ], [ 44.806592, 41.689427 ], [ 44.806639, 41.689571 ] ] ] } },
{ "type": "Feature", "properties": { "building": "apartments", "height": null, "building:levels": "3" }, "geometry": { "type": "Polygon", "coordinates": [ [ [ 44.805852, 41.690141 ], [ 44.805791, 41.690257 ], [ 44.805765, 41.690248 ], [ 44.80552, 41.690164 ], [ 44.805508, 41.690131 ], [ 44.805614, 41.689983 ], [ 44.80566, 41.689966 ], [ 44.805744, 41.690012 ], [ 44.805701, 41.690089 ], [ 44.805824, 41.690131 ], [ 44.805852, 41.690141 ] ] ] } },
{ "type": "Feature", "properties": { "building": "hotel", "height": null, "building:levels": "2" }, "geometry": { "type": "Polygon", "coordinates": [ [ [ 44.805853, 41.690025 ], [ 44.805887, 41.689988 ], [ 44.805999, 41.690007 ], [ 44.806034, 41.690016 ], [ 44.806018, 41.690059 ], [ 44.805853, 41.690025 ] ] ] } },
{ "type": "Feature", "properties": { "building": "apartments", "height": null, "building:levels": "2" }, "geometry": { "type": "Polygon", "coordinates": [ [ [ 44.805887, 41.689988 ], [ 44.805999, 41.690007 ], [ 44.806015, 41.689935 ], [ 44.806036, 41.689939 ], [ 44.806051, 41.689862 ], [ 44.80597, 41.689854 ], [ 44.805904, 41.689848 ], [ 44.805908, 41.689875 ], [ 44.805899, 41.689948 ], [ 44.805887, 41.689988 ] ] ] } },
{ "type": "Feature", "properties": { "building": "detached", "height": null, "building:levels": "1" }, "geometry": { "type": "Polygon", "coordinates": [ [ [ 44.805734, 41.68994 ], [ 44.805786, 41.689979 ], [ 44.805899, 41.689948 ], [ 44.805908, 41.689875 ], [ 44.805823, 41.689893 ], [ 44.805803, 41.689875 ], [ 44.805757, 41.689894 ], [ 44.805773, 41.689917 ], [ 44.805734, 41.68994 ] ] ] } },
{ "type": "Feature", "properties": { "building": "residential", "height": null, "building:levels": "4" }, "geometry": { "type": "Polygon", "coordinates": [ [ [ 44.806431, 41.690478 ], [ 44.806255, 41.690435 ], [ 44.806218, 41.690424 ], [ 44.806281, 41.690323 ], [ 44.806336, 41.690252 ], [ 44.806521, 41.690318 ], [ 44.806497, 41.690357 ], [ 44.806452, 41.690346 ], [ 44.806442, 41.690361 ], [ 44.806424, 41.690371 ], [ 44.806417, 41.6904 ], [ 44.806458, 41.690413 ], [ 44.806431, 41.690478 ] ] ] } },
{ "type": "Feature", "properties": { "building": "commercial", "height": null, "building:levels": "2" }, "geometry": { "type": "Polygon", "coordinates": [ [ [ 44.806881, 41.69048 ], [ 44.806948, 41.690466 ], [ 44.806941, 41.690449 ], [ 44.807002, 41.690436 ], [ 44.806979, 41.690368 ], [ 44.806963, 41.690319 ], [ 44.806914, 41.690327 ], [ 44.806828, 41.690355 ], [ 44.806845, 41.690397 ], [ 44.806881, 41.69048 ] ] ] } },
{ "type": "Feature", "properties": { "building": "apartments", "height": null, "building:levels": "3" }, "geometry": { "type": "Polygon", "coordinates": [ [ [ 44.807128, 41.690372 ], [ 44.807107, 41.690337 ], [ 44.807091, 41.690337 ], [ 44.807088, 41.690298 ], [ 44.807214, 41.690271 ], [ 44.807244, 41.690338 ], [ 44.807128, 41.690372 ] ] ] } },
{ "type": "Feature", "properties": { "building": "apartments", "height": null, "building:levels": "2" }, "geometry": { "type": "Polygon", "coordinates": [ [ [ 44.806828, 41.690355 ], [ 44.806788, 41.690266 ], [ 44.806914, 41.690225 ], [ 44.806939, 41.690271 ], [ 44.806896, 41.69029 ], [ 44.806914, 41.690327 ], [ 44.806828, 41.690355 ] ] ] } },
{ "type": "Feature", "properties": { "building": "yes", "height": null, "building:levels": null }, "geometry": { "type": "Polygon", "coordinates": [ [ [ 44.806982, 41.690313 ], [ 44.806958, 41.690267 ], [ 44.806939, 41.690271 ], [ 44.806914, 41.690225 ], [ 44.806964, 41.690211 ], [ 44.807021, 41.69019 ], [ 44.807054, 41.690242 ], [ 44.807074, 41.690275 ], [ 44.806982, 41.690313 ] ] ] } },
{ "type": "Feature", "properties": { "building": "yes", "height": null, "building:levels": null }, "geometry": { "type": "Polygon", "coordinates": [ [ [ 44.807088, 41.690298 ], [ 44.807214, 41.690271 ], [ 44.80723, 41.690267 ], [ 44.807206, 41.690218 ], [ 44.807147, 41.690235 ], [ 44.807131, 41.690217 ], [ 44.807054, 41.690242 ], [ 44.807074, 41.690275 ], [ 44.807088, 41.690298 ] ] ] } },
{ "type": "Feature", "properties": { "building": "yes", "height": null, "building:levels": null }, "geometry": { "type": "Polygon", "coordinates": [ [ [ 44.807054, 41.690242 ], [ 44.807131, 41.690217 ], [ 44.807108, 41.690174 ], [ 44.807125, 41.690168 ], [ 44.807106, 41.690137 ], [ 44.807007, 41.690161 ], [ 44.806989, 41.690137 ], [ 44.807004, 41.690128 ], [ 44.806988, 41.69011 ], [ 44.806917, 41.690131 ], [ 44.806964, 41.690211 ], [ 44.807021, 41.69019 ], [ 44.807054, 41.690242 ] ] ] } },
{ "type": "Feature", "properties": { "building": "apartments", "height": null, "building:levels": "2" }, "geometry": { "type": "Polygon", "coordinates": [ [ [ 44.806883, 41.690143 ], [ 44.806917, 41.690131 ], [ 44.806964, 41.690211 ], [ 44.806914, 41.690225 ], [ 44.806788, 41.690266 ], [ 44.806725, 41.690197 ], [ 44.806807, 41.690166 ], [ 44.806827, 41.69016 ], [ 44.806841, 41.690184 ], [ 44.806901, 41.690164 ], [ 44.806883, 41.690143 ] ] ] } },
{ "type": "Feature", "properties": { "building": "yes", "height": null, "building:levels": null }, "geometry": { "type": "Polygon", "coordinates": [ [ [ 44.806988, 41.69011 ], [ 44.80693, 41.690051 ], [ 44.806873, 41.690074 ], [ 44.806917, 41.690131 ], [ 44.806988, 41.69011 ] ] ] } },
{ "type": "Feature", "properties": { "building": "apartments", "height": null, "building:levels": "2" }, "geometry": { "type": "Polygon", "coordinates": [ [ [ 44.806845, 41.69 ], [ 44.806807, 41.689926 ], [ 44.806911, 41.689901 ], [ 44.806898, 41.689879 ], [ 44.806832, 41.689896 ], [ 44.806826, 41.689889 ], [ 44.806814, 41.689894 ], [ 44.806798, 41.689868 ], [ 44.806814, 41.689864 ], [ 44.806884, 41.689844 ], [ 44.806983, 41.689836 ], [ 44.807074, 41.689841 ], [ 44.807081, 41.689913 ], [ 44.807038, 41.689933 ], [ 44.807047, 41.68995 ], [ 44.80695, 41.68998 ], [ 44.806935, 41.689964 ], [ 44.806909, 41.689975 ], [ 44.806845, 41.69 ] ] ] } },
{ "type": "Feature", "properties": { "building": "yes", "height": null, "building:levels": null }, "geometry": { "type": "Polygon", "coordinates": [ [ [ 44.807057, 41.690117 ], [ 44.807098, 41.690098 ], [ 44.80714, 41.690079 ], [ 44.807079, 41.690004 ], [ 44.80705, 41.689966 ], [ 44.807004, 41.689976 ], [ 44.806996, 41.689992 ], [ 44.80695, 41.690004 ], [ 44.806944, 41.689991 ], [ 44.806919, 41.689998 ], [ 44.806909, 41.689975 ], [ 44.806845, 41.69 ], [ 44.806855, 41.690032 ], [ 44.806838, 41.690036 ], [ 44.806873, 41.690074 ], [ 44.80693, 41.690051 ], [ 44.806983, 41.690029 ], [ 44.807057, 41.690117 ] ] ] } },
{ "type": "Feature", "properties": { "building": "apartments", "height": null, "building:levels": "2" }, "geometry": { "type": "Polygon", "coordinates": [ [ [ 44.806679, 41.690153 ], [ 44.806725, 41.690197 ], [ 44.806807, 41.690166 ], [ 44.806754, 41.690109 ], [ 44.806679, 41.690153 ] ] ] } },
{ "type": "Feature", "properties": { "building": "yes", "height": null, "building:levels": null }, "geometry": { "type": "Polygon", "coordinates": [ [ [ 44.807643, 41.690118 ], [ 44.807539, 41.690119 ], [ 44.807531, 41.690126 ], [ 44.80748, 41.690127 ], [ 44.807482, 41.690153 ], [ 44.807391, 41.690161 ], [ 44.807383, 41.690102 ], [ 44.807472, 41.690099 ], [ 44.807451, 41.690022 ], [ 44.80765, 41.690023 ], [ 44.807651, 41.690031 ], [ 44.807646, 41.690112 ], [ 44.807643, 41.690118 ] ] ] } },
{ "type": "Feature", "properties": { "building": "detached", "height": null, "building:levels": null }, "geometry": { "type": "Polygon", "coordinates": [ [ [ 44.807459, 41.690002 ], [ 44.807522, 41.689999 ], [ 44.80752, 41.689951 ], [ 44.807543, 41.689948 ], [ 44.80754, 41.68993 ], [ 44.807563, 41.689928 ], [ 44.80756, 41.689902 ], [ 44.807522, 41.689864 ], [ 44.807502, 41.689793 ], [ 44.807403, 41.689815 ], [ 44.807419, 41.689849 ], [ 44.807424, 41.68987 ], [ 44.807448, 41.68997 ], [ 44.807459, 41.690002 ] ] ] } },
{ "type": "Feature", "properties": { "building": "yes", "height": null, "building:levels": null }, "geometry": { "type": "Polygon", "coordinates": [ [ [ 44.8076, 41.690006 ], [ 44.80768, 41.689982 ], [ 44.807618, 41.689887 ], [ 44.80756, 41.689902 ], [ 44.807563, 41.689928 ], [ 44.80754, 41.68993 ], [ 44.807543, 41.689948 ], [ 44.8076, 41.690006 ] ] ] } },
{ "type": "Feature", "properties": { "building": "apartments", "height": null, "building:levels": "2" }, "geometry": { "type": "Polygon", "coordinates": [ [ [ 44.806506, 41.689856 ], [ 44.806548, 41.689861 ], [ 44.806644, 41.689835 ], [ 44.806589, 41.68972 ], [ 44.806457, 41.689755 ], [ 44.806506, 41.689856 ] ] ] } },
{ "type": "Feature", "properties": { "building": "detached", "height": null, "building:levels": null }, "geometry": { "type": "Polygon", "coordinates": [ [ [ 44.807249, 41.692487 ], [ 44.80725, 41.69248 ], [ 44.807263, 41.69248 ], [ 44.807267, 41.69243 ], [ 44.807232, 41.69243 ], [ 44.8071, 41.692421 ], [ 44.807096, 41.692473 ], [ 44.807249, 41.692487 ] ] ] } },
{ "type": "Feature", "properties": { "building": "detached", "height": null, "building:levels": null }, "geometry": { "type": "Polygon", "coordinates": [ [ [ 44.8071, 41.692421 ], [ 44.80711, 41.692338 ], [ 44.807218, 41.692345 ], [ 44.807242, 41.692346 ], [ 44.807232, 41.69243 ], [ 44.8071, 41.692421 ] ] ] } },
{ "type": "Feature", "properties": { "building": "apartments", "height": null, "building:levels": null }, "geometry": { "type": "Polygon", "coordinates": [ [ [ 44.807162, 41.692218 ], [ 44.80713, 41.69222 ], [ 44.80711, 41.692338 ], [ 44.807218, 41.692345 ], [ 44.807266, 41.692202 ], [ 44.807303, 41.692208 ], [ 44.807326, 41.692137 ], [ 44.80723, 41.692128 ], [ 44.80717, 41.69219 ], [ 44.807162, 41.692218 ] ] ] } },
{ "type": "Feature", "properties": { "building": "apartments", "height": null, "building:levels": null }, "geometry": { "type": "Polygon", "coordinates": [ [ [ 44.807117, 41.692198 ], [ 44.807046, 41.692168 ], [ 44.807042, 41.692102 ], [ 44.807027, 41.692097 ], [ 44.807042, 41.692035 ], [ 44.807062, 41.692033 ], [ 44.807085, 41.691927 ], [ 44.80718, 41.691944 ], [ 44.807195, 41.691942 ], [ 44.807211, 41.69191 ], [ 44.807336, 41.691947 ], [ 44.807313, 41.691991 ], [ 44.807331, 41.691998 ], [ 44.807295, 41.692056 ], [ 44.807262, 41.692086 ], [ 44.807219, 41.692109 ], [ 44.807148, 41.69209 ], [ 44.807143, 41.692123 ], [ 44.807171, 41.692145 ], [ 44.807117, 41.692198 ] ] ] } },
{ "type": "Feature", "properties": { "building": "yes", "height": null, "building:levels": null }, "geometry": { "type": "Polygon", "coordinates": [ [ [ 44.8071, 41.691877 ], [ 44.807085, 41.691927 ], [ 44.80718, 41.691944 ], [ 44.807195, 41.691893 ], [ 44.807165, 41.691887 ], [ 44.8071, 41.691877 ] ] ] } },
{ "type": "Feature", "properties": { "building": "yes", "height": null, "building:levels": null }, "geometry": { "type": "Polygon", "coordinates": [ [ [ 44.8071, 41.691877 ], [ 44.807083, 41.691836 ], [ 44.807184, 41.691823 ], [ 44.807165, 41.691887 ], [ 44.8071, 41.691877 ] ] ] } },
{ "type": "Feature", "properties": { "building": "retail", "height": null, "building:levels": "4" }, "geometry": { "type": "Polygon", "coordinates": [ [ [ 44.806143, 41.692318 ], [ 44.806038, 41.692276 ], [ 44.806114, 41.692187 ], [ 44.806139, 41.692181 ], [ 44.806238, 41.692215 ], [ 44.806226, 41.692231 ], [ 44.806239, 41.692237 ], [ 44.806198, 41.692286 ], [ 44.806176, 41.692278 ], [ 44.806143, 41.692318 ] ] ] } },
{ "type": "Feature", "properties": { "building": "yes", "height": null, "building:levels": "3" }, "geometry": { "type": "Polygon", "coordinates": [ [ [ 44.805851, 41.692124 ], [ 44.805791, 41.692087 ], [ 44.805778, 41.692079 ], [ 44.805845, 41.692026 ], [ 44.805864, 41.692013 ], [ 44.805872, 41.692019 ], [ 44.805957, 41.692065 ], [ 44.80592, 41.692094 ], [ 44.805903, 41.692087 ], [ 44.805851, 41.692124 ] ] ] } },
{ "type": "Feature", "properties": { "building": "apartments", "height": null, "building:levels": null }, "geometry": { "type": "Polygon", "coordinates": [ [ [ 44.805377, 41.692231 ], [ 44.805456, 41.692254 ], [ 44.8055, 41.692178 ], [ 44.805457, 41.692164 ], [ 44.805516, 41.692064 ], [ 44.805426, 41.692064 ], [ 44.805362, 41.692175 ], [ 44.805401, 41.692187 ], [ 44.805377, 41.692231 ] ] ] } },
{ "type": "Feature", "properties": { "building": "apartments", "height": null, "building:levels": null }, "geometry": { "type": "Polygon", "coordinates": [ [ [ 44.805125, 41.692331 ], [ 44.805163, 41.692259 ], [ 44.805174, 41.692262 ], [ 44.805273, 41.692291 ], [ 44.805265, 41.69231 ], [ 44.805235, 41.692363 ], [ 44.805125, 41.692331 ] ] ] } },
{ "type": "Feature", "properties": { "building": "apartments", "height": null, "building:levels": null }, "geometry": { "type": "Polygon", "coordinates": [ [ [ 44.805273, 41.692291 ], [ 44.805174, 41.692262 ], [ 44.8053, 41.692058 ], [ 44.805426, 41.692064 ], [ 44.805362, 41.692175 ], [ 44.805401, 41.692187 ], [ 44.805377, 41.692231 ], [ 44.805323, 41.692213 ], [ 44.805304, 41.692241 ], [ 44.805273, 41.692291 ] ] ] } },
{ "type": "Feature", "properties": { "building": "apartments", "height": null, "building:levels": "3" }, "geometry": { "type": "Polygon", "coordinates": [ [ [ 44.805872, 41.692019 ], [ 44.805864, 41.692013 ], [ 44.805845, 41.692026 ], [ 44.805785, 41.691984 ], [ 44.805842, 41.691885 ], [ 44.805872, 41.6919 ], [ 44.805958, 41.691942 ], [ 44.805872, 41.692019 ] ] ] } },
{ "type": "Feature", "properties": { "building": "apartments", "height": null, "building:levels": "3" }, "geometry": { "type": "Polygon", "coordinates": [ [ [ 44.805992, 41.691849 ], [ 44.805981, 41.691868 ], [ 44.80603, 41.691884 ], [ 44.806042, 41.691888 ], [ 44.806139, 41.69192 ], [ 44.806164, 41.691928 ], [ 44.806203, 41.691861 ], [ 44.806171, 41.691851 ], [ 44.806176, 41.691842 ], [ 44.805987, 41.691781 ], [ 44.805958, 41.691772 ], [ 44.805926, 41.691827 ], [ 44.805992, 41.691849 ] ] ] } },
{ "type": "Feature", "properties": { "building": "apartments", "height": null, "building:levels": "2" }, "geometry": { "type": "Polygon", "coordinates": [ [ [ 44.806268, 41.691942 ], [ 44.806373, 41.691987 ], [ 44.806459, 41.691837 ], [ 44.806304, 41.691802 ], [ 44.80627, 41.69189 ], [ 44.806309, 41.691911 ], [ 44.806268, 41.691942 ] ] ] } },
{ "type": "Feature", "properties": { "building": "detached", "height": null, "building:levels": null }, "geometry": { "type": "Polygon", "coordinates": [ [ [ 44.8057, 41.692036 ], [ 44.805778, 41.692079 ], [ 44.805845, 41.692026 ], [ 44.805785, 41.691984 ], [ 44.8057, 41.692036 ] ] ] } },
{ "type": "Feature", "properties": { "building": "apartments", "height": null, "building:levels": "2" }, "geometry": { "type": "Polygon", "coordinates": [ [ [ 44.805303, 41.691695 ], [ 44.805311, 41.691645 ], [ 44.805357, 41.691649 ], [ 44.805365, 41.691602 ], [ 44.805381, 41.691515 ], [ 44.805242, 41.691519 ], [ 44.805222, 41.691646 ], [ 44.805241, 41.691648 ], [ 44.805234, 41.691689 ], [ 44.805303, 41.691695 ] ] ] } },
{ "type": "Feature", "properties": { "building": "yes", "height": null, "building:levels": null }, "geometry": { "type": "Polygon", "coordinates": [ [ [ 44.805202, 41.691823 ], [ 44.805214, 41.691768 ], [ 44.805236, 41.691771 ], [ 44.80524, 41.69175 ], [ 44.805341, 41.691762 ], [ 44.805351, 41.691727 ], [ 44.805521, 41.691755 ], [ 44.805492, 41.691832 ], [ 44.805394, 41.69182 ], [ 44.805398, 41.691803 ], [ 44.80529, 41.69179 ], [ 44.805282, 41.691829 ], [ 44.805236, 41.691826 ], [ 44.805202, 41.691823 ] ] ] } },
{ "type": "Feature", "properties": { "building": "apartments", "height": null, "building:levels": "6" }, "geometry": { "type": "Polygon", "coordinates": [ [ [ 44.803613, 41.689772 ], [ 44.80361, 41.689742 ], [ 44.803691, 41.689352 ], [ 44.80376, 41.689354 ], [ 44.803766, 41.689368 ], [ 44.803833, 41.689378 ], [ 44.80381, 41.689454 ], [ 44.803834, 41.689455 ], [ 44.803817, 41.689556 ], [ 44.803803, 41.68955 ], [ 44.803764, 41.689686 ], [ 44.803752, 41.689686 ], [ 44.80375, 41.689735 ], [ 44.803728, 41.689734 ], [ 44.803725, 41.689788 ], [ 44.803613, 41.689772 ] ] ] } },
{ "type": "Feature", "properties": { "building": "apartments", "height": null, "building:levels": "3" }, "geometry": { "type": "Polygon", "coordinates": [ [ [ 44.803441, 41.689724 ], [ 44.803574, 41.689738 ], [ 44.80361, 41.689742 ], [ 44.803691, 41.689352 ], [ 44.803682, 41.689352 ], [ 44.80369, 41.68929 ], [ 44.803692, 41.689289 ], [ 44.803607, 41.689271 ], [ 44.803596, 41.689436 ], [ 44.803574, 41.689442 ], [ 44.803571, 41.689467 ], [ 44.803546, 41.689569 ], [ 44.803474, 41.689554 ], [ 44.803441, 41.689724 ] ] ] } },
{ "type": "Feature", "properties": { "building": "yes", "height": null, "building:levels": "2" }, "geometry": { "type": "Polygon", "coordinates": [ [ [ 44.803525, 41.689449 ], [ 44.803536, 41.68936 ], [ 44.803471, 41.689361 ], [ 44.803468, 41.689387 ], [ 44.803285, 41.689376 ], [ 44.80328, 41.689389 ], [ 44.803272, 41.689389 ], [ 44.80326, 41.689446 ], [ 44.803287, 41.689448 ], [ 44.803317, 41.689447 ], [ 44.80332, 41.689438 ], [ 44.803525, 41.689449 ] ] ] } },
{ "type": "Feature", "properties": { "building": "yes", "height": null, "building:levels": "2" }, "geometry": { "type": "Polygon", "coordinates": [ [ [ 44.803285, 41.689376 ], [ 44.803297, 41.689222 ], [ 44.803285, 41.689209 ], [ 44.803304, 41.689143 ], [ 44.803402, 41.689176 ], [ 44.803539, 41.689219 ], [ 44.803523, 41.689264 ], [ 44.803504, 41.689264 ], [ 44.803471, 41.689361 ], [ 44.803468, 41.689387 ], [ 44.803285, 41.689376 ] ] ] } },
{ "type": "Feature", "properties": { "building": "apartments", "height": null, "building:levels": null }, "geometry": { "type": "Polygon", "coordinates": [ [ [ 44.803768, 41.689281 ], [ 44.803793, 41.689221 ], [ 44.803847, 41.689241 ], [ 44.803887, 41.689146 ], [ 44.803886, 41.689139 ], [ 44.803697, 41.689088 ], [ 44.803667, 41.689158 ], [ 44.803436, 41.689099 ], [ 44.803402, 41.689176 ], [ 44.803539, 41.689219 ], [ 44.803768, 41.689281 ] ] ] } },
{ "type": "Feature", "properties": { "building": "detached", "height": null, "building:levels": "2" }, "geometry": { "type": "Polygon", "coordinates": [ [ [ 44.804836, 41.688915 ], [ 44.804952, 41.688918 ], [ 44.804954, 41.688885 ], [ 44.805015, 41.688887 ], [ 44.805019, 41.6888 ], [ 44.804841, 41.688795 ], [ 44.804836, 41.688915 ] ] ] } },
{ "type": "Feature", "properties": { "building": "church", "height": null, "building:levels": null }, "geometry": { "type": "Polygon", "coordinates": [ [ [ 44.806547, 41.688736 ], [ 44.80655, 41.688654 ], [ 44.806754, 41.68866 ], [ 44.80675, 41.688742 ], [ 44.806547, 41.688736 ] ] ] } },
{ "type": "Feature", "properties": { "building": "yes", "height": null, "building:levels": null }, "geometry": { "type": "Polygon", "coordinates": [ [ [ 44.806182, 41.688717 ], [ 44.806224, 41.688718 ], [ 44.806225, 41.688689 ], [ 44.806311, 41.688691 ], [ 44.806309, 41.688719 ], [ 44.806376, 41.68872 ], [ 44.806379, 41.688675 ], [ 44.806353, 41.688674 ], [ 44.806354, 41.688643 ], [ 44.806186, 41.688638 ], [ 44.806182, 41.688717 ] ] ] } },
{ "type": "Feature", "properties": { "building": "yes", "height": null, "building:levels": "3" }, "geometry": { "type": "Polygon", "coordinates": [ [ [ 44.809951, 41.688766 ], [ 44.809872, 41.6887 ], [ 44.809824, 41.688726 ], [ 44.809753, 41.688656 ], [ 44.809656, 41.688712 ], [ 44.809733, 41.688787 ], [ 44.809723, 41.688794 ], [ 44.80982, 41.688866 ], [ 44.809951, 41.688766 ] ] ] } },
{ "type": "Feature", "properties": { "building": "apartments", "height": null, "building:levels": "4" }, "geometry": { "type": "Polygon", "coordinates": [ [ [ 44.809603, 41.689154 ], [ 44.809593, 41.689146 ], [ 44.80949, 41.689061 ], [ 44.809625, 41.688997 ], [ 44.809571, 41.688926 ], [ 44.809387, 41.689028 ], [ 44.809414, 41.689057 ], [ 44.809333, 41.689095 ], [ 44.809394, 41.689152 ], [ 44.809434, 41.689128 ], [ 44.809515, 41.689195 ], [ 44.809525, 41.689203 ], [ 44.809603, 41.689154 ] ] ] } },
{ "type": "Feature", "properties": { "building": "apartments", "height": null, "building:levels": "4" }, "geometry": { "type": "Polygon", "coordinates": [ [ [ 44.809306, 41.68933 ], [ 44.809515, 41.689195 ], [ 44.809434, 41.689128 ], [ 44.809394, 41.689152 ], [ 44.809381, 41.689163 ], [ 44.809355, 41.689156 ], [ 44.809303, 41.689078 ], [ 44.809223, 41.689103 ], [ 44.809234, 41.689123 ], [ 44.809199, 41.689136 ], [ 44.809222, 41.689173 ], [ 44.809238, 41.68917 ], [ 44.809284, 41.689248 ], [ 44.809242, 41.689273 ], [ 44.809306, 41.68933 ] ] ] } },
{ "type": "Feature", "properties": { "building": "hotel", "height": null, "building:levels": null }, "geometry": { "type": "Polygon", "coordinates": [ [ [ 44.809271, 41.689051 ], [ 44.809245, 41.689024 ], [ 44.809195, 41.689042 ], [ 44.809164, 41.688986 ], [ 44.809209, 41.688962 ], [ 44.809198, 41.688951 ], [ 44.809221, 41.688937 ], [ 44.809218, 41.688931 ], [ 44.809253, 41.688906 ], [ 44.809284, 41.688932 ], [ 44.809329, 41.68898 ], [ 44.809343, 41.688974 ], [ 44.809378, 41.68901 ], [ 44.809271, 41.689051 ] ] ] } },
{ "type": "Feature", "properties": { "building": "hotel", "height": null, "building:levels": null }, "geometry": { "type": "Polygon", "coordinates": [ [ [ 44.809093, 41.688927 ], [ 44.809184, 41.688947 ], [ 44.809202, 41.688902 ], [ 44.809297, 41.68886 ], [ 44.809376, 41.688844 ], [ 44.80937, 41.688821 ], [ 44.809385, 41.688818 ], [ 44.809379, 41.68879 ], [ 44.809377, 41.688782 ], [ 44.809353, 41.68878 ], [ 44.809347, 41.688761 ], [ 44.809125, 41.688854 ], [ 44.809093, 41.688927 ] ] ] } },
{ "type": "Feature", "properties": { "building": "yes", "height": null, "building:levels": null }, "geometry": { "type": "Polygon", "coordinates": [ [ [ 44.809627, 41.688887 ], [ 44.809717, 41.688855 ], [ 44.809668, 41.688769 ], [ 44.809573, 41.688795 ], [ 44.809621, 41.688879 ], [ 44.809627, 41.688887 ] ] ] } },
{ "type": "Feature", "properties": { "building": "yes", "height": null, "building:levels": null }, "geometry": { "type": "Polygon", "coordinates": [ [ [ 44.809539, 41.688923 ], [ 44.809621, 41.688879 ], [ 44.809573, 41.688795 ], [ 44.809522, 41.688753 ], [ 44.809453, 41.688777 ], [ 44.809461, 41.688793 ], [ 44.809395, 41.68883 ], [ 44.809431, 41.688875 ], [ 44.809482, 41.688853 ], [ 44.809497, 41.688888 ], [ 44.809447, 41.688915 ], [ 44.809486, 41.688954 ], [ 44.809539, 41.688923 ] ] ] } },
{ "type": "Feature", "properties": { "building": "apartments", "height": null, "building:levels": null }, "geometry": { "type": "Polygon", "coordinates": [ [ [ 44.806577, 41.690267 ], [ 44.806613, 41.690291 ], [ 44.806638, 41.690293 ], [ 44.806697, 41.690371 ], [ 44.806784, 41.690354 ], [ 44.806741, 41.690268 ], [ 44.806687, 41.690228 ], [ 44.806623, 41.690221 ], [ 44.806577, 41.690267 ] ] ] } },
{ "type": "Feature", "properties": { "building": "apartments", "height": null, "building:levels": "3" }, "geometry": { "type": "Polygon", "coordinates": [ [ [ 44.800806, 41.690583 ], [ 44.800801, 41.690654 ], [ 44.800754, 41.690652 ], [ 44.800753, 41.69066 ], [ 44.800555, 41.690651 ], [ 44.800559, 41.69053 ], [ 44.800562, 41.690434 ], [ 44.800568, 41.690366 ], [ 44.800571, 41.690334 ], [ 44.800637, 41.690336 ], [ 44.800682, 41.690336 ], [ 44.800867, 41.69034 ], [ 44.801217, 41.69035 ], [ 44.801215, 41.690376 ], [ 44.80121, 41.690468 ], [ 44.801205, 41.690559 ], [ 44.80099, 41.69055 ], [ 44.800814, 41.690543 ], [ 44.800817, 41.690482 ], [ 44.801005, 41.690489 ], [ 44.801011, 41.690401 ], [ 44.800998, 41.6904 ], [ 44.800984, 41.690399 ], [ 44.800953, 41.690417 ], [ 44.800685, 41.690413 ], [ 44.80069, 41.690437 ], [ 44.800684, 41.690437 ], [ 44.800683, 41.690462 ], [ 44.800698, 41.690462 ], [ 44.800686, 41.690558 ], [ 44.800637, 41.690559 ], [ 44.800637, 41.690579 ], [ 44.800806, 41.690583 ] ] ] } },
{ "type": "Feature", "properties": { "building": "apartments", "height": null, "building:levels": "3" }, "geometry": { "type": "Polygon", "coordinates": [ [ [ 44.801581, 41.69151 ], [ 44.801481, 41.6915 ], [ 44.801494, 41.691375 ], [ 44.801799, 41.691387 ], [ 44.801798, 41.691308 ], [ 44.801527, 41.691298 ], [ 44.801284, 41.69129 ], [ 44.801278, 41.691433 ], [ 44.801271, 41.691581 ], [ 44.801704, 41.691592 ], [ 44.801702, 41.691579 ], [ 44.801646, 41.69153 ], [ 44.801794, 41.691534 ], [ 44.801796, 41.691436 ], [ 44.801713, 41.691428 ], [ 44.801649, 41.691405 ], [ 44.801588, 41.691402 ], [ 44.801581, 41.69151 ] ] ] } },
{ "type": "Feature", "properties": { "building": "retail", "height": null, "building:levels": "2" }, "geometry": { "type": "Polygon", "coordinates": [ [ [ 44.801466, 41.691941 ], [ 44.801242, 41.691935 ], [ 44.801245, 41.691876 ], [ 44.801247, 41.691818 ], [ 44.801471, 41.691824 ], [ 44.801466, 41.691941 ] ] ] } },
{ "type": "Feature", "properties": { "building": "apartments", "height": null, "building:levels": null }, "geometry": { "type": "Polygon", "coordinates": [ [ [ 44.80179, 41.690785 ], [ 44.801847, 41.690782 ], [ 44.801847, 41.69076 ], [ 44.801883, 41.690762 ], [ 44.801881, 41.690785 ], [ 44.80201, 41.69079 ], [ 44.802028, 41.690493 ], [ 44.801844, 41.69047 ], [ 44.801844, 41.690459 ], [ 44.801756, 41.690452 ], [ 44.801746, 41.690496 ], [ 44.801779, 41.6905 ], [ 44.801778, 41.690536 ], [ 44.801811, 41.690539 ], [ 44.801796, 41.690699 ], [ 44.80179, 41.690785 ] ] ] } },
{ "type": "Feature", "properties": { "building": "yes", "height": null, "building:levels": "3.5" }, "geometry": { "type": "Polygon", "coordinates": [ [ [ 44.801575, 41.690419 ], [ 44.801335, 41.690378 ], [ 44.801331, 41.690459 ], [ 44.80133, 41.690476 ], [ 44.801322, 41.690616 ], [ 44.801315, 41.690743 ], [ 44.801314, 41.690765 ], [ 44.80154, 41.690775 ], [ 44.80179, 41.690785 ], [ 44.801796, 41.690699 ], [ 44.801628, 41.690693 ], [ 44.801526, 41.690692 ], [ 44.801529, 41.690621 ], [ 44.801533, 41.690539 ], [ 44.801568, 41.690531 ], [ 44.80157, 41.690488 ], [ 44.801664, 41.690498 ], [ 44.801667, 41.690485 ], [ 44.801746, 41.690496 ], [ 44.801756, 41.690452 ], [ 44.801665, 41.690437 ], [ 44.801575, 41.690419 ] ] ] } },
{ "type": "Feature", "properties": { "building": "yes", "height": null, "building:levels": null }, "geometry": { "type": "Polygon", "coordinates": [ [ [ 44.800662, 41.69008 ], [ 44.800498, 41.690077 ], [ 44.800505, 41.68996 ], [ 44.800612, 41.689966 ], [ 44.800669, 41.689968 ], [ 44.800662, 41.69008 ] ] ] } },
{ "type": "Feature", "properties": { "building": "service", "height": null, "building:levels": null }, "geometry": { "type": "Polygon", "coordinates": [ [ [ 44.80089, 41.689223 ], [ 44.800885, 41.689001 ], [ 44.800584, 41.689005 ], [ 44.800586, 41.689113 ], [ 44.800427, 41.689116 ], [ 44.80043, 41.689229 ], [ 44.80089, 41.689223 ] ] ] } },
{ "type": "Feature", "properties": { "building": "commercial", "height": null, "building:levels": "7" }, "geometry": { "type": "Polygon", "coordinates": [ [ [ 44.799604, 41.69381 ], [ 44.799583, 41.693801 ], [ 44.79947, 41.693971 ], [ 44.799462, 41.693981 ], [ 44.79944, 41.693973 ], [ 44.799184, 41.694346 ], [ 44.799218, 41.694358 ], [ 44.799088, 41.694527 ], [ 44.799466, 41.694676 ], [ 44.799542, 41.694705 ], [ 44.799413, 41.694904 ], [ 44.799431, 41.694912 ], [ 44.799348, 41.695033 ], [ 44.799601, 41.69513 ], [ 44.799607, 41.69512 ], [ 44.799892, 41.695239 ], [ 44.799909, 41.695215 ], [ 44.799957, 41.695146 ], [ 44.8, 41.695163 ], [ 44.800143, 41.694958 ], [ 44.800334, 41.694668 ], [ 44.800354, 41.69464 ], [ 44.800613, 41.694274 ], [ 44.800653, 41.694212 ], [ 44.800194, 41.69404 ], [ 44.800165, 41.694073 ], [ 44.799726, 41.693895 ], [ 44.799745, 41.693871 ], [ 44.799604, 41.69381 ] ] ] } },
{ "type": "Feature", "properties": { "building": "apartments", "height": null, "building:levels": "3" }, "geometry": { "type": "Polygon", "coordinates": [ [ [ 44.806375, 41.691317 ], [ 44.806369, 41.691257 ], [ 44.80636, 41.691167 ], [ 44.806523, 41.691158 ], [ 44.806538, 41.691308 ], [ 44.806375, 41.691317 ] ] ] } },
{ "type": "Feature", "properties": { "building": "church", "height": null, "building:levels": null }, "geometry": { "type": "Polygon", "coordinates": [ [ [ 44.806365, 41.690692 ], [ 44.806382, 41.690609 ], [ 44.806617, 41.690636 ], [ 44.8066, 41.69072 ], [ 44.806365, 41.690692 ] ] ] } },
{ "type": "Feature", "properties": { "building": "house", "height": null, "building:levels": "3" }, "geometry": { "type": "Polygon", "coordinates": [ [ [ 44.800692, 41.689525 ], [ 44.80069, 41.689583 ], [ 44.800747, 41.689583 ], [ 44.80085, 41.689585 ], [ 44.801118, 41.689589 ], [ 44.801121, 41.689496 ], [ 44.801013, 41.689494 ], [ 44.801018, 41.689316 ], [ 44.800914, 41.689314 ], [ 44.800911, 41.689439 ], [ 44.800752, 41.689436 ], [ 44.800735, 41.689436 ], [ 44.800736, 41.689396 ], [ 44.800783, 41.689397 ], [ 44.800786, 41.689302 ], [ 44.800698, 41.6893 ], [ 44.800692, 41.689525 ] ] ] } },
{ "type": "Feature", "properties": { "building": "house", "height": null, "building:levels": "3" }, "geometry": { "type": "Polygon", "coordinates": [ [ [ 44.801601, 41.689622 ], [ 44.80139, 41.689616 ], [ 44.801307, 41.689613 ], [ 44.801322, 41.689384 ], [ 44.80133, 41.689197 ], [ 44.801431, 41.689199 ], [ 44.801426, 41.689381 ], [ 44.80158, 41.689384 ], [ 44.80158, 41.68948 ], [ 44.801606, 41.68948 ], [ 44.801601, 41.689622 ] ] ] } },
{ "type": "Feature", "properties": { "building": "house", "height": null, "building:levels": "2" }, "geometry": { "type": "Polygon", "coordinates": [ [ [ 44.801036, 41.688929 ], [ 44.801099, 41.688923 ], [ 44.801111, 41.688977 ], [ 44.801066, 41.688981 ], [ 44.801071, 41.689063 ], [ 44.801268, 41.689067 ], [ 44.801267, 41.689139 ], [ 44.801294, 41.689133 ], [ 44.801281, 41.689298 ], [ 44.801009, 41.689288 ], [ 44.801006, 41.689064 ], [ 44.800981, 41.689064 ], [ 44.800978, 41.688931 ], [ 44.801036, 41.688929 ] ] ] } },
{ "type": "Feature", "properties": { "building": "house", "height": null, "building:levels": "2" }, "geometry": { "type": "Polygon", "coordinates": [ [ [ 44.80269, 41.689703 ], [ 44.802712, 41.689705 ], [ 44.802882, 41.689722 ], [ 44.80291, 41.689568 ], [ 44.802786, 41.689557 ], [ 44.802807, 41.689415 ], [ 44.802803, 41.689372 ], [ 44.802716, 41.689367 ], [ 44.802709, 41.689456 ], [ 44.80269, 41.689703 ] ] ] } },
{ "type": "Feature", "properties": { "building": "house", "height": null, "building:levels": null }, "geometry": { "type": "Polygon", "coordinates": [ [ [ 44.802569, 41.689234 ], [ 44.802726, 41.689238 ], [ 44.802725, 41.689276 ], [ 44.802838, 41.689279 ], [ 44.80284, 41.68924 ], [ 44.802911, 41.689242 ], [ 44.802916, 41.689127 ], [ 44.802848, 41.689126 ], [ 44.802849, 41.689104 ], [ 44.80274, 41.689102 ], [ 44.802739, 41.689123 ], [ 44.802574, 41.689119 ], [ 44.802569, 41.689234 ] ] ] } },
{ "type": "Feature", "properties": { "building": "house", "height": null, "building:levels": "2" }, "geometry": { "type": "Polygon", "coordinates": [ [ [ 44.802205, 41.689132 ], [ 44.802243, 41.689133 ], [ 44.802234, 41.689213 ], [ 44.802446, 41.689227 ], [ 44.802461, 41.6891 ], [ 44.802523, 41.689104 ], [ 44.802532, 41.689031 ], [ 44.802341, 41.689016 ], [ 44.802342, 41.688984 ], [ 44.802148, 41.688976 ], [ 44.802144, 41.689044 ], [ 44.802205, 41.689046 ], [ 44.802205, 41.689132 ] ] ] } },
{ "type": "Feature", "properties": { "building": "house", "height": null, "building:levels": "2" }, "geometry": { "type": "Polygon", "coordinates": [ [ [ 44.805441, 41.690131 ], [ 44.805525, 41.689995 ], [ 44.805373, 41.689942 ], [ 44.805288, 41.690078 ], [ 44.805441, 41.690131 ] ] ] } },
{ "type": "Feature", "properties": { "building": "house", "height": null, "building:levels": "3" }, "geometry": { "type": "Polygon", "coordinates": [ [ [ 44.804862, 41.689987 ], [ 44.804856, 41.689998 ], [ 44.804688, 41.689974 ], [ 44.804686, 41.689879 ], [ 44.804689, 41.689815 ], [ 44.804769, 41.689825 ], [ 44.804781, 41.68971 ], [ 44.804895, 41.689703 ], [ 44.804862, 41.689987 ] ] ] } },
{ "type": "Feature", "properties": { "building": "house", "height": null, "building:levels": "2" }, "geometry": { "type": "Polygon", "coordinates": [ [ [ 44.804395, 41.689821 ], [ 44.804495, 41.689819 ], [ 44.804535, 41.689819 ], [ 44.804538, 41.689855 ], [ 44.804548, 41.689855 ], [ 44.804551, 41.689882 ], [ 44.804554, 41.689985 ], [ 44.80438, 41.68996 ], [ 44.804395, 41.689821 ] ] ] } },
{ "type": "Feature", "properties": { "building": "hotel", "height": null, "building:levels": "2" }, "geometry": { "type": "Polygon", "coordinates": [ [ [ 44.808882, 41.687345 ], [ 44.808855, 41.687305 ], [ 44.808992, 41.687247 ], [ 44.809024, 41.687289 ], [ 44.808924, 41.68733 ], [ 44.808882, 41.687345 ] ] ] } },
{ "type": "Feature", "properties": { "building": "church", "height": null, "building:levels": null }, "geometry": { "type": "Polygon", "coordinates": [ [ [ 44.80485, 41.694446 ], [ 44.804527, 41.694338 ], [ 44.804603, 41.694212 ], [ 44.804925, 41.694321 ], [ 44.80485, 41.694446 ] ] ] } },
{ "type": "Feature", "properties": { "building": "yes", "height": null, "building:levels": "2" }, "geometry": { "type": "Polygon", "coordinates": [ [ [ 44.804263, 41.6919 ], [ 44.804402, 41.691794 ], [ 44.804416, 41.691769 ], [ 44.804564, 41.691783 ], [ 44.804544, 41.691926 ], [ 44.804419, 41.692015 ], [ 44.804263, 41.6919 ] ] ] } },
{ "type": "Feature", "properties": { "building": "yes", "height": null, "building:levels": null }, "geometry": { "type": "Polygon", "coordinates": [ [ [ 44.812216, 41.691213 ], [ 44.812212, 41.69112 ], [ 44.812298, 41.691118 ], [ 44.812303, 41.691211 ], [ 44.812216, 41.691213 ] ] ] } },
{ "type": "Feature", "properties": { "building": "detached", "height": null, "building:levels": null }, "geometry": { "type": "Polygon", "coordinates": [ [ [ 44.805742, 41.688836 ], [ 44.805743, 41.688813 ], [ 44.805672, 41.688812 ], [ 44.805671, 41.68885 ], [ 44.80572, 41.688851 ], [ 44.80572, 41.688909 ], [ 44.805813, 41.688909 ], [ 44.805813, 41.688836 ], [ 44.805742, 41.688836 ] ] ] } },
{ "type": "Feature", "properties": { "building": "yes", "height": null, "building:levels": null }, "geometry": { "type": "Polygon", "coordinates": [ [ [ 44.810247, 41.68886 ], [ 44.810102, 41.688906 ], [ 44.810137, 41.688974 ], [ 44.810283, 41.688929 ], [ 44.810247, 41.68886 ] ] ] } },
{ "type": "Feature", "properties": { "building": "apartments", "height": null, "building:levels": "5" }, "geometry": { "type": "Polygon", "coordinates": [ [ [ 44.803635, 41.689993 ], [ 44.803653, 41.689904 ], [ 44.803868, 41.689931 ], [ 44.803866, 41.689937 ], [ 44.80401, 41.689955 ], [ 44.803979, 41.690078 ], [ 44.803873, 41.690063 ], [ 44.803828, 41.690063 ], [ 44.803838, 41.690017 ], [ 44.803635, 41.689993 ] ] ] } },
{ "type": "Feature", "properties": { "building": "apartments", "height": null, "building:levels": "3" }, "geometry": { "type": "Polygon", "coordinates": [ [ [ 44.807249, 41.692487 ], [ 44.807278, 41.692489 ], [ 44.807265, 41.692547 ], [ 44.807197, 41.692544 ], [ 44.80718, 41.692631 ], [ 44.807225, 41.692636 ], [ 44.807194, 41.692747 ], [ 44.807099, 41.692749 ], [ 44.807083, 41.692566 ], [ 44.807096, 41.692473 ], [ 44.807249, 41.692487 ] ] ] } },
{ "type": "Feature", "properties": { "building": "detached", "height": null, "building:levels": null }, "geometry": { "type": "Polygon", "coordinates": [ [ [ 44.807144, 41.691726 ], [ 44.807045, 41.691691 ], [ 44.807144, 41.691532 ], [ 44.807185, 41.691546 ], [ 44.807161, 41.691586 ], [ 44.807237, 41.691612 ], [ 44.80723, 41.691623 ], [ 44.807225, 41.691632 ], [ 44.807279, 41.691651 ], [ 44.807216, 41.691751 ], [ 44.807144, 41.691726 ] ] ] } },
{ "type": "Feature", "properties": { "building": "tower", "height": null, "building:levels": null }, "geometry": { "type": "Polygon", "coordinates": [ [ [ 44.807039, 41.691289 ], [ 44.807088, 41.691206 ], [ 44.80719, 41.69124 ], [ 44.807143, 41.691323 ], [ 44.807039, 41.691289 ] ] ] } },
{ "type": "Feature", "properties": { "building": "ruins", "height": null, "building:levels": null }, "geometry": { "type": "Polygon", "coordinates": [ [ [ 44.81195, 41.693669 ], [ 44.811926, 41.693553 ], [ 44.811922, 41.693533 ], [ 44.812196, 41.693501 ], [ 44.812225, 41.693637 ], [ 44.812, 41.693663 ], [ 44.81195, 41.693669 ] ] ] } },
{ "type": "Feature", "properties": { "building": "yes", "height": null, "building:levels": null }, "geometry": { "type": "Polygon", "coordinates": [ [ [ 44.81236, 41.687124 ], [ 44.812358, 41.687121 ], [ 44.812277, 41.687017 ], [ 44.812255, 41.686989 ], [ 44.812154, 41.687033 ], [ 44.812199, 41.687091 ], [ 44.812211, 41.687086 ], [ 44.812271, 41.687163 ], [ 44.81236, 41.687124 ] ] ] } },
{ "type": "Feature", "properties": { "building": "apartments", "height": null, "building:levels": null }, "geometry": { "type": "Polygon", "coordinates": [ [ [ 44.812404, 41.687022 ], [ 44.812366, 41.686972 ], [ 44.812401, 41.686957 ], [ 44.812347, 41.686887 ], [ 44.812219, 41.686943 ], [ 44.812242, 41.686976 ], [ 44.812255, 41.686989 ], [ 44.812277, 41.687017 ], [ 44.812358, 41.687121 ], [ 44.81245, 41.687081 ], [ 44.812432, 41.687057 ], [ 44.812482, 41.687014 ], [ 44.812443, 41.686988 ], [ 44.812404, 41.687022 ] ] ] } },
{ "type": "Feature", "properties": { "building": "yes", "height": null, "building:levels": null }, "geometry": { "type": "Polygon", "coordinates": [ [ [ 44.812489, 41.686796 ], [ 44.812454, 41.686816 ], [ 44.812505, 41.686862 ], [ 44.812579, 41.686823 ], [ 44.812636, 41.686788 ], [ 44.812668, 41.686762 ], [ 44.81261, 41.686715 ], [ 44.812551, 41.686756 ], [ 44.81252, 41.686773 ], [ 44.812526, 41.68678 ], [ 44.812489, 41.686796 ] ] ] } },
{ "type": "Feature", "properties": { "building": "commercial", "height": null, "building:levels": "11" }, "geometry": { "type": "Polygon", "coordinates": [ [ [ 44.800642, 41.695517 ], [ 44.800683, 41.695543 ], [ 44.800704, 41.695561 ], [ 44.800728, 41.695571 ], [ 44.800766, 41.695577 ], [ 44.800814, 41.695581 ], [ 44.800884, 41.695585 ], [ 44.800948, 41.695601 ], [ 44.801002, 41.695633 ], [ 44.801023, 41.695657 ], [ 44.801045, 41.695687 ], [ 44.801077, 41.695713 ], [ 44.801109, 41.695732 ], [ 44.801152, 41.695741 ], [ 44.801206, 41.695737 ], [ 44.801243, 41.695726 ], [ 44.801278, 41.695703 ], [ 44.801297, 41.695683 ], [ 44.801308, 41.695649 ], [ 44.801305, 41.695623 ], [ 44.801297, 41.695585 ], [ 44.801273, 41.695547 ], [ 44.801243, 41.695505 ], [ 44.801235, 41.695453 ], [ 44.801235, 41.695417 ], [ 44.801248, 41.695359 ], [ 44.801283, 41.695297 ], [ 44.801334, 41.695245 ], [ 44.801383, 41.695215 ], [ 44.801436, 41.695187 ], [ 44.801493, 41.695183 ], [ 44.801549, 41.695175 ], [ 44.801592, 41.695161 ], [ 44.801613, 41.695133 ], [ 44.801624, 41.695103 ], [ 44.801624, 41.695075 ], [ 44.801619, 41.695034 ], [ 44.801589, 41.695003 ], [ 44.801535, 41.694991 ], [ 44.801493, 41.694986 ], [ 44.801452, 41.694972 ], [ 44.801428, 41.694952 ], [ 44.801407, 41.694928 ], [ 44.801388, 41.694894 ], [ 44.801388, 41.694852 ], [ 44.80142, 41.694814 ], [ 44.801482, 41.694794 ], [ 44.801522, 41.694784 ], [ 44.801567, 41.694761 ], [ 44.801602, 41.694738 ], [ 44.801632, 41.694706 ], [ 44.80166, 41.694661 ], [ 44.801647, 41.694596 ], [ 44.801614, 41.694564 ], [ 44.801565, 41.694543 ], [ 44.801468, 41.69452 ], [ 44.801458, 41.694516 ], [ 44.801358, 41.694479 ], [ 44.801279, 41.694441 ], [ 44.801254, 41.694429 ], [ 44.801205, 41.694505 ], [ 44.801204, 41.694611 ], [ 44.801176, 41.694644 ], [ 44.801193, 41.695144 ], [ 44.800991, 41.69526 ], [ 44.801032, 41.69531 ], [ 44.800838, 41.695403 ], [ 44.800804, 41.695419 ], [ 44.800725, 41.695401 ], [ 44.800642, 41.695517 ] ] ] } },
{ "type": "Feature", "properties": { "building": "church", "height": null, "building:levels": null }, "geometry": { "type": "Polygon", "coordinates": [ [ [ 44.803343, 41.692795 ], [ 44.803738, 41.692906 ], [ 44.803779, 41.692824 ], [ 44.803802, 41.692779 ], [ 44.803408, 41.692667 ], [ 44.803343, 41.692795 ] ] ] } },
{ "type": "Feature", "properties": { "building": "house", "height": null, "building:levels": "1" }, "geometry": { "type": "Polygon", "coordinates": [ [ [ 44.80498, 41.694499 ], [ 44.805031, 41.694434 ], [ 44.804948, 41.694398 ], [ 44.804897, 41.694462 ], [ 44.80498, 41.694499 ] ] ] } },
{ "type": "Feature", "properties": { "building": "house", "height": null, "building:levels": "1" }, "geometry": { "type": "Polygon", "coordinates": [ [ [ 44.80485, 41.694669 ], [ 44.804936, 41.69453 ], [ 44.80474, 41.694444 ], [ 44.804712, 41.69448 ], [ 44.804743, 41.694494 ], [ 44.804697, 41.694552 ], [ 44.80464, 41.69453 ], [ 44.804634, 41.694542 ], [ 44.80461, 41.694586 ], [ 44.80485, 41.694669 ] ] ] } },
{ "type": "Feature", "properties": { "building": "apartments", "height": null, "building:levels": "2" }, "geometry": { "type": "Polygon", "coordinates": [ [ [ 44.804265, 41.69448 ], [ 44.804421, 41.694526 ], [ 44.80446, 41.694453 ], [ 44.804303, 41.694407 ], [ 44.804265, 41.69448 ] ] ] } },
{ "type": "Feature", "properties": { "building": "apartments", "height": null, "building:levels": "3" }, "geometry": { "type": "Polygon", "coordinates": [ [ [ 44.802858, 41.691259 ], [ 44.802952, 41.691241 ], [ 44.802958, 41.691103 ], [ 44.803055, 41.691114 ], [ 44.803009, 41.691231 ], [ 44.803224, 41.691194 ], [ 44.803268, 41.691088 ], [ 44.803001, 41.691046 ], [ 44.802961, 41.691048 ], [ 44.802869, 41.691038 ], [ 44.802858, 41.691259 ] ] ] } },
{ "type": "Feature", "properties": { "building": "apartments", "height": null, "building:levels": "2" }, "geometry": { "type": "Polygon", "coordinates": [ [ [ 44.802172, 41.691057 ], [ 44.802274, 41.691063 ], [ 44.802302, 41.691065 ], [ 44.802335, 41.691067 ], [ 44.802339, 41.69103 ], [ 44.802349, 41.690971 ], [ 44.802373, 41.690972 ], [ 44.802382, 41.690947 ], [ 44.802412, 41.690947 ], [ 44.802422, 41.690922 ], [ 44.802185, 41.690906 ], [ 44.802172, 41.691057 ] ] ] } },
{ "type": "Feature", "properties": { "building": "yes", "height": "0.5", "building:levels": null }, "geometry": { "type": "Polygon", "coordinates": [ [ [ 44.801368, 41.693448 ], [ 44.801397, 41.693475 ], [ 44.801437, 41.693494 ], [ 44.801482, 41.693503 ], [ 44.801532, 41.6935 ], [ 44.801578, 41.693485 ], [ 44.801614, 41.693459 ], [ 44.801637, 41.693426 ], [ 44.801643, 41.693388 ], [ 44.801633, 41.693352 ], [ 44.801607, 41.69332 ], [ 44.801568, 41.693297 ], [ 44.80152, 41.693284 ], [ 44.80147, 41.693284 ], [ 44.801426, 41.693296 ], [ 44.801389, 41.693317 ], [ 44.801362, 41.693346 ], [ 44.801349, 41.69338 ], [ 44.801351, 41.693415 ], [ 44.801368, 41.693448 ] ] ] } },
{ "type": "Feature", "properties": { "building": "apartments", "height": null, "building:levels": "3" }, "geometry": { "type": "Polygon", "coordinates": [ [ [ 44.803268, 41.691088 ], [ 44.803299, 41.691014 ], [ 44.803017, 41.690974 ], [ 44.803001, 41.691046 ], [ 44.803268, 41.691088 ] ] ] } },
{ "type": "Feature", "properties": { "building": "apartments", "height": null, "building:levels": "2" }, "geometry": { "type": "Polygon", "coordinates": [ [ [ 44.803299, 41.691014 ], [ 44.803323, 41.690955 ], [ 44.80334, 41.690913 ], [ 44.803348, 41.690893 ], [ 44.803217, 41.690868 ], [ 44.803172, 41.690859 ], [ 44.803147, 41.690936 ], [ 44.803076, 41.690922 ], [ 44.803099, 41.690846 ], [ 44.802908, 41.690813 ], [ 44.802887, 41.690894 ], [ 44.802863, 41.690893 ], [ 44.802865, 41.690881 ], [ 44.802843, 41.690877 ], [ 44.802832, 41.690902 ], [ 44.802821, 41.690946 ], [ 44.803017, 41.690974 ], [ 44.803299, 41.691014 ] ] ] } },
{ "type": "Feature", "properties": { "building": "hotel", "height": null, "building:levels": "4" }, "geometry": { "type": "Polygon", "coordinates": [ [ [ 44.805491, 41.694141 ], [ 44.805567, 41.694168 ], [ 44.805624, 41.694071 ], [ 44.805638, 41.694075 ], [ 44.805661, 41.694018 ], [ 44.805539, 41.693984 ], [ 44.805504, 41.693982 ], [ 44.805467, 41.69403 ], [ 44.805484, 41.694035 ], [ 44.805472, 41.694054 ], [ 44.805532, 41.694075 ], [ 44.805491, 41.694141 ] ] ] } },
{ "type": "Feature", "properties": { "building": "yes", "height": null, "building:levels": "2" }, "geometry": { "type": "Polygon", "coordinates": [ [ [ 44.802784, 41.692606 ], [ 44.802827, 41.69261 ], [ 44.802808, 41.692671 ], [ 44.802812, 41.692725 ], [ 44.802781, 41.692726 ], [ 44.802788, 41.69277 ], [ 44.802898, 41.692767 ], [ 44.802929, 41.692764 ], [ 44.802933, 41.692711 ], [ 44.802944, 41.692582 ], [ 44.802915, 41.692554 ], [ 44.802898, 41.692551 ], [ 44.802806, 41.692533 ], [ 44.802784, 41.692606 ] ] ] } },
{ "type": "Feature", "properties": { "building": "detached", "height": null, "building:levels": "4" }, "geometry": { "type": "Polygon", "coordinates": [ [ [ 44.80703, 41.688795 ], [ 44.807032, 41.688699 ], [ 44.80717, 41.688704 ], [ 44.807167, 41.68877 ], [ 44.807166, 41.688798 ], [ 44.80703, 41.688795 ] ] ] } },
{ "type": "Feature", "properties": { "building": "detached", "height": null, "building:levels": null }, "geometry": { "type": "Polygon", "coordinates": [ [ [ 44.80694, 41.688801 ], [ 44.806943, 41.688697 ], [ 44.807032, 41.688699 ], [ 44.80703, 41.688795 ], [ 44.807028, 41.688803 ], [ 44.80694, 41.688801 ] ] ] } },
{ "type": "Feature", "properties": { "building": "detached", "height": null, "building:levels": null }, "geometry": { "type": "Polygon", "coordinates": [ [ [ 44.810442, 41.687022 ], [ 44.810403, 41.687083 ], [ 44.810398, 41.687153 ], [ 44.810406, 41.68721 ], [ 44.810549, 41.687213 ], [ 44.810551, 41.687171 ], [ 44.810502, 41.68717 ], [ 44.810514, 41.687038 ], [ 44.810442, 41.687022 ] ] ] } },
{ "type": "Feature", "properties": { "building": "detached", "height": null, "building:levels": "2" }, "geometry": { "type": "Polygon", "coordinates": [ [ [ 44.810271, 41.686924 ], [ 44.810245, 41.686981 ], [ 44.81024, 41.686992 ], [ 44.81038, 41.687039 ], [ 44.810364, 41.687069 ], [ 44.810403, 41.687083 ], [ 44.810442, 41.687022 ], [ 44.810398, 41.687007 ], [ 44.81041, 41.686981 ], [ 44.810401, 41.686961 ], [ 44.810278, 41.686915 ], [ 44.810271, 41.686924 ] ] ] } },
{ "type": "Feature", "properties": { "building": "pavilion", "height": null, "building:levels": "1" }, "geometry": { "type": "Polygon", "coordinates": [ [ [ 44.811041, 41.691894 ], [ 44.81107, 41.691852 ], [ 44.811113, 41.691868 ], [ 44.811084, 41.69191 ], [ 44.811041, 41.691894 ] ] ] } },
{ "type": "Feature", "properties": { "building": "yes", "height": null, "building:levels": "4" }, "geometry": { "type": "Polygon", "coordinates": [ [ [ 44.802386, 41.694383 ], [ 44.802547, 41.694366 ], [ 44.802568, 41.694574 ], [ 44.802569, 41.694586 ], [ 44.802431, 41.694604 ], [ 44.802386, 41.694383 ] ] ] } },
{ "type": "Feature", "properties": { "building": "house", "height": null, "building:levels": "2" }, "geometry": { "type": "Polygon", "coordinates": [ [ [ 44.80279, 41.694343 ], [ 44.802825, 41.694347 ], [ 44.802828, 41.694316 ], [ 44.802947, 41.694326 ], [ 44.802944, 41.694355 ], [ 44.803032, 41.694362 ], [ 44.803041, 41.694288 ], [ 44.802976, 41.694272 ], [ 44.802978, 41.694259 ], [ 44.802913, 41.694249 ], [ 44.802898, 41.694246 ], [ 44.802808, 41.694238 ], [ 44.802805, 41.694281 ], [ 44.802797, 41.69428 ], [ 44.802792, 41.69432 ], [ 44.80279, 41.694343 ] ] ] } },
{ "type": "Feature", "properties": { "building": "house", "height": null, "building:levels": "1" }, "geometry": { "type": "Polygon", "coordinates": [ [ [ 44.802976, 41.694272 ], [ 44.802978, 41.694259 ], [ 44.802981, 41.694199 ], [ 44.803082, 41.694202 ], [ 44.803088, 41.694255 ], [ 44.803049, 41.694255 ], [ 44.803041, 41.694288 ], [ 44.802976, 41.694272 ] ] ] } },
{ "type": "Feature", "properties": { "building": "house", "height": null, "building:levels": "1" }, "geometry": { "type": "Polygon", "coordinates": [ [ [ 44.802913, 41.694249 ], [ 44.80291, 41.694192 ], [ 44.802926, 41.694191 ], [ 44.802924, 41.694182 ], [ 44.802965, 41.694179 ], [ 44.80296, 41.694143 ], [ 44.803009, 41.694142 ], [ 44.803009, 41.694133 ], [ 44.803063, 41.694136 ], [ 44.803062, 41.694117 ], [ 44.80294, 41.694131 ], [ 44.802939, 41.694122 ], [ 44.802905, 41.694124 ], [ 44.802903, 41.694086 ], [ 44.803006, 41.694071 ], [ 44.80307, 41.694056 ], [ 44.803082, 41.694202 ], [ 44.802981, 41.694199 ], [ 44.802978, 41.694259 ], [ 44.802913, 41.694249 ] ] ] } },
{ "type": "Feature", "properties": { "building": "yes", "height": null, "building:levels": null }, "geometry": { "type": "Polygon", "coordinates": [ [ [ 44.802282, 41.693919 ], [ 44.802326, 41.69391 ], [ 44.802485, 41.693893 ], [ 44.802531, 41.693884 ], [ 44.802563, 41.694056 ], [ 44.802322, 41.694081 ], [ 44.802299, 41.69399 ], [ 44.802282, 41.693919 ] ] ] } },
{ "type": "Feature", "properties": { "building": "yes", "height": null, "building:levels": null }, "geometry": { "type": "Polygon", "coordinates": [ [ [ 44.811633, 41.689344 ], [ 44.811628, 41.689303 ], [ 44.811508, 41.689311 ], [ 44.811513, 41.689352 ], [ 44.811633, 41.689344 ] ] ] } },
{ "type": "Feature", "properties": { "building": "yes", "height": null, "building:levels": null }, "geometry": { "type": "Polygon", "coordinates": [ [ [ 44.811409, 41.689472 ], [ 44.811402, 41.689435 ], [ 44.811379, 41.689437 ], [ 44.811374, 41.689412 ], [ 44.811272, 41.689423 ], [ 44.811284, 41.689485 ], [ 44.811409, 41.689472 ] ] ] } },
{ "type": "Feature", "properties": { "building": "church", "height": null, "building:levels": null }, "geometry": { "type": "Polygon", "coordinates": [ [ [ 44.811205, 41.690255 ], [ 44.81128, 41.69025 ], [ 44.811278, 41.69023 ], [ 44.811274, 41.690203 ], [ 44.811336, 41.690199 ], [ 44.811355, 41.690193 ], [ 44.811366, 41.69018 ], [ 44.811364, 41.690164 ], [ 44.811355, 41.690157 ], [ 44.811369, 41.690147 ], [ 44.811377, 41.690131 ], [ 44.811375, 41.690115 ], [ 44.811363, 41.690101 ], [ 44.811348, 41.690094 ], [ 44.811355, 41.690085 ], [ 44.811353, 41.690069 ], [ 44.81134, 41.690058 ], [ 44.81132, 41.690055 ], [ 44.811124, 41.690068 ], [ 44.811141, 41.690212 ], [ 44.8112, 41.690208 ], [ 44.811205, 41.690255 ] ] ] } },
{ "type": "Feature", "properties": { "building": "chapel", "height": null, "building:levels": null }, "geometry": { "type": "Polygon", "coordinates": [ [ [ 44.81058, 41.690279 ], [ 44.810564, 41.690271 ], [ 44.810559, 41.690257 ], [ 44.810567, 41.690245 ], [ 44.810583, 41.690241 ], [ 44.810604, 41.690247 ], [ 44.810609, 41.690263 ], [ 44.810598, 41.690275 ], [ 44.81058, 41.690279 ] ] ] } },
{ "type": "Feature", "properties": { "building": "chapel", "height": null, "building:levels": "1" }, "geometry": { "type": "Polygon", "coordinates": [ [ [ 44.81065, 41.690403 ], [ 44.810631, 41.690395 ], [ 44.810628, 41.690387 ], [ 44.810567, 41.690375 ], [ 44.81057, 41.690365 ], [ 44.81053, 41.690358 ], [ 44.810511, 41.690406 ], [ 44.810542, 41.690412 ], [ 44.810538, 41.690428 ], [ 44.810623, 41.690443 ], [ 44.810628, 41.690429 ], [ 44.810648, 41.69042 ], [ 44.81065, 41.690403 ] ] ] } },
{ "type": "Feature", "properties": { "building": "commercial", "height": null, "building:levels": "1" }, "geometry": { "type": "Polygon", "coordinates": [ [ [ 44.810318, 41.691249 ], [ 44.81028, 41.691231 ], [ 44.81032, 41.691183 ], [ 44.810358, 41.691201 ], [ 44.810318, 41.691249 ] ] ] } },
{ "type": "Feature", "properties": { "building": "transportation", "height": null, "building:levels": null }, "geometry": { "type": "Polygon", "coordinates": [ [ [ 44.806794, 41.687954 ], [ 44.806787, 41.687966 ], [ 44.806775, 41.687975 ], [ 44.806759, 41.687981 ], [ 44.806741, 41.687983 ], [ 44.806724, 41.68798 ], [ 44.806709, 41.687973 ], [ 44.806698, 41.687962 ], [ 44.806693, 41.68795 ], [ 44.806693, 41.687937 ], [ 44.806699, 41.687926 ], [ 44.806708, 41.687916 ], [ 44.806722, 41.687909 ], [ 44.806738, 41.687905 ], [ 44.806754, 41.687906 ], [ 44.80677, 41.68791 ], [ 44.806783, 41.687918 ], [ 44.806792, 41.687928 ], [ 44.806796, 41.687941 ], [ 44.806794, 41.687954 ] ] ] } },
{ "type": "Feature", "properties": { "building": "tower", "height": null, "building:levels": null }, "geometry": { "type": "Polygon", "coordinates": [ [ [ 44.805016, 41.68895 ], [ 44.805017, 41.688893 ], [ 44.805089, 41.688895 ], [ 44.805087, 41.688951 ], [ 44.805016, 41.68895 ] ] ] } },
{ "type": "Feature", "properties": { "building": "residential", "height": null, "building:levels": "2" }, "geometry": { "type": "Polygon", "coordinates": [ [ [ 44.806458, 41.690475 ], [ 44.806489, 41.690393 ], [ 44.806497, 41.690357 ], [ 44.806521, 41.690318 ], [ 44.806556, 41.690328 ], [ 44.806533, 41.690397 ], [ 44.806662, 41.69041 ], [ 44.806654, 41.690513 ], [ 44.806577, 41.6905 ], [ 44.806458, 41.690475 ] ] ] } },
{ "type": "Feature", "properties": { "building": "residential", "height": null, "building:levels": "3" }, "geometry": { "type": "Polygon", "coordinates": [ [ [ 44.806654, 41.690513 ], [ 44.806812, 41.690546 ], [ 44.806847, 41.690516 ], [ 44.806834, 41.690448 ], [ 44.806791, 41.690451 ], [ 44.806719, 41.690451 ], [ 44.806718, 41.690413 ], [ 44.806662, 41.69041 ], [ 44.806654, 41.690513 ] ] ] } },
{ "type": "Feature", "properties": { "building": "yes", "height": null, "building:levels": null }, "geometry": { "type": "Polygon", "coordinates": [ [ [ 44.807652, 41.688412 ], [ 44.807634, 41.688491 ], [ 44.807623, 41.68849 ], [ 44.807503, 41.688475 ], [ 44.807477, 41.688471 ], [ 44.80748, 41.688459 ], [ 44.807483, 41.688445 ], [ 44.807455, 41.688442 ], [ 44.807458, 41.68843 ], [ 44.807414, 41.688424 ], [ 44.807423, 41.688383 ], [ 44.807652, 41.688412 ] ] ] } },
{ "type": "Feature", "properties": { "building": "hotel", "height": null, "building:levels": "3" }, "geometry": { "type": "Polygon", "coordinates": [ [ [ 44.806154, 41.690484 ], [ 44.806128, 41.690542 ], [ 44.806062, 41.690654 ], [ 44.806199, 41.690691 ], [ 44.806276, 41.690492 ], [ 44.80618, 41.690474 ], [ 44.806154, 41.690484 ] ] ] } },
{ "type": "Feature", "properties": { "building": "apartments", "height": null, "building:levels": "2" }, "geometry": { "type": "Polygon", "coordinates": [ [ [ 44.806199, 41.690691 ], [ 44.80627, 41.690709 ], [ 44.806272, 41.69074 ], [ 44.806325, 41.690742 ], [ 44.806326, 41.69073 ], [ 44.806379, 41.690572 ], [ 44.806401, 41.690516 ], [ 44.806276, 41.690492 ], [ 44.806199, 41.690691 ] ] ] } },
{ "type": "Feature", "properties": { "building": "apartments", "height": null, "building:levels": "2" }, "geometry": { "type": "Polygon", "coordinates": [ [ [ 44.806132, 41.690459 ], [ 44.806013, 41.690418 ], [ 44.80595, 41.690526 ], [ 44.805939, 41.690543 ], [ 44.805859, 41.690523 ], [ 44.805844, 41.690524 ], [ 44.805802, 41.690586 ], [ 44.805992, 41.690637 ], [ 44.806031, 41.690584 ], [ 44.806061, 41.690593 ], [ 44.806132, 41.690459 ] ] ] } },
{ "type": "Feature", "properties": { "building": "apartments", "height": null, "building:levels": "3" }, "geometry": { "type": "Polygon", "coordinates": [ [ [ 44.805681, 41.690558 ], [ 44.805802, 41.690586 ], [ 44.805844, 41.690524 ], [ 44.805859, 41.690523 ], [ 44.805882, 41.690478 ], [ 44.805929, 41.690498 ], [ 44.805927, 41.690519 ], [ 44.80595, 41.690526 ], [ 44.806013, 41.690418 ], [ 44.805799, 41.690339 ], [ 44.805771, 41.690428 ], [ 44.805752, 41.690474 ], [ 44.805748, 41.690498 ], [ 44.805718, 41.690492 ], [ 44.805681, 41.690558 ] ] ] } },
{ "type": "Feature", "properties": { "building": "apartments", "height": null, "building:levels": "3" }, "geometry": { "type": "Polygon", "coordinates": [ [ [ 44.805681, 41.690558 ], [ 44.805416, 41.690494 ], [ 44.805514, 41.690302 ], [ 44.805799, 41.690339 ], [ 44.805771, 41.690428 ], [ 44.805643, 41.690418 ], [ 44.805618, 41.690469 ], [ 44.805656, 41.690479 ], [ 44.805671, 41.690461 ], [ 44.805752, 41.690474 ], [ 44.805748, 41.690498 ], [ 44.805718, 41.690492 ], [ 44.805681, 41.690558 ] ] ] } },
{ "type": "Feature", "properties": { "building": "retail", "height": null, "building:levels": "1" }, "geometry": { "type": "Polygon", "coordinates": [ [ [ 44.806807, 41.690641 ], [ 44.806808, 41.690625 ], [ 44.806776, 41.690624 ], [ 44.806743, 41.690644 ], [ 44.806767, 41.690655 ], [ 44.806797, 41.69066 ], [ 44.806807, 41.690641 ] ] ] } },
{ "type": "Feature", "properties": { "building": "retail", "height": null, "building:levels": "1" }, "geometry": { "type": "Polygon", "coordinates": [ [ [ 44.806703, 41.690579 ], [ 44.806638, 41.690566 ], [ 44.806625, 41.690608 ], [ 44.806689, 41.690619 ], [ 44.806703, 41.690579 ] ] ] } },
{ "type": "Feature", "properties": { "building": "kiosk", "height": null, "building:levels": "1" }, "geometry": { "type": "Polygon", "coordinates": [ [ [ 44.80759, 41.690469 ], [ 44.807582, 41.690434 ], [ 44.807679, 41.69042 ], [ 44.80769, 41.690419 ], [ 44.807698, 41.690456 ], [ 44.80759, 41.690469 ] ] ] } },
{ "type": "Feature", "properties": { "building": "service", "height": null, "building:levels": null }, "geometry": { "type": "Polygon", "coordinates": [ [ [ 44.801672, 41.688934 ], [ 44.801676, 41.688913 ], [ 44.801721, 41.68892 ], [ 44.801707, 41.688981 ], [ 44.801664, 41.688976 ], [ 44.801672, 41.688934 ] ] ] } },
{ "type": "Feature", "properties": { "building": "yes", "height": "9", "building:levels": null }, "geometry": { "type": "Polygon", "coordinates": [ [ [ 44.806776, 41.690624 ], [ 44.806768, 41.690617 ], [ 44.806754, 41.690604 ], [ 44.80672, 41.690622 ], [ 44.806733, 41.690633 ], [ 44.806743, 41.690644 ], [ 44.806776, 41.690624 ] ] ] } },
{ "type": "Feature", "properties": { "building": "retail", "height": null, "building:levels": "1" }, "geometry": { "type": "Polygon", "coordinates": [ [ [ 44.806754, 41.690604 ], [ 44.806728, 41.690583 ], [ 44.806703, 41.690579 ], [ 44.806689, 41.690619 ], [ 44.806711, 41.690624 ], [ 44.80672, 41.690622 ], [ 44.806754, 41.690604 ] ] ] } },
{ "type": "Feature", "properties": { "building": "yes", "height": null, "building:levels": "1" }, "geometry": { "type": "Polygon", "coordinates": [ [ [ 44.806401, 41.690516 ], [ 44.806379, 41.690572 ], [ 44.80646, 41.69059 ], [ 44.806479, 41.690534 ], [ 44.806401, 41.690516 ] ] ] } },
{ "type": "Feature", "properties": { "building": "apartments", "height": null, "building:levels": "3" }, "geometry": { "type": "Polygon", "coordinates": [ [ [ 44.806336, 41.690252 ], [ 44.806403, 41.690161 ], [ 44.806469, 41.690073 ], [ 44.806558, 41.690072 ], [ 44.8066, 41.690134 ], [ 44.806563, 41.690203 ], [ 44.806538, 41.690247 ], [ 44.806577, 41.690267 ], [ 44.806613, 41.690291 ], [ 44.806604, 41.690339 ], [ 44.806556, 41.690328 ], [ 44.806521, 41.690318 ], [ 44.806336, 41.690252 ] ] ] } },
{ "type": "Feature", "properties": { "building": "service", "height": null, "building:levels": null }, "geometry": { "type": "Polygon", "coordinates": [ [ [ 44.80379, 41.686943 ], [ 44.803775, 41.686901 ], [ 44.803836, 41.686889 ], [ 44.80385, 41.686931 ], [ 44.80379, 41.686943 ] ] ] } },
{ "type": "Feature", "properties": { "building": "yes", "height": null, "building:levels": null }, "geometry": { "type": "Polygon", "coordinates": [ [ [ 44.802177, 41.686239 ], [ 44.802184, 41.686246 ], [ 44.802186, 41.686254 ], [ 44.802185, 41.686263 ], [ 44.80218, 41.686271 ], [ 44.802172, 41.686277 ], [ 44.802161, 41.686281 ], [ 44.802149, 41.686282 ], [ 44.802139, 41.68628 ], [ 44.802129, 41.686275 ], [ 44.802123, 41.686269 ], [ 44.802118, 41.686262 ], [ 44.802118, 41.686253 ], [ 44.802121, 41.686245 ], [ 44.802127, 41.686239 ], [ 44.802135, 41.686234 ], [ 44.802146, 41.686231 ], [ 44.802157, 41.686231 ], [ 44.802168, 41.686233 ], [ 44.802177, 41.686239 ] ] ] } },
{ "type": "Feature", "properties": { "building": "yes", "height": null, "building:levels": "2" }, "geometry": { "type": "Polygon", "coordinates": [ [ [ 44.80617, 41.689841 ], [ 44.806028, 41.689807 ], [ 44.806147, 41.689628 ], [ 44.806273, 41.689639 ], [ 44.806266, 41.689654 ], [ 44.806383, 41.68968 ], [ 44.806398, 41.689705 ], [ 44.806455, 41.689773 ], [ 44.806345, 41.6898 ], [ 44.806324, 41.68976 ], [ 44.80634, 41.689753 ], [ 44.806329, 41.689725 ], [ 44.806243, 41.689703 ], [ 44.806264, 41.689709 ], [ 44.806233, 41.689774 ], [ 44.806271, 41.689786 ], [ 44.806234, 41.689849 ], [ 44.80617, 41.689841 ] ] ] } },
{ "type": "Feature", "properties": { "building": "apartments", "height": null, "building:levels": "2" }, "geometry": { "type": "Polygon", "coordinates": [ [ [ 44.804554, 41.694881 ], [ 44.804685, 41.694925 ], [ 44.804808, 41.694703 ], [ 44.804711, 41.694674 ], [ 44.80472, 41.694658 ], [ 44.804533, 41.694601 ], [ 44.804488, 41.694689 ], [ 44.804547, 41.694706 ], [ 44.804637, 41.694732 ], [ 44.804624, 41.694758 ], [ 44.804575, 41.694836 ], [ 44.804554, 41.694881 ] ] ] } },
{ "type": "Feature", "properties": { "building": "apartments", "height": null, "building:levels": "2" }, "geometry": { "type": "Polygon", "coordinates": [ [ [ 44.804198, 41.694681 ], [ 44.804246, 41.694522 ], [ 44.804357, 41.694554 ], [ 44.804369, 41.694557 ], [ 44.804347, 41.694615 ], [ 44.804335, 41.694613 ], [ 44.804303, 41.694699 ], [ 44.804198, 41.694681 ] ] ] } },
{ "type": "Feature", "properties": { "building": "apartments", "height": null, "building:levels": "2" }, "geometry": { "type": "Polygon", "coordinates": [ [ [ 44.804146, 41.69482 ], [ 44.804198, 41.694681 ], [ 44.804303, 41.694699 ], [ 44.804332, 41.694701 ], [ 44.804321, 41.694728 ], [ 44.804278, 41.694822 ], [ 44.804211, 41.69481 ], [ 44.804204, 41.69483 ], [ 44.804146, 41.69482 ] ] ] } },
{ "type": "Feature", "properties": { "building": "apartments", "height": null, "building:levels": "2" }, "geometry": { "type": "Polygon", "coordinates": [ [ [ 44.804231, 41.694874 ], [ 44.804278, 41.694822 ], [ 44.804321, 41.694728 ], [ 44.804358, 41.694737 ], [ 44.804398, 41.694663 ], [ 44.804436, 41.694674 ], [ 44.804488, 41.694689 ], [ 44.804547, 41.694706 ], [ 44.804534, 41.694727 ], [ 44.804624, 41.694758 ], [ 44.804575, 41.694836 ], [ 44.804485, 41.694804 ], [ 44.804406, 41.694929 ], [ 44.804231, 41.694874 ] ] ] } },
{ "type": "Feature", "properties": { "building": "apartments", "height": null, "building:levels": "2" }, "geometry": { "type": "Polygon", "coordinates": [ [ [ 44.804033, 41.69509 ], [ 44.804105, 41.694931 ], [ 44.8043, 41.694987 ], [ 44.804366, 41.695006 ], [ 44.804354, 41.695028 ], [ 44.804338, 41.695065 ], [ 44.804237, 41.695038 ], [ 44.804226, 41.695058 ], [ 44.804383, 41.695099 ], [ 44.804276, 41.695184 ], [ 44.804033, 41.69509 ] ] ] } },
{ "type": "Feature", "properties": { "building": "apartments", "height": null, "building:levels": "3" }, "geometry": { "type": "Polygon", "coordinates": [ [ [ 44.804454, 41.695054 ], [ 44.804497, 41.694978 ], [ 44.80451, 41.694951 ], [ 44.80451, 41.694951 ], [ 44.804634, 41.694991 ], [ 44.804593, 41.695047 ], [ 44.804454, 41.695054 ] ] ] } },
{ "type": "Feature", "properties": { "building": "apartments", "height": null, "building:levels": "3" }, "geometry": { "type": "Polygon", "coordinates": [ [ [ 44.80411, 41.69491 ], [ 44.804136, 41.694845 ], [ 44.804231, 41.694874 ], [ 44.804406, 41.694929 ], [ 44.804366, 41.695006 ], [ 44.8043, 41.694987 ], [ 44.804309, 41.694968 ], [ 44.80411, 41.69491 ] ] ] } },
{ "type": "Feature", "properties": { "building": "apartments", "height": null, "building:levels": null }, "geometry": { "type": "Polygon", "coordinates": [ [ [ 44.804354, 41.695028 ], [ 44.804443, 41.695056 ], [ 44.804486, 41.694976 ], [ 44.804497, 41.694978 ], [ 44.80451, 41.694951 ], [ 44.804406, 41.694929 ], [ 44.804354, 41.695028 ] ] ] } },
{ "type": "Feature", "properties": { "building": "yes", "height": null, "building:levels": "2" }, "geometry": { "type": "Polygon", "coordinates": [ [ [ 44.805478, 41.694925 ], [ 44.805456, 41.694989 ], [ 44.805376, 41.694967 ], [ 44.805371, 41.694954 ], [ 44.805441, 41.694914 ], [ 44.805479, 41.694913 ], [ 44.805478, 41.694925 ] ] ] } },
{ "type": "Feature", "properties": { "building": "yes", "height": null, "building:levels": "2" }, "geometry": { "type": "Polygon", "coordinates": [ [ [ 44.80516, 41.694997 ], [ 44.805085, 41.694914 ], [ 44.805176, 41.694861 ], [ 44.805209, 41.694874 ], [ 44.80523, 41.694864 ], [ 44.805347, 41.694912 ], [ 44.80516, 41.694997 ] ] ] } },
{ "type": "Feature", "properties": { "building": "apartments", "height": null, "building:levels": "3" }, "geometry": { "type": "Polygon", "coordinates": [ [ [ 44.805347, 41.694912 ], [ 44.805361, 41.694931 ], [ 44.805425, 41.694902 ], [ 44.805425, 41.694884 ], [ 44.805344, 41.694824 ], [ 44.805146, 41.694756 ], [ 44.805202, 41.694678 ], [ 44.805238, 41.694631 ], [ 44.805058, 41.694548 ], [ 44.804904, 41.694719 ], [ 44.805106, 41.694793 ], [ 44.805097, 41.694841 ], [ 44.805176, 41.694861 ], [ 44.805209, 41.694874 ], [ 44.80523, 41.694864 ], [ 44.805347, 41.694912 ] ] ] } },
{ "type": "Feature", "properties": { "building": "church", "height": null, "building:levels": null }, "geometry": { "type": "Polygon", "coordinates": [ [ [ 44.806429, 41.694681 ], [ 44.806572, 41.694699 ], [ 44.806586, 41.694637 ], [ 44.806443, 41.694619 ], [ 44.806429, 41.694681 ] ] ] } },
{ "type": "Feature", "properties": { "building": "apartments", "height": null, "building:levels": "2" }, "geometry": { "type": "Polygon", "coordinates": [ [ [ 44.802929, 41.692783 ], [ 44.802986, 41.692794 ], [ 44.803057, 41.692831 ], [ 44.803173, 41.692867 ], [ 44.80322, 41.692756 ], [ 44.803025, 41.69272 ], [ 44.803024, 41.692742 ], [ 44.80294, 41.692732 ], [ 44.802929, 41.692783 ] ] ] } },
{ "type": "Feature", "properties": { "building": "hotel", "height": null, "building:levels": "3" }, "geometry": { "type": "Polygon", "coordinates": [ [ [ 44.803214, 41.69275 ], [ 44.803246, 41.692685 ], [ 44.803104, 41.692666 ], [ 44.803085, 41.692727 ], [ 44.803214, 41.69275 ] ] ] } },
{ "type": "Feature", "properties": { "building": "hotel", "height": null, "building:levels": "4" }, "geometry": { "type": "Polygon", "coordinates": [ [ [ 44.803045, 41.692651 ], [ 44.803253, 41.692681 ], [ 44.803279, 41.692612 ], [ 44.803081, 41.692564 ], [ 44.803045, 41.692651 ] ] ] } },
{ "type": "Feature", "properties": { "building": "apartments", "height": null, "building:levels": "2" }, "geometry": { "type": "Polygon", "coordinates": [ [ [ 44.803289, 41.692614 ], [ 44.803166, 41.692579 ], [ 44.803191, 41.692502 ], [ 44.803327, 41.692537 ], [ 44.803289, 41.692614 ] ] ] } },
{ "type": "Feature", "properties": { "building": "hotel", "height": null, "building:levels": "3" }, "geometry": { "type": "Polygon", "coordinates": [ [ [ 44.803284, 41.692519 ], [ 44.803325, 41.692436 ], [ 44.803368, 41.692446 ], [ 44.803421, 41.692344 ], [ 44.803158, 41.69232 ], [ 44.803145, 41.692412 ], [ 44.803215, 41.692418 ], [ 44.803182, 41.692497 ], [ 44.803284, 41.692519 ] ] ] } },
{ "type": "Feature", "properties": { "building": "apartments", "height": null, "building:levels": "3" }, "geometry": { "type": "Polygon", "coordinates": [ [ [ 44.803624, 41.692488 ], [ 44.803596, 41.692485 ], [ 44.803454, 41.692468 ], [ 44.803508, 41.692363 ], [ 44.803561, 41.692261 ], [ 44.803757, 41.69234 ], [ 44.803761, 41.692343 ], [ 44.803798, 41.692356 ], [ 44.803792, 41.692365 ], [ 44.803776, 41.692406 ], [ 44.803677, 41.69238 ], [ 44.803649, 41.692436 ], [ 44.803745, 41.692448 ], [ 44.803721, 41.692504 ], [ 44.803624, 41.692488 ] ] ] } },
{ "type": "Feature", "properties": { "building": "apartments", "height": null, "building:levels": "2" }, "geometry": { "type": "Polygon", "coordinates": [ [ [ 44.803757, 41.69234 ], [ 44.803818, 41.692217 ], [ 44.803759, 41.692196 ], [ 44.803728, 41.69224 ], [ 44.803612, 41.692187 ], [ 44.803561, 41.692261 ], [ 44.803757, 41.69234 ] ] ] } },
{ "type": "Feature", "properties": { "building": "apartments", "height": null, "building:levels": "2" }, "geometry": { "type": "Polygon", "coordinates": [ [ [ 44.803919, 41.692008 ], [ 44.803887, 41.692051 ], [ 44.803807, 41.692149 ], [ 44.803895, 41.692171 ], [ 44.803862, 41.69222 ], [ 44.803801, 41.692206 ], [ 44.803808, 41.69219 ], [ 44.803638, 41.69215 ], [ 44.80369, 41.692063 ], [ 44.80375, 41.692082 ], [ 44.803758, 41.692072 ], [ 44.803815, 41.692 ], [ 44.803836, 41.691974 ], [ 44.803785, 41.691954 ], [ 44.803835, 41.691886 ], [ 44.803949, 41.691927 ], [ 44.803969, 41.691946 ], [ 44.803919, 41.692008 ] ] ] } },
{ "type": "Feature", "properties": { "building": "house", "height": null, "building:levels": "2" }, "geometry": { "type": "Polygon", "coordinates": [ [ [ 44.803949, 41.691927 ], [ 44.803835, 41.691886 ], [ 44.803869, 41.691833 ], [ 44.80393, 41.691856 ], [ 44.803979, 41.691785 ], [ 44.804006, 41.691745 ], [ 44.80406, 41.691766 ], [ 44.804109, 41.691784 ], [ 44.804032, 41.691897 ], [ 44.803979, 41.691877 ], [ 44.803949, 41.691927 ] ] ] } },
{ "type": "Feature", "properties": { "building": "apartments", "height": null, "building:levels": "2" }, "geometry": { "type": "Polygon", "coordinates": [ [ [ 44.803728, 41.69193 ], [ 44.803572, 41.691875 ], [ 44.803593, 41.691809 ], [ 44.803616, 41.691814 ], [ 44.803689, 41.691653 ], [ 44.803702, 41.691613 ], [ 44.803753, 41.691626 ], [ 44.803866, 41.691657 ], [ 44.803728, 41.69193 ] ] ] } },
{ "type": "Feature", "properties": { "building": "apartments", "height": null, "building:levels": "2" }, "geometry": { "type": "Polygon", "coordinates": [ [ [ 44.803945, 41.69168 ], [ 44.804002, 41.691596 ], [ 44.803803, 41.691541 ], [ 44.803777, 41.691584 ], [ 44.803709, 41.691574 ], [ 44.803723, 41.691525 ], [ 44.803574, 41.691508 ], [ 44.803565, 41.691552 ], [ 44.80355, 41.691625 ], [ 44.803559, 41.691627 ], [ 44.803663, 41.691648 ], [ 44.803689, 41.691653 ], [ 44.803702, 41.691613 ], [ 44.803753, 41.691626 ], [ 44.803866, 41.691657 ], [ 44.803945, 41.69168 ] ] ] } },
{ "type": "Feature", "properties": { "building": "apartments", "height": null, "building:levels": "2" }, "geometry": { "type": "Polygon", "coordinates": [ [ [ 44.803995, 41.691561 ], [ 44.804016, 41.691443 ], [ 44.803863, 41.691428 ], [ 44.803555, 41.691396 ], [ 44.80355, 41.691425 ], [ 44.803547, 41.691439 ], [ 44.803544, 41.691455 ], [ 44.803759, 41.691479 ], [ 44.803762, 41.691463 ], [ 44.803825, 41.69147 ], [ 44.803815, 41.691527 ], [ 44.803995, 41.691561 ] ] ] } },
{ "type": "Feature", "properties": { "building": "office", "height": null, "building:levels": "3" }, "geometry": { "type": "Polygon", "coordinates": [ [ [ 44.803992, 41.691402 ], [ 44.803982, 41.691344 ], [ 44.803888, 41.691266 ], [ 44.803614, 41.691259 ], [ 44.803601, 41.691347 ], [ 44.803742, 41.691354 ], [ 44.80374, 41.691396 ], [ 44.803992, 41.691402 ] ] ] } },
{ "type": "Feature", "properties": { "building": "apartments", "height": null, "building:levels": "2" }, "geometry": { "type": "Polygon", "coordinates": [ [ [ 44.803465, 41.691395 ], [ 44.803467, 41.691384 ], [ 44.803515, 41.69139 ], [ 44.803523, 41.691355 ], [ 44.803597, 41.69136 ], [ 44.803601, 41.691347 ], [ 44.803614, 41.691259 ], [ 44.803618, 41.691239 ], [ 44.803499, 41.691236 ], [ 44.803499, 41.691252 ], [ 44.803458, 41.691252 ], [ 44.803457, 41.691313 ], [ 44.803404, 41.691303 ], [ 44.803406, 41.691232 ], [ 44.803288, 41.691229 ], [ 44.803253, 41.691257 ], [ 44.803253, 41.691309 ], [ 44.803342, 41.691312 ], [ 44.803341, 41.691324 ], [ 44.803348, 41.691325 ], [ 44.803328, 41.691379 ], [ 44.803465, 41.691395 ] ] ] } },
{ "type": "Feature", "properties": { "building": "apartments", "height": null, "building:levels": "2" }, "geometry": { "type": "Polygon", "coordinates": [ [ [ 44.803446, 41.691485 ], [ 44.803465, 41.691395 ], [ 44.803328, 41.691379 ], [ 44.803309, 41.691468 ], [ 44.803446, 41.691485 ] ] ] } },
{ "type": "Feature", "properties": { "building": "apartments", "height": null, "building:levels": "2" }, "geometry": { "type": "Polygon", "coordinates": [ [ [ 44.803376, 41.691701 ], [ 44.803382, 41.691664 ], [ 44.803489, 41.691687 ], [ 44.803475, 41.691735 ], [ 44.803516, 41.691749 ], [ 44.803559, 41.691627 ], [ 44.80355, 41.691625 ], [ 44.803459, 41.691603 ], [ 44.803292, 41.691563 ], [ 44.80327, 41.691666 ], [ 44.803376, 41.691701 ] ] ] } },
{ "type": "Feature", "properties": { "building": "apartments", "height": null, "building:levels": "2" }, "geometry": { "type": "Polygon", "coordinates": [ [ [ 44.803214, 41.691918 ], [ 44.803238, 41.691871 ], [ 44.803259, 41.691877 ], [ 44.803289, 41.69182 ], [ 44.803217, 41.691796 ], [ 44.803178, 41.691813 ], [ 44.803125, 41.691817 ], [ 44.803125, 41.691825 ], [ 44.803127, 41.691879 ], [ 44.803127, 41.691902 ], [ 44.803127, 41.691913 ], [ 44.803214, 41.691918 ] ] ] } },
{ "type": "Feature", "properties": { "building": "apartments", "height": null, "building:levels": "2" }, "geometry": { "type": "Polygon", "coordinates": [ [ [ 44.803213, 41.691781 ], [ 44.802977, 41.691776 ], [ 44.802979, 41.691715 ], [ 44.803015, 41.691716 ], [ 44.803019, 41.691615 ], [ 44.803132, 41.691617 ], [ 44.803219, 41.691619 ], [ 44.803213, 41.691781 ] ] ] } },
{ "type": "Feature", "properties": { "building": "yes", "height": null, "building:levels": null }, "geometry": { "type": "Polygon", "coordinates": [ [ [ 44.80281, 41.691738 ], [ 44.802807, 41.691646 ], [ 44.802947, 41.691643 ], [ 44.80295, 41.691735 ], [ 44.80281, 41.691738 ] ] ] } },
{ "type": "Feature", "properties": { "building": "apartments", "height": null, "building:levels": "3" }, "geometry": { "type": "Polygon", "coordinates": [ [ [ 44.803234, 41.691525 ], [ 44.803236, 41.691321 ], [ 44.803033, 41.691319 ], [ 44.803031, 41.691467 ], [ 44.803144, 41.691467 ], [ 44.803143, 41.691524 ], [ 44.803234, 41.691525 ] ] ] } },
{ "type": "Feature", "properties": { "building": "apartments", "height": null, "building:levels": "3" }, "geometry": { "type": "Polygon", "coordinates": [ [ [ 44.80253, 41.691464 ], [ 44.802774, 41.691464 ], [ 44.802773, 41.691319 ], [ 44.802535, 41.691309 ], [ 44.802535, 41.691312 ], [ 44.802533, 41.691378 ], [ 44.80253, 41.691464 ] ] ] } },
{ "type": "Feature", "properties": { "building": "apartments", "height": null, "building:levels": "3" }, "geometry": { "type": "Polygon", "coordinates": [ [ [ 44.802276, 41.691483 ], [ 44.802137, 41.691485 ], [ 44.802144, 41.691307 ], [ 44.802329, 41.691313 ], [ 44.802328, 41.691397 ], [ 44.802527, 41.69139 ], [ 44.802528, 41.691468 ], [ 44.802462, 41.691469 ], [ 44.802462, 41.691475 ], [ 44.802384, 41.691479 ], [ 44.802276, 41.691483 ] ] ] } },
{ "type": "Feature", "properties": { "building": "apartments", "height": null, "building:levels": null }, "geometry": { "type": "Polygon", "coordinates": [ [ [ 44.802273, 41.69158 ], [ 44.802134, 41.69158 ], [ 44.802135, 41.691556 ], [ 44.802137, 41.691485 ], [ 44.802276, 41.691483 ], [ 44.802274, 41.691557 ], [ 44.802273, 41.69158 ] ] ] } },
{ "type": "Feature", "properties": { "building": "apartments", "height": null, "building:levels": null }, "geometry": { "type": "Polygon", "coordinates": [ [ [ 44.80239, 41.691818 ], [ 44.802133, 41.691817 ], [ 44.802134, 41.691646 ], [ 44.802383, 41.691648 ], [ 44.802392, 41.691648 ], [ 44.802391, 41.691712 ], [ 44.80239, 41.691818 ] ] ] } },
{ "type": "Feature", "properties": { "building": "kindergarten", "height": null, "building:levels": "2" }, "geometry": { "type": "Polygon", "coordinates": [ [ [ 44.802568, 41.691249 ], [ 44.802416, 41.691244 ], [ 44.802433, 41.691038 ], [ 44.802492, 41.69104 ], [ 44.802493, 41.690963 ], [ 44.802809, 41.690973 ], [ 44.802807, 41.691027 ], [ 44.80286, 41.69103 ], [ 44.802851, 41.691257 ], [ 44.802697, 41.691254 ], [ 44.802704, 41.69114 ], [ 44.802723, 41.691131 ], [ 44.80272, 41.691122 ], [ 44.802716, 41.691114 ], [ 44.802712, 41.691107 ], [ 44.802703, 41.691098 ], [ 44.802695, 41.691092 ], [ 44.802684, 41.691086 ], [ 44.802673, 41.691082 ], [ 44.802658, 41.691079 ], [ 44.80265, 41.691077 ], [ 44.80264, 41.691077 ], [ 44.802627, 41.691078 ], [ 44.802611, 41.69108 ], [ 44.8026, 41.691084 ], [ 44.802592, 41.691088 ], [ 44.80258, 41.691095 ], [ 44.802568, 41.691105 ], [ 44.802562, 41.691116 ], [ 44.80256, 41.691128 ], [ 44.802575, 41.691132 ], [ 44.802568, 41.691249 ] ] ] } },
{ "type": "Feature", "properties": { "building": "yes", "height": null, "building:levels": "7" }, "geometry": { "type": "Polygon", "coordinates": [ [ [ 44.803999, 41.693167 ], [ 44.80408, 41.693083 ], [ 44.804056, 41.693063 ], [ 44.804114, 41.693015 ], [ 44.803857, 41.692859 ], [ 44.803748, 41.692942 ], [ 44.803911, 41.693056 ], [ 44.803882, 41.693088 ], [ 44.803999, 41.693167 ] ] ] } },
{ "type": "Feature", "properties": { "building": "yes", "height": null, "building:levels": null }, "geometry": { "type": "Polygon", "coordinates": [ [ [ 44.804193, 41.693032 ], [ 44.804368, 41.692923 ], [ 44.804369, 41.692912 ], [ 44.804369, 41.692895 ], [ 44.804301, 41.692864 ], [ 44.804143, 41.69298 ], [ 44.804193, 41.693032 ] ] ] } },
{ "type": "Feature", "properties": { "building": "yes", "height": null, "building:levels": null }, "geometry": { "type": "Polygon", "coordinates": [ [ [ 44.804172, 41.692894 ], [ 44.80418, 41.692883 ], [ 44.804207, 41.692849 ], [ 44.804217, 41.692836 ], [ 44.804163, 41.692812 ], [ 44.804118, 41.69287 ], [ 44.804172, 41.692894 ] ] ] } },
{ "type": "Feature", "properties": { "building": "yes", "height": null, "building:levels": null }, "geometry": { "type": "Polygon", "coordinates": [ [ [ 44.804163, 41.692812 ], [ 44.804077, 41.692791 ], [ 44.804039, 41.692833 ], [ 44.80399, 41.692811 ], [ 44.803943, 41.692864 ], [ 44.803942, 41.692869 ], [ 44.804033, 41.692911 ], [ 44.80406, 41.692878 ], [ 44.804087, 41.692893 ], [ 44.804118, 41.69287 ], [ 44.804163, 41.692812 ] ] ] } },
{ "type": "Feature", "properties": { "building": "yes", "height": null, "building:levels": null }, "geometry": { "type": "Polygon", "coordinates": [ [ [ 44.803943, 41.692864 ], [ 44.80399, 41.692811 ], [ 44.804007, 41.692784 ], [ 44.803875, 41.69274 ], [ 44.803871, 41.692746 ], [ 44.803819, 41.692817 ], [ 44.803943, 41.692864 ] ] ] } },
{ "type": "Feature", "properties": { "building": "yes", "height": null, "building:levels": null }, "geometry": { "type": "Polygon", "coordinates": [ [ [ 44.804368, 41.69286 ], [ 44.804453, 41.69289 ], [ 44.804529, 41.692838 ], [ 44.804482, 41.692824 ], [ 44.804508, 41.692781 ], [ 44.804455, 41.692763 ], [ 44.804465, 41.692748 ], [ 44.804393, 41.692724 ], [ 44.804384, 41.692739 ], [ 44.804341, 41.692724 ], [ 44.804314, 41.692715 ], [ 44.804264, 41.692814 ], [ 44.804373, 41.692848 ], [ 44.804368, 41.69286 ] ] ] } },
{ "type": "Feature", "properties": { "building": "yes", "height": null, "building:levels": null }, "geometry": { "type": "Polygon", "coordinates": [ [ [ 44.80457, 41.692702 ], [ 44.804548, 41.692742 ], [ 44.804534, 41.692768 ], [ 44.804474, 41.692749 ], [ 44.804499, 41.6927 ], [ 44.80451, 41.692684 ], [ 44.80457, 41.692702 ] ] ] } },
{ "type": "Feature", "properties": { "building": "yes", "height": null, "building:levels": null }, "geometry": { "type": "Polygon", "coordinates": [ [ [ 44.804714, 41.692666 ], [ 44.804476, 41.692647 ], [ 44.804486, 41.692622 ], [ 44.804508, 41.692565 ], [ 44.804577, 41.692589 ], [ 44.804596, 41.692579 ], [ 44.804614, 41.692583 ], [ 44.804609, 41.692595 ], [ 44.804647, 41.692602 ], [ 44.80467, 41.692595 ], [ 44.804714, 41.692666 ] ] ] } },
{ "type": "Feature", "properties": { "building": "yes", "height": null, "building:levels": null }, "geometry": { "type": "Polygon", "coordinates": [ [ [ 44.804453, 41.692561 ], [ 44.804496, 41.692519 ], [ 44.80456, 41.692467 ], [ 44.804631, 41.692522 ], [ 44.804584, 41.692568 ], [ 44.804508, 41.692554 ], [ 44.804493, 41.692564 ], [ 44.804453, 41.692561 ] ] ] } },
{ "type": "Feature", "properties": { "building": "yes", "height": null, "building:levels": null }, "geometry": { "type": "Polygon", "coordinates": [ [ [ 44.80439, 41.692452 ], [ 44.804437, 41.692383 ], [ 44.804327, 41.692322 ], [ 44.804278, 41.69237 ], [ 44.804326, 41.692397 ], [ 44.804312, 41.692421 ], [ 44.80439, 41.692452 ] ] ] } },
{ "type": "Feature", "properties": { "building": "yes", "height": null, "building:levels": null }, "geometry": { "type": "Polygon", "coordinates": [ [ [ 44.804386, 41.692458 ], [ 44.804322, 41.692439 ], [ 44.80432, 41.692444 ], [ 44.804307, 41.69249 ], [ 44.804362, 41.692499 ], [ 44.804386, 41.692458 ] ] ] } },
{ "type": "Feature", "properties": { "building": "yes", "height": null, "building:levels": null }, "geometry": { "type": "Polygon", "coordinates": [ [ [ 44.804159, 41.692466 ], [ 44.804189, 41.692399 ], [ 44.804128, 41.692383 ], [ 44.804108, 41.692418 ], [ 44.80407, 41.692405 ], [ 44.804041, 41.692454 ], [ 44.804079, 41.692467 ], [ 44.804159, 41.692466 ] ] ] } },
{ "type": "Feature", "properties": { "building": "yes", "height": null, "building:levels": null }, "geometry": { "type": "Polygon", "coordinates": [ [ [ 44.804041, 41.692454 ], [ 44.80407, 41.692405 ], [ 44.804108, 41.692418 ], [ 44.804128, 41.692383 ], [ 44.804048, 41.692364 ], [ 44.804031, 41.692402 ], [ 44.80394, 41.692383 ], [ 44.803923, 41.692409 ], [ 44.803917, 41.692418 ], [ 44.804041, 41.692454 ] ] ] } },
{ "type": "Feature", "properties": { "building": "yes", "height": null, "building:levels": null }, "geometry": { "type": "Polygon", "coordinates": [ [ [ 44.804149, 41.692791 ], [ 44.804047, 41.692766 ], [ 44.804062, 41.692731 ], [ 44.804088, 41.692668 ], [ 44.8041, 41.692645 ], [ 44.804202, 41.69267 ], [ 44.804149, 41.692791 ] ] ] } },
{ "type": "Feature", "properties": { "building": "apartments", "height": null, "building:levels": "3" }, "geometry": { "type": "Polygon", "coordinates": [ [ [ 44.803978, 41.690857 ], [ 44.80405, 41.690725 ], [ 44.803921, 41.690672 ], [ 44.803956, 41.690594 ], [ 44.803774, 41.690538 ], [ 44.803743, 41.690593 ], [ 44.803727, 41.690603 ], [ 44.803691, 41.690584 ], [ 44.803568, 41.690701 ], [ 44.803978, 41.690857 ] ] ] } },
{ "type": "Feature", "properties": { "building": "apartments", "height": null, "building:levels": "4" }, "geometry": { "type": "Polygon", "coordinates": [ [ [ 44.80421, 41.690862 ], [ 44.804052, 41.69081 ], [ 44.804107, 41.690697 ], [ 44.804144, 41.69062 ], [ 44.804399, 41.690687 ], [ 44.80434, 41.690812 ], [ 44.804246, 41.690793 ], [ 44.80421, 41.690862 ] ] ] } },
{ "type": "Feature", "properties": { "building": "apartments", "height": null, "building:levels": "2" }, "geometry": { "type": "Polygon", "coordinates": [ [ [ 44.803438, 41.690747 ], [ 44.803505, 41.690648 ], [ 44.803319, 41.690572 ], [ 44.803292, 41.690611 ], [ 44.803218, 41.69059 ], [ 44.803201, 41.690637 ], [ 44.803159, 41.690667 ], [ 44.803438, 41.690747 ] ] ] } },
{ "type": "Feature", "properties": { "building": "apartments", "height": null, "building:levels": "2" }, "geometry": { "type": "Polygon", "coordinates": [ [ [ 44.803371, 41.690869 ], [ 44.803141, 41.690822 ], [ 44.803159, 41.690775 ], [ 44.803201, 41.690708 ], [ 44.803422, 41.690769 ], [ 44.803371, 41.690869 ] ] ] } },
{ "type": "Feature", "properties": { "building": "apartments", "height": null, "building:levels": "2" }, "geometry": { "type": "Polygon", "coordinates": [ [ [ 44.803521, 41.690631 ], [ 44.803566, 41.690597 ], [ 44.803548, 41.690581 ], [ 44.803661, 41.690502 ], [ 44.803423, 41.690449 ], [ 44.80333, 41.690442 ], [ 44.803316, 41.690475 ], [ 44.803337, 41.690478 ], [ 44.803346, 41.690456 ], [ 44.803385, 41.690463 ], [ 44.803394, 41.690487 ], [ 44.803388, 41.690495 ], [ 44.80336, 41.690482 ], [ 44.803339, 41.690498 ], [ 44.803307, 41.69049 ], [ 44.803285, 41.690521 ], [ 44.803325, 41.690534 ], [ 44.803521, 41.690631 ] ] ] } },
{ "type": "Feature", "properties": { "building": "apartments", "height": null, "building:levels": null }, "geometry": { "type": "Polygon", "coordinates": [ [ [ 44.803594, 41.690422 ], [ 44.80358, 41.690469 ], [ 44.803489, 41.690448 ], [ 44.803514, 41.690344 ], [ 44.803574, 41.690348 ], [ 44.803659, 41.690354 ], [ 44.80384, 41.690361 ], [ 44.803709, 41.690464 ], [ 44.803663, 41.690426 ], [ 44.803594, 41.690422 ] ] ] } },
{ "type": "Feature", "properties": { "building": "detached", "height": null, "building:levels": null }, "geometry": { "type": "Polygon", "coordinates": [ [ [ 44.804691, 41.690813 ], [ 44.804656, 41.690903 ], [ 44.804573, 41.690887 ], [ 44.804496, 41.690871 ], [ 44.804539, 41.690768 ], [ 44.804553, 41.690727 ], [ 44.80461, 41.69074 ], [ 44.804595, 41.690794 ], [ 44.804691, 41.690813 ] ] ] } },
{ "type": "Feature", "properties": { "building": "apartments", "height": null, "building:levels": null }, "geometry": { "type": "Polygon", "coordinates": [ [ [ 44.80452, 41.690565 ], [ 44.804455, 41.690671 ], [ 44.80424, 41.690617 ], [ 44.804332, 41.690497 ], [ 44.804418, 41.690528 ], [ 44.80454, 41.690324 ], [ 44.804635, 41.690353 ], [ 44.804575, 41.690473 ], [ 44.804568, 41.690484 ], [ 44.80452, 41.690565 ] ] ] } },
{ "type": "Feature", "properties": { "building": "yes", "height": null, "building:levels": null }, "geometry": { "type": "Polygon", "coordinates": [ [ [ 44.804959, 41.690553 ], [ 44.805018, 41.690456 ], [ 44.804964, 41.690437 ], [ 44.804944, 41.69047 ], [ 44.804778, 41.690414 ], [ 44.804785, 41.690402 ], [ 44.804635, 41.690353 ], [ 44.804575, 41.690473 ], [ 44.804667, 41.690504 ], [ 44.804684, 41.690478 ], [ 44.804791, 41.690513 ], [ 44.8048, 41.690499 ], [ 44.804959, 41.690553 ] ] ] } },
{ "type": "Feature", "properties": { "building": "house", "height": null, "building:levels": "3" }, "geometry": { "type": "Polygon", "coordinates": [ [ [ 44.804112, 41.690156 ], [ 44.804121, 41.690115 ], [ 44.804144, 41.690009 ], [ 44.804175, 41.689991 ], [ 44.804439, 41.690038 ], [ 44.804418, 41.690109 ], [ 44.804331, 41.690096 ], [ 44.804313, 41.690139 ], [ 44.804299, 41.690138 ], [ 44.804287, 41.690173 ], [ 44.804112, 41.690156 ] ] ] } },
{ "type": "Feature", "properties": { "building": "apartments", "height": null, "building:levels": "3" }, "geometry": { "type": "Polygon", "coordinates": [ [ [ 44.804898, 41.690289 ], [ 44.8048, 41.690278 ], [ 44.804793, 41.690295 ], [ 44.804877, 41.690316 ], [ 44.804879, 41.690307 ], [ 44.804927, 41.690318 ], [ 44.804917, 41.690345 ], [ 44.804947, 41.690351 ], [ 44.804926, 41.690395 ], [ 44.804685, 41.690327 ], [ 44.804539, 41.690287 ], [ 44.804541, 41.690283 ], [ 44.804558, 41.69022 ], [ 44.804704, 41.690244 ], [ 44.804722, 41.69018 ], [ 44.804751, 41.690074 ], [ 44.805077, 41.690123 ], [ 44.805055, 41.690208 ], [ 44.804932, 41.690197 ], [ 44.804898, 41.690289 ] ] ] } },
{ "type": "Feature", "properties": { "building": "apartments", "height": null, "building:levels": "4" }, "geometry": { "type": "Polygon", "coordinates": [ [ [ 44.804704, 41.690244 ], [ 44.804722, 41.69018 ], [ 44.804586, 41.690163 ], [ 44.804606, 41.690119 ], [ 44.804572, 41.690114 ], [ 44.804594, 41.690064 ], [ 44.804439, 41.690038 ], [ 44.804418, 41.690109 ], [ 44.804392, 41.69019 ], [ 44.804459, 41.690201 ], [ 44.804558, 41.69022 ], [ 44.804704, 41.690244 ] ] ] } },
{ "type": "Feature", "properties": { "building": "apartments", "height": null, "building:levels": "2" }, "geometry": { "type": "Polygon", "coordinates": [ [ [ 44.805153, 41.690449 ], [ 44.805284, 41.690251 ], [ 44.805302, 41.690154 ], [ 44.805156, 41.690131 ], [ 44.80513, 41.690219 ], [ 44.805116, 41.690272 ], [ 44.805094, 41.690345 ], [ 44.805059, 41.69043 ], [ 44.805153, 41.690449 ] ] ] } },
{ "type": "Feature", "properties": { "building": "apartments", "height": null, "building:levels": "3" }, "geometry": { "type": "Polygon", "coordinates": [ [ [ 44.803976, 41.69095 ], [ 44.80403, 41.690803 ], [ 44.804052, 41.69081 ], [ 44.80421, 41.690862 ], [ 44.804187, 41.6909 ], [ 44.80428, 41.690932 ], [ 44.804301, 41.690941 ], [ 44.804284, 41.690973 ], [ 44.804368, 41.690985 ], [ 44.804392, 41.690946 ], [ 44.80444, 41.690957 ], [ 44.804528, 41.690982 ], [ 44.804486, 41.691066 ], [ 44.804287, 41.691131 ], [ 44.804108, 41.691069 ], [ 44.8041, 41.690989 ], [ 44.803976, 41.69095 ] ] ] } },
{ "type": "Feature", "properties": { "building": "hotel", "height": null, "building:levels": "3" }, "geometry": { "type": "Polygon", "coordinates": [ [ [ 44.804534, 41.691769 ], [ 44.804542, 41.691673 ], [ 44.804352, 41.691664 ], [ 44.804346, 41.691741 ], [ 44.804452, 41.691746 ], [ 44.80445, 41.691765 ], [ 44.804534, 41.691769 ] ] ] } },
{ "type": "Feature", "properties": { "building": "yes", "height": null, "building:levels": "2" }, "geometry": { "type": "Polygon", "coordinates": [ [ [ 44.804766, 41.692059 ], [ 44.804706, 41.692178 ], [ 44.804598, 41.692147 ], [ 44.804657, 41.692029 ], [ 44.804766, 41.692059 ] ] ] } },
{ "type": "Feature", "properties": { "building": "detached", "height": null, "building:levels": null }, "geometry": { "type": "Polygon", "coordinates": [ [ [ 44.80571, 41.691921 ], [ 44.805724, 41.691879 ], [ 44.805767, 41.691887 ], [ 44.805807, 41.69182 ], [ 44.805744, 41.691801 ], [ 44.805666, 41.691806 ], [ 44.805618, 41.691903 ], [ 44.80571, 41.691921 ] ] ] } },
{ "type": "Feature", "properties": { "building": "apartments", "height": null, "building:levels": null }, "geometry": { "type": "Polygon", "coordinates": [ [ [ 44.805584, 41.692024 ], [ 44.805581, 41.691926 ], [ 44.805379, 41.69193 ], [ 44.805377, 41.691902 ], [ 44.805309, 41.691905 ], [ 44.805285, 41.691904 ], [ 44.805288, 41.691991 ], [ 44.805289, 41.692029 ], [ 44.805584, 41.692024 ] ] ] } },
{ "type": "Feature", "properties": { "building": "detached", "height": null, "building:levels": "1" }, "geometry": { "type": "Polygon", "coordinates": [ [ [ 44.805202, 41.6916 ], [ 44.805209, 41.691535 ], [ 44.804997, 41.691521 ], [ 44.804994, 41.691544 ], [ 44.804982, 41.691654 ], [ 44.805108, 41.691662 ], [ 44.805116, 41.691594 ], [ 44.805202, 41.6916 ] ] ] } },
{ "type": "Feature", "properties": { "building": "apartments", "height": null, "building:levels": "2" }, "geometry": { "type": "Polygon", "coordinates": [ [ [ 44.805201, 41.691656 ], [ 44.805164, 41.691648 ], [ 44.805158, 41.691691 ], [ 44.805116, 41.691688 ], [ 44.805111, 41.691728 ], [ 44.80509, 41.691727 ], [ 44.805076, 41.691807 ], [ 44.805041, 41.691805 ], [ 44.805032, 41.691863 ], [ 44.805083, 41.691885 ], [ 44.805215, 41.691895 ], [ 44.805236, 41.691826 ], [ 44.805202, 41.691823 ], [ 44.805184, 41.69182 ], [ 44.805201, 41.691656 ] ] ] } },
{ "type": "Feature", "properties": { "building": "apartments", "height": null, "building:levels": null }, "geometry": { "type": "Polygon", "coordinates": [ [ [ 44.80491, 41.691978 ], [ 44.805081, 41.692024 ], [ 44.805113, 41.691963 ], [ 44.805288, 41.691991 ], [ 44.805285, 41.691904 ], [ 44.805215, 41.691895 ], [ 44.805083, 41.691885 ], [ 44.805032, 41.691863 ], [ 44.805012, 41.69186 ], [ 44.804991, 41.691904 ], [ 44.80496, 41.691894 ], [ 44.80491, 41.691978 ] ] ] } },
{ "type": "Feature", "properties": { "building": "apartments", "height": null, "building:levels": "2" }, "geometry": { "type": "Polygon", "coordinates": [ [ [ 44.804996, 41.691045 ], [ 44.804843, 41.691008 ], [ 44.804974, 41.690821 ], [ 44.805104, 41.690872 ], [ 44.805098, 41.690882 ], [ 44.805143, 41.690898 ], [ 44.805087, 41.690986 ], [ 44.805043, 41.690971 ], [ 44.804996, 41.691045 ] ] ] } },
{ "type": "Feature", "properties": { "building": "apartments", "height": null, "building:levels": "2" }, "geometry": { "type": "Polygon", "coordinates": [ [ [ 44.805104, 41.690872 ], [ 44.804974, 41.690821 ], [ 44.805014, 41.690764 ], [ 44.805031, 41.69077 ], [ 44.805073, 41.690787 ], [ 44.805161, 41.690822 ], [ 44.805136, 41.690856 ], [ 44.80512, 41.690849 ], [ 44.805104, 41.690872 ] ] ] } },
{ "type": "Feature", "properties": { "building": "apartments", "height": null, "building:levels": "2" }, "geometry": { "type": "Polygon", "coordinates": [ [ [ 44.805232, 41.690713 ], [ 44.805079, 41.690665 ], [ 44.805177, 41.690485 ], [ 44.805185, 41.690487 ], [ 44.805291, 41.690514 ], [ 44.805244, 41.690605 ], [ 44.805218, 41.690655 ], [ 44.805255, 41.690667 ], [ 44.805232, 41.690713 ] ] ] } },
{ "type": "Feature", "properties": { "building": "apartments", "height": null, "building:levels": null }, "geometry": { "type": "Polygon", "coordinates": [ [ [ 44.805048, 41.691055 ], [ 44.805087, 41.690986 ], [ 44.805143, 41.690898 ], [ 44.805152, 41.690883 ], [ 44.805191, 41.6909 ], [ 44.805217, 41.690877 ], [ 44.805281, 41.690905 ], [ 44.80524, 41.691009 ], [ 44.805333, 41.691024 ], [ 44.805349, 41.690926 ], [ 44.805429, 41.690945 ], [ 44.805369, 41.691068 ], [ 44.805307, 41.691057 ], [ 44.805298, 41.691105 ], [ 44.805048, 41.691055 ] ] ] } },
{ "type": "Feature", "properties": { "building": "apartments", "height": null, "building:levels": null }, "geometry": { "type": "Polygon", "coordinates": [ [ [ 44.805355, 41.691113 ], [ 44.805369, 41.691068 ], [ 44.805429, 41.690945 ], [ 44.805559, 41.690982 ], [ 44.80554, 41.691035 ], [ 44.805501, 41.691133 ], [ 44.805497, 41.69115 ], [ 44.805403, 41.691137 ], [ 44.805407, 41.69112 ], [ 44.805355, 41.691113 ] ] ] } },
{ "type": "Feature", "properties": { "building": "apartments", "height": null, "building:levels": null }, "geometry": { "type": "Polygon", "coordinates": [ [ [ 44.805685, 41.691153 ], [ 44.805583, 41.691144 ], [ 44.805581, 41.691159 ], [ 44.805512, 41.691155 ], [ 44.805515, 41.691135 ], [ 44.805501, 41.691133 ], [ 44.80554, 41.691035 ], [ 44.805582, 41.691044 ], [ 44.805607, 41.69098 ], [ 44.805701, 41.691 ], [ 44.805684, 41.691045 ], [ 44.80572, 41.691053 ], [ 44.805685, 41.691153 ] ] ] } },
{ "type": "Feature", "properties": { "building": "apartments", "height": null, "building:levels": null }, "geometry": { "type": "Polygon", "coordinates": [ [ [ 44.805685, 41.691153 ], [ 44.80572, 41.691053 ], [ 44.805732, 41.69102 ], [ 44.805826, 41.691043 ], [ 44.805807, 41.691101 ], [ 44.805788, 41.691159 ], [ 44.805685, 41.691153 ] ] ] } },
{ "type": "Feature", "properties": { "building": "apartments", "height": null, "building:levels": "1" }, "geometry": { "type": "Polygon", "coordinates": [ [ [ 44.806153, 41.691082 ], [ 44.806029, 41.691062 ], [ 44.806063, 41.690959 ], [ 44.806148, 41.690975 ], [ 44.806174, 41.690979 ], [ 44.806153, 41.691082 ] ] ] } },
{ "type": "Feature", "properties": { "building": "apartments", "height": null, "building:levels": "2" }, "geometry": { "type": "Polygon", "coordinates": [ [ [ 44.806177, 41.690879 ], [ 44.80621, 41.690757 ], [ 44.806061, 41.690722 ], [ 44.806006, 41.690861 ], [ 44.806072, 41.690877 ], [ 44.80608, 41.690858 ], [ 44.806177, 41.690879 ] ] ] } },
{ "type": "Feature", "properties": { "building": "apartments", "height": null, "building:levels": "2" }, "geometry": { "type": "Polygon", "coordinates": [ [ [ 44.806006, 41.690861 ], [ 44.805876, 41.690831 ], [ 44.805894, 41.690724 ], [ 44.805938, 41.690734 ], [ 44.805954, 41.69069 ], [ 44.806061, 41.690722 ], [ 44.806006, 41.690861 ] ] ] } },
{ "type": "Feature", "properties": { "building": "apartments", "height": null, "building:levels": null }, "geometry": { "type": "Polygon", "coordinates": [ [ [ 44.805976, 41.691037 ], [ 44.806018, 41.690914 ], [ 44.805708, 41.690852 ], [ 44.805701, 41.690913 ], [ 44.805742, 41.690978 ], [ 44.805976, 41.691037 ] ] ] } },
{ "type": "Feature", "properties": { "building": "apartments", "height": null, "building:levels": "2" }, "geometry": { "type": "Polygon", "coordinates": [ [ [ 44.805938, 41.690734 ], [ 44.805954, 41.69069 ], [ 44.805716, 41.690623 ], [ 44.805675, 41.690696 ], [ 44.805773, 41.690721 ], [ 44.805881, 41.69075 ], [ 44.805894, 41.690724 ], [ 44.805938, 41.690734 ] ] ] } },
{ "type": "Feature", "properties": { "building": "yes", "height": null, "building:levels": null }, "geometry": { "type": "Polygon", "coordinates": [ [ [ 44.80563, 41.690951 ], [ 44.805663, 41.690857 ], [ 44.805501, 41.690824 ], [ 44.805472, 41.690869 ], [ 44.805463, 41.690886 ], [ 44.80553, 41.690899 ], [ 44.80552, 41.690929 ], [ 44.80563, 41.690951 ] ] ] } },
{ "type": "Feature", "properties": { "building": "apartments", "height": null, "building:levels": null }, "geometry": { "type": "Polygon", "coordinates": [ [ [ 44.80545, 41.690785 ], [ 44.805341, 41.690755 ], [ 44.805232, 41.690713 ], [ 44.805184, 41.690791 ], [ 44.805214, 41.690801 ], [ 44.805207, 41.690812 ], [ 44.805274, 41.69083 ], [ 44.80525, 41.690882 ], [ 44.805387, 41.690914 ], [ 44.805414, 41.69086 ], [ 44.805472, 41.690869 ], [ 44.805501, 41.690824 ], [ 44.805663, 41.690857 ], [ 44.805683, 41.69086 ], [ 44.805684, 41.690838 ], [ 44.805687, 41.690787 ], [ 44.805577, 41.690762 ], [ 44.8056, 41.690723 ], [ 44.805517, 41.690695 ], [ 44.80545, 41.690785 ] ] ] } },
{ "type": "Feature", "properties": { "building": "detached", "height": null, "building:levels": "2" }, "geometry": { "type": "Polygon", "coordinates": [ [ [ 44.805341, 41.690755 ], [ 44.805232, 41.690713 ], [ 44.805255, 41.690667 ], [ 44.805293, 41.690619 ], [ 44.805309, 41.690599 ], [ 44.805343, 41.690578 ], [ 44.805369, 41.690534 ], [ 44.805486, 41.690562 ], [ 44.805472, 41.690599 ], [ 44.805461, 41.690598 ], [ 44.805415, 41.690639 ], [ 44.805341, 41.690755 ] ] ] } },
{ "type": "Feature", "properties": { "building": "apartments", "height": null, "building:levels": "1" }, "geometry": { "type": "Polygon", "coordinates": [ [ [ 44.805644, 41.690738 ], [ 44.805663, 41.690711 ], [ 44.805675, 41.690696 ], [ 44.805716, 41.690623 ], [ 44.805529, 41.690579 ], [ 44.805468, 41.69068 ], [ 44.805517, 41.690695 ], [ 44.8056, 41.690723 ], [ 44.805644, 41.690738 ] ] ] } },
{ "type": "Feature", "properties": { "building": "house", "height": null, "building:levels": "2" }, "geometry": { "type": "Polygon", "coordinates": [ [ [ 44.803159, 41.690775 ], [ 44.80309, 41.690756 ], [ 44.803071, 41.690812 ], [ 44.802999, 41.690792 ], [ 44.803006, 41.690772 ], [ 44.803055, 41.690661 ], [ 44.803201, 41.690708 ], [ 44.803159, 41.690775 ] ] ] } },
{ "type": "Feature", "properties": { "building": "yes", "height": null, "building:levels": null }, "geometry": { "type": "Polygon", "coordinates": [ [ [ 44.803201, 41.690637 ], [ 44.803218, 41.69059 ], [ 44.803245, 41.690535 ], [ 44.80317, 41.690475 ], [ 44.803015, 41.690445 ], [ 44.802994, 41.690517 ], [ 44.802982, 41.690549 ], [ 44.803066, 41.690558 ], [ 44.803059, 41.690584 ], [ 44.803123, 41.690592 ], [ 44.803113, 41.690617 ], [ 44.803201, 41.690637 ] ] ] } },
{ "type": "Feature", "properties": { "building": "yes", "height": null, "building:levels": null }, "geometry": { "type": "Polygon", "coordinates": [ [ [ 44.80333, 41.690441 ], [ 44.803217, 41.690418 ], [ 44.803258, 41.690328 ], [ 44.803386, 41.690351 ], [ 44.803405, 41.690352 ], [ 44.803412, 41.690354 ], [ 44.803409, 41.690373 ], [ 44.803383, 41.690369 ], [ 44.803368, 41.690405 ], [ 44.803434, 41.69042 ], [ 44.803423, 41.690449 ], [ 44.80333, 41.690441 ] ] ] } },
{ "type": "Feature", "properties": { "building": "yes", "height": null, "building:levels": null }, "geometry": { "type": "Polygon", "coordinates": [ [ [ 44.803161, 41.690415 ], [ 44.803181, 41.690336 ], [ 44.802831, 41.690289 ], [ 44.80282, 41.690342 ], [ 44.802816, 41.690365 ], [ 44.803161, 41.690415 ] ] ] } },
{ "type": "Feature", "properties": { "building": "apartments", "height": null, "building:levels": "2" }, "geometry": { "type": "Polygon", "coordinates": [ [ [ 44.802902, 41.69063 ], [ 44.802798, 41.690606 ], [ 44.802782, 41.690705 ], [ 44.802689, 41.690688 ], [ 44.802686, 41.690699 ], [ 44.802661, 41.690697 ], [ 44.802657, 41.690746 ], [ 44.80267, 41.690747 ], [ 44.802779, 41.690756 ], [ 44.80286, 41.690769 ], [ 44.802867, 41.690742 ], [ 44.802902, 41.69063 ] ] ] } },
{ "type": "Feature", "properties": { "building": "yes", "height": null, "building:levels": null }, "geometry": { "type": "Polygon", "coordinates": [ [ [ 44.802994, 41.690517 ], [ 44.803015, 41.690445 ], [ 44.802616, 41.690378 ], [ 44.802612, 41.690396 ], [ 44.802453, 41.690374 ], [ 44.802436, 41.690433 ], [ 44.802561, 41.690452 ], [ 44.802544, 41.69052 ], [ 44.802542, 41.690537 ], [ 44.802776, 41.690566 ], [ 44.8028, 41.690488 ], [ 44.802994, 41.690517 ] ] ] } },
{ "type": "Feature", "properties": { "building": "house", "height": null, "building:levels": "2" }, "geometry": { "type": "Polygon", "coordinates": [ [ [ 44.802433, 41.689867 ], [ 44.80244, 41.689868 ], [ 44.802593, 41.689877 ], [ 44.802637, 41.68988 ], [ 44.802654, 41.689783 ], [ 44.802561, 41.689772 ], [ 44.802556, 41.689805 ], [ 44.802504, 41.689802 ], [ 44.802499, 41.689828 ], [ 44.802462, 41.689826 ], [ 44.802473, 41.689761 ], [ 44.802462, 41.689759 ], [ 44.80245, 41.689758 ], [ 44.802368, 41.689751 ], [ 44.802369, 41.689745 ], [ 44.80237, 41.689735 ], [ 44.802333, 41.689733 ], [ 44.802318, 41.689735 ], [ 44.802302, 41.689739 ], [ 44.802289, 41.689746 ], [ 44.802277, 41.689755 ], [ 44.802271, 41.689765 ], [ 44.802267, 41.689777 ], [ 44.802264, 41.689797 ], [ 44.802274, 41.689798 ], [ 44.802286, 41.689799 ], [ 44.802279, 41.689857 ], [ 44.802284, 41.689858 ], [ 44.802433, 41.689867 ] ] ] } },
{ "type": "Feature", "properties": { "building": "apartments", "height": null, "building:levels": "2" }, "geometry": { "type": "Polygon", "coordinates": [ [ [ 44.802454, 41.690309 ], [ 44.802469, 41.690242 ], [ 44.802498, 41.690235 ], [ 44.802498, 41.690211 ], [ 44.802361, 41.690184 ], [ 44.802254, 41.690182 ], [ 44.802247, 41.690287 ], [ 44.802454, 41.690309 ] ] ] } },
{ "type": "Feature", "properties": { "building": "detached", "height": null, "building:levels": "2" }, "geometry": { "type": "Polygon", "coordinates": [ [ [ 44.802446, 41.690576 ], [ 44.802461, 41.69051 ], [ 44.802493, 41.690508 ], [ 44.802544, 41.69052 ], [ 44.802561, 41.690452 ], [ 44.802436, 41.690433 ], [ 44.802238, 41.690416 ], [ 44.802222, 41.690523 ], [ 44.802312, 41.690534 ], [ 44.802317, 41.690511 ], [ 44.802376, 41.69052 ], [ 44.802362, 41.690567 ], [ 44.802384, 41.690566 ], [ 44.802446, 41.690576 ] ] ] } },
{ "type": "Feature", "properties": { "building": "yes", "height": null, "building:levels": null }, "geometry": { "type": "Polygon", "coordinates": [ [ [ 44.803427, 41.690268 ], [ 44.803336, 41.690254 ], [ 44.803336, 41.690263 ], [ 44.803323, 41.690301 ], [ 44.803269, 41.690293 ], [ 44.803258, 41.690328 ], [ 44.803386, 41.690351 ], [ 44.803405, 41.690352 ], [ 44.803427, 41.690268 ] ] ] } },
{ "type": "Feature", "properties": { "building": "yes", "height": null, "building:levels": null }, "geometry": { "type": "Polygon", "coordinates": [ [ [ 44.803327, 41.690219 ], [ 44.80319, 41.690198 ], [ 44.803191, 41.690239 ], [ 44.803199, 41.690265 ], [ 44.803305, 41.690284 ], [ 44.803317, 41.69026 ], [ 44.803327, 41.690219 ] ] ] } },
{ "type": "Feature", "properties": { "building": "yes", "height": null, "building:levels": null }, "geometry": { "type": "Polygon", "coordinates": [ [ [ 44.803181, 41.690336 ], [ 44.803184, 41.690303 ], [ 44.803152, 41.690251 ], [ 44.802914, 41.690219 ], [ 44.802934, 41.690191 ], [ 44.802855, 41.690181 ], [ 44.802838, 41.690258 ], [ 44.802831, 41.690289 ], [ 44.803181, 41.690336 ] ] ] } },
{ "type": "Feature", "properties": { "building": "apartments", "height": null, "building:levels": "2" }, "geometry": { "type": "Polygon", "coordinates": [ [ [ 44.802657, 41.690746 ], [ 44.802661, 41.690697 ], [ 44.802686, 41.690699 ], [ 44.802689, 41.690688 ], [ 44.802687, 41.690669 ], [ 44.802371, 41.690634 ], [ 44.802384, 41.690566 ], [ 44.802362, 41.690567 ], [ 44.802376, 41.69052 ], [ 44.802317, 41.690511 ], [ 44.802312, 41.690534 ], [ 44.802222, 41.690523 ], [ 44.802202, 41.690711 ], [ 44.802657, 41.690746 ] ] ] } },
{ "type": "Feature", "properties": { "building": "yes", "height": null, "building:levels": "1" }, "geometry": { "type": "Polygon", "coordinates": [ [ [ 44.812032, 41.690303 ], [ 44.812037, 41.69019 ], [ 44.812118, 41.690192 ], [ 44.812113, 41.690305 ], [ 44.812032, 41.690303 ] ] ] } },
{ "type": "Feature", "properties": { "building": "yes", "height": null, "building:levels": null }, "geometry": { "type": "Polygon", "coordinates": [ [ [ 44.803396, 41.693543 ], [ 44.803457, 41.693437 ], [ 44.803531, 41.693461 ], [ 44.803523, 41.693483 ], [ 44.803581, 41.693501 ], [ 44.803542, 41.693583 ], [ 44.803475, 41.693565 ], [ 44.803396, 41.693543 ] ] ] } },
{ "type": "Feature", "properties": { "building": "apartments", "height": null, "building:levels": "6" }, "geometry": { "type": "Polygon", "coordinates": [ [ [ 44.803628, 41.693914 ], [ 44.803701, 41.693774 ], [ 44.803713, 41.693778 ], [ 44.803722, 41.693756 ], [ 44.803763, 41.693762 ], [ 44.80377, 41.693751 ], [ 44.803828, 41.693751 ], [ 44.803868, 41.693761 ], [ 44.803911, 41.693786 ], [ 44.803924, 41.693802 ], [ 44.803865, 41.693928 ], [ 44.803808, 41.693914 ], [ 44.803789, 41.693956 ], [ 44.803709, 41.693935 ], [ 44.803628, 41.693914 ] ] ] } },
{ "type": "Feature", "properties": { "building": "apartments", "height": null, "building:levels": "2" }, "geometry": { "type": "Polygon", "coordinates": [ [ [ 44.803891, 41.69349 ], [ 44.80408, 41.693561 ], [ 44.80403, 41.693607 ], [ 44.803902, 41.693647 ], [ 44.803834, 41.693635 ], [ 44.803891, 41.69349 ] ] ] } },
{ "type": "Feature", "properties": { "building": "apartments", "height": null, "building:levels": "2" }, "geometry": { "type": "Polygon", "coordinates": [ [ [ 44.803894, 41.693691 ], [ 44.804046, 41.693633 ], [ 44.804072, 41.693675 ], [ 44.804077, 41.6937 ], [ 44.804065, 41.693732 ], [ 44.804024, 41.693785 ], [ 44.803917, 41.693723 ], [ 44.803894, 41.693691 ] ] ] } },
{ "type": "Feature", "properties": { "building": "apartments", "height": null, "building:levels": "2" }, "geometry": { "type": "Polygon", "coordinates": [ [ [ 44.802107, 41.692231 ], [ 44.802109, 41.692206 ], [ 44.802115, 41.692098 ], [ 44.802323, 41.692106 ], [ 44.802319, 41.692173 ], [ 44.802447, 41.692183 ], [ 44.802433, 41.69225 ], [ 44.8023, 41.692241 ], [ 44.802107, 41.692231 ] ] ] } },
{ "type": "Feature", "properties": { "building": "yes", "height": null, "building:levels": "3" }, "geometry": { "type": "Polygon", "coordinates": [ [ [ 44.802471, 41.692741 ], [ 44.80247, 41.692628 ], [ 44.802574, 41.692638 ], [ 44.802571, 41.69268 ], [ 44.802715, 41.692684 ], [ 44.80272, 41.692747 ], [ 44.802553, 41.692747 ], [ 44.802524, 41.692745 ], [ 44.802471, 41.692741 ] ] ] } },
{ "type": "Feature", "properties": { "building": "yes", "height": null, "building:levels": "3" }, "geometry": { "type": "Polygon", "coordinates": [ [ [ 44.802553, 41.692747 ], [ 44.802554, 41.692788 ], [ 44.8026, 41.69279 ], [ 44.802599, 41.692801 ], [ 44.802746, 41.692807 ], [ 44.80274, 41.692747 ], [ 44.80272, 41.692747 ], [ 44.802553, 41.692747 ] ] ] } },
{ "type": "Feature", "properties": { "building": "commercial", "height": null, "building:levels": "2" }, "geometry": { "type": "Polygon", "coordinates": [ [ [ 44.803203, 41.692997 ], [ 44.80324, 41.69291 ], [ 44.803376, 41.69295 ], [ 44.803444, 41.692969 ], [ 44.803399, 41.693045 ], [ 44.803306, 41.693025 ], [ 44.803203, 41.692997 ] ] ] } },
{ "type": "Feature", "properties": { "building": "commercial", "height": null, "building:levels": "2" }, "geometry": { "type": "Polygon", "coordinates": [ [ [ 44.80324, 41.69291 ], [ 44.803275, 41.692836 ], [ 44.803415, 41.692878 ], [ 44.803376, 41.69295 ], [ 44.80324, 41.69291 ] ] ] } },
{ "type": "Feature", "properties": { "building": "apartments", "height": null, "building:levels": "2" }, "geometry": { "type": "Polygon", "coordinates": [ [ [ 44.803581, 41.693501 ], [ 44.803673, 41.693525 ], [ 44.803599, 41.693708 ], [ 44.803584, 41.693743 ], [ 44.803501, 41.693723 ], [ 44.803481, 41.693718 ], [ 44.803542, 41.693583 ], [ 44.803581, 41.693501 ] ] ] } },
{ "type": "Feature", "properties": { "building": "yes", "height": null, "building:levels": null }, "geometry": { "type": "Polygon", "coordinates": [ [ [ 44.803517, 41.693393 ], [ 44.803697, 41.69344 ], [ 44.803683, 41.693474 ], [ 44.803503, 41.693423 ], [ 44.803517, 41.693393 ] ] ] } },
{ "type": "Feature", "properties": { "building": "yes", "height": null, "building:levels": "2" }, "geometry": { "type": "Polygon", "coordinates": [ [ [ 44.803891, 41.69349 ], [ 44.803818, 41.693473 ], [ 44.803779, 41.693464 ], [ 44.803719, 41.69345 ], [ 44.803708, 41.693497 ], [ 44.803754, 41.693551 ], [ 44.803771, 41.693546 ], [ 44.803791, 41.693476 ], [ 44.803814, 41.693481 ], [ 44.803775, 41.693578 ], [ 44.803834, 41.693635 ], [ 44.803891, 41.69349 ] ] ] } },
{ "type": "Feature", "properties": { "building": "yes", "height": null, "building:levels": null }, "geometry": { "type": "Polygon", "coordinates": [ [ [ 44.804227, 41.693097 ], [ 44.804044, 41.693211 ], [ 44.804135, 41.6933 ], [ 44.804325, 41.693189 ], [ 44.804227, 41.693097 ] ] ] } },
{ "type": "Feature", "properties": { "building": "yes", "height": null, "building:levels": null }, "geometry": { "type": "Polygon", "coordinates": [ [ [ 44.804162, 41.693325 ], [ 44.804092, 41.693365 ], [ 44.804021, 41.693297 ], [ 44.804006, 41.693269 ], [ 44.804011, 41.693239 ], [ 44.804044, 41.693211 ], [ 44.804135, 41.6933 ], [ 44.804162, 41.693325 ] ] ] } },
{ "type": "Feature", "properties": { "building": "construction", "height": null, "building:levels": "6" }, "geometry": { "type": "Polygon", "coordinates": [ [ [ 44.802431, 41.694604 ], [ 44.802472, 41.694804 ], [ 44.802711, 41.69476 ], [ 44.802724, 41.694747 ], [ 44.802754, 41.694798 ], [ 44.802759, 41.694829 ], [ 44.802789, 41.694828 ], [ 44.802914, 41.694822 ], [ 44.802917, 41.694855 ], [ 44.802942, 41.694853 ], [ 44.803019, 41.694851 ], [ 44.803017, 41.694724 ], [ 44.802934, 41.694717 ], [ 44.802773, 41.694702 ], [ 44.802766, 41.694706 ], [ 44.802705, 41.694698 ], [ 44.802709, 41.694637 ], [ 44.802641, 41.694636 ], [ 44.802567, 41.694632 ], [ 44.802569, 41.694586 ], [ 44.802431, 41.694604 ] ] ] } },
{ "type": "Feature", "properties": { "building": "apartments", "height": null, "building:levels": "2" }, "geometry": { "type": "Polygon", "coordinates": [ [ [ 44.80271, 41.694691 ], [ 44.802715, 41.694632 ], [ 44.802731, 41.694631 ], [ 44.802818, 41.694642 ], [ 44.802819, 41.694624 ], [ 44.802841, 41.69462 ], [ 44.802891, 41.694622 ], [ 44.80296, 41.694625 ], [ 44.803045, 41.694644 ], [ 44.803029, 41.694673 ], [ 44.802889, 41.694659 ], [ 44.802889, 41.694674 ], [ 44.80294, 41.694679 ], [ 44.802934, 41.694717 ], [ 44.802773, 41.694702 ], [ 44.802773, 41.694697 ], [ 44.80271, 41.694691 ] ] ] } },
{ "type": "Feature", "properties": { "building": "yes", "height": null, "building:levels": "5" }, "geometry": { "type": "Polygon", "coordinates": [ [ [ 44.802789, 41.694828 ], [ 44.802799, 41.694942 ], [ 44.802924, 41.694936 ], [ 44.802917, 41.694855 ], [ 44.802914, 41.694822 ], [ 44.802789, 41.694828 ] ] ] } },
{ "type": "Feature", "properties": { "building": "service", "height": null, "building:levels": "1" }, "geometry": { "type": "Polygon", "coordinates": [ [ [ 44.802942, 41.694853 ], [ 44.802946, 41.694926 ], [ 44.803023, 41.694924 ], [ 44.803019, 41.694851 ], [ 44.802942, 41.694853 ] ] ] } },
{ "type": "Feature", "properties": { "building": "retail", "height": null, "building:levels": "2" }, "geometry": { "type": "Polygon", "coordinates": [ [ [ 44.803045, 41.694977 ], [ 44.80305, 41.695082 ], [ 44.802892, 41.695091 ], [ 44.802889, 41.69505 ], [ 44.802887, 41.695011 ], [ 44.802864, 41.695011 ], [ 44.802862, 41.694982 ], [ 44.803045, 41.694977 ] ] ] } },
{ "type": "Feature", "properties": { "building": "yes", "height": null, "building:levels": null }, "geometry": { "type": "Polygon", "coordinates": [ [ [ 44.802694, 41.693825 ], [ 44.802611, 41.693845 ], [ 44.802639, 41.69394 ], [ 44.802779, 41.693917 ], [ 44.802873, 41.693912 ], [ 44.802875, 41.693885 ], [ 44.802889, 41.693688 ], [ 44.802774, 41.693688 ], [ 44.802739, 41.693757 ], [ 44.802788, 41.693757 ], [ 44.802782, 41.69387 ], [ 44.802713, 41.693881 ], [ 44.802694, 41.693825 ] ] ] } },
{ "type": "Feature", "properties": { "building": "commercial", "height": null, "building:levels": "2" }, "geometry": { "type": "Polygon", "coordinates": [ [ [ 44.802976, 41.693571 ], [ 44.802973, 41.693616 ], [ 44.802975, 41.693664 ], [ 44.80299, 41.693703 ], [ 44.803084, 41.693704 ], [ 44.80309, 41.693573 ], [ 44.802976, 41.693571 ] ] ] } },
{ "type": "Feature", "properties": { "building": "apartments", "height": null, "building:levels": null }, "geometry": { "type": "Polygon", "coordinates": [ [ [ 44.802774, 41.693688 ], [ 44.802823, 41.693629 ], [ 44.802976, 41.693571 ], [ 44.802973, 41.693616 ], [ 44.802914, 41.693627 ], [ 44.802917, 41.69366 ], [ 44.802975, 41.693664 ], [ 44.80299, 41.693703 ], [ 44.802889, 41.693688 ], [ 44.802774, 41.693688 ] ] ] } },
{ "type": "Feature", "properties": { "building": "house", "height": null, "building:levels": "2" }, "geometry": { "type": "Polygon", "coordinates": [ [ [ 44.802889, 41.693688 ], [ 44.80299, 41.693703 ], [ 44.802983, 41.693835 ], [ 44.803064, 41.693838 ], [ 44.803064, 41.693887 ], [ 44.802875, 41.693885 ], [ 44.802889, 41.693688 ] ] ] } },
{ "type": "Feature", "properties": { "building": "apartments", "height": null, "building:levels": "2" }, "geometry": { "type": "Polygon", "coordinates": [ [ [ 44.803062, 41.694608 ], [ 44.803002, 41.694586 ], [ 44.802998, 41.694577 ], [ 44.802989, 41.694542 ], [ 44.803026, 41.694543 ], [ 44.803045, 41.694507 ], [ 44.803126, 41.694514 ], [ 44.803062, 41.694608 ] ] ] } },
{ "type": "Feature", "properties": { "building": "detached", "height": null, "building:levels": "1" }, "geometry": { "type": "Polygon", "coordinates": [ [ [ 44.803126, 41.694514 ], [ 44.80312, 41.694471 ], [ 44.803054, 41.694469 ], [ 44.803048, 41.694492 ], [ 44.803045, 41.694507 ], [ 44.803126, 41.694514 ] ] ] } },
{ "type": "Feature", "properties": { "building": "yes", "height": null, "building:levels": "2" }, "geometry": { "type": "Polygon", "coordinates": [ [ [ 44.802914, 41.694388 ], [ 44.803025, 41.694391 ], [ 44.803024, 41.694412 ], [ 44.803021, 41.694489 ], [ 44.803048, 41.694492 ], [ 44.803045, 41.694507 ], [ 44.803026, 41.694543 ], [ 44.802989, 41.694542 ], [ 44.802974, 41.694518 ], [ 44.80291, 41.694517 ], [ 44.802912, 41.694471 ], [ 44.802914, 41.694407 ], [ 44.802914, 41.694388 ] ] ] } },
{ "type": "Feature", "properties": { "building": "yes", "height": null, "building:levels": "1" }, "geometry": { "type": "Polygon", "coordinates": [ [ [ 44.803025, 41.694391 ], [ 44.803104, 41.694392 ], [ 44.803109, 41.694416 ], [ 44.803024, 41.694412 ], [ 44.803025, 41.694391 ] ] ] } },
{ "type": "Feature", "properties": { "building": "yes", "height": null, "building:levels": null }, "geometry": { "type": "Polygon", "coordinates": [ [ [ 44.802839, 41.694384 ], [ 44.802839, 41.694404 ], [ 44.802914, 41.694407 ], [ 44.802912, 41.694471 ], [ 44.802758, 41.694465 ], [ 44.802762, 41.694418 ], [ 44.802773, 41.694389 ], [ 44.802839, 41.694384 ] ] ] } },
{ "type": "Feature", "properties": { "building": "yes", "height": null, "building:levels": null }, "geometry": { "type": "Polygon", "coordinates": [ [ [ 44.802758, 41.694465 ], [ 44.802738, 41.694572 ], [ 44.802838, 41.69458 ], [ 44.802856, 41.694518 ], [ 44.80291, 41.694517 ], [ 44.802912, 41.694471 ], [ 44.802758, 41.694465 ] ] ] } },
{ "type": "Feature", "properties": { "building": "hotel", "height": null, "building:levels": "2" }, "geometry": { "type": "Polygon", "coordinates": [ [ [ 44.803133, 41.693633 ], [ 44.803145, 41.693571 ], [ 44.803367, 41.693604 ], [ 44.80334, 41.693662 ], [ 44.803133, 41.693633 ] ] ] } },
{ "type": "Feature", "properties": { "building": "apartments", "height": null, "building:levels": null }, "geometry": { "type": "Polygon", "coordinates": [ [ [ 44.80334, 41.693662 ], [ 44.803336, 41.69367 ], [ 44.803415, 41.693689 ], [ 44.803475, 41.693565 ], [ 44.803396, 41.693543 ], [ 44.803367, 41.693604 ], [ 44.80334, 41.693662 ] ] ] } },
{ "type": "Feature", "properties": { "building": "apartments", "height": null, "building:levels": "2" }, "geometry": { "type": "Polygon", "coordinates": [ [ [ 44.803407, 41.69371 ], [ 44.803496, 41.693734 ], [ 44.803501, 41.693723 ], [ 44.803584, 41.693743 ], [ 44.803599, 41.693708 ], [ 44.803643, 41.693711 ], [ 44.80362, 41.693788 ], [ 44.80356, 41.693775 ], [ 44.803511, 41.693856 ], [ 44.803565, 41.693874 ], [ 44.80355, 41.693914 ], [ 44.803421, 41.693867 ], [ 44.803342, 41.693824 ], [ 44.803376, 41.69377 ], [ 44.803407, 41.69371 ] ] ] } },
{ "type": "Feature", "properties": { "building": "apartments", "height": null, "building:levels": "2" }, "geometry": { "type": "Polygon", "coordinates": [ [ [ 44.803421, 41.693867 ], [ 44.803342, 41.693824 ], [ 44.80331, 41.693876 ], [ 44.803303, 41.693945 ], [ 44.803358, 41.693953 ], [ 44.803356, 41.693975 ], [ 44.803494, 41.694029 ], [ 44.803535, 41.693955 ], [ 44.803549, 41.693922 ], [ 44.803461, 41.693894 ], [ 44.803439, 41.693928 ], [ 44.803398, 41.693917 ], [ 44.803421, 41.693867 ] ] ] } },
{ "type": "Feature", "properties": { "building": "yes", "height": null, "building:levels": null }, "geometry": { "type": "Polygon", "coordinates": [ [ [ 44.804026, 41.693808 ], [ 44.804007, 41.693859 ], [ 44.80402, 41.693874 ], [ 44.804277, 41.693942 ], [ 44.804302, 41.693893 ], [ 44.804194, 41.693868 ], [ 44.804217, 41.693815 ], [ 44.804203, 41.69381 ], [ 44.804118, 41.693784 ], [ 44.804095, 41.693777 ], [ 44.804076, 41.69382 ], [ 44.804026, 41.693808 ] ] ] } },
{ "type": "Feature", "properties": { "building": "yes", "height": null, "building:levels": null }, "geometry": { "type": "Polygon", "coordinates": [ [ [ 44.804118, 41.693784 ], [ 44.804154, 41.69371 ], [ 44.804241, 41.693737 ], [ 44.804215, 41.693786 ], [ 44.804203, 41.69381 ], [ 44.804118, 41.693784 ] ] ] } },
{ "type": "Feature", "properties": { "building": "yes", "height": null, "building:levels": null }, "geometry": { "type": "Polygon", "coordinates": [ [ [ 44.804203, 41.69381 ], [ 44.804217, 41.693815 ], [ 44.804268, 41.693831 ], [ 44.804281, 41.693835 ], [ 44.804302, 41.693798 ], [ 44.804307, 41.693788 ], [ 44.804237, 41.69377 ], [ 44.804229, 41.693789 ], [ 44.804215, 41.693786 ], [ 44.804203, 41.69381 ] ] ] } },
{ "type": "Feature", "properties": { "building": "yes", "height": null, "building:levels": null }, "geometry": { "type": "Polygon", "coordinates": [ [ [ 44.804268, 41.693831 ], [ 44.804256, 41.693853 ], [ 44.804351, 41.693882 ], [ 44.804361, 41.693868 ], [ 44.804393, 41.693821 ], [ 44.804302, 41.693798 ], [ 44.804281, 41.693835 ], [ 44.804268, 41.693831 ] ] ] } },
{ "type": "Feature", "properties": { "building": "apartments", "height": null, "building:levels": "2" }, "geometry": { "type": "Polygon", "coordinates": [ [ [ 44.804278, 41.693951 ], [ 44.804277, 41.693942 ], [ 44.804302, 41.693893 ], [ 44.804316, 41.693888 ], [ 44.80435, 41.693894 ], [ 44.804361, 41.693868 ], [ 44.804423, 41.693883 ], [ 44.804396, 41.693952 ], [ 44.804378, 41.693967 ], [ 44.80435, 41.693971 ], [ 44.804278, 41.693951 ] ] ] } },
{ "type": "Feature", "properties": { "building": "apartments", "height": null, "building:levels": "2" }, "geometry": { "type": "Polygon", "coordinates": [ [ [ 44.804368, 41.694012 ], [ 44.804191, 41.693974 ], [ 44.804174, 41.694037 ], [ 44.804163, 41.694084 ], [ 44.804323, 41.69412 ], [ 44.804368, 41.694012 ] ] ] } },
{ "type": "Feature", "properties": { "building": "yes", "height": null, "building:levels": null }, "geometry": { "type": "Polygon", "coordinates": [ [ [ 44.804191, 41.693974 ], [ 44.804075, 41.693945 ], [ 44.80405, 41.694004 ], [ 44.804174, 41.694037 ], [ 44.804191, 41.693974 ] ] ] } },
{ "type": "Feature", "properties": { "building": "yes", "height": null, "building:levels": null }, "geometry": { "type": "Polygon", "coordinates": [ [ [ 44.803688, 41.693992 ], [ 44.803709, 41.693935 ], [ 44.803789, 41.693956 ], [ 44.803863, 41.69397 ], [ 44.803993, 41.694007 ], [ 44.803975, 41.694034 ], [ 44.803998, 41.694042 ], [ 44.803965, 41.694109 ], [ 44.803945, 41.694132 ], [ 44.803915, 41.694192 ], [ 44.803768, 41.694151 ], [ 44.803719, 41.694127 ], [ 44.803725, 41.694111 ], [ 44.803744, 41.694062 ], [ 44.803839, 41.694088 ], [ 44.803863, 41.694038 ], [ 44.803688, 41.693992 ] ] ] } },
{ "type": "Feature", "properties": { "building": "yes", "height": null, "building:levels": "4" }, "geometry": { "type": "Polygon", "coordinates": [ [ [ 44.803492, 41.694128 ], [ 44.803741, 41.694188 ], [ 44.803695, 41.694294 ], [ 44.803667, 41.694287 ], [ 44.803663, 41.694295 ], [ 44.803612, 41.694283 ], [ 44.803615, 41.694277 ], [ 44.803605, 41.694274 ], [ 44.803595, 41.694296 ], [ 44.803524, 41.694279 ], [ 44.803534, 41.694255 ], [ 44.803462, 41.694237 ], [ 44.803453, 41.694223 ], [ 44.803492, 41.694128 ] ] ] } },
{ "type": "Feature", "properties": { "building": "house", "height": null, "building:levels": "1" }, "geometry": { "type": "Polygon", "coordinates": [ [ [ 44.803493, 41.694119 ], [ 44.80353, 41.694063 ], [ 44.803683, 41.69412 ], [ 44.803691, 41.6941 ], [ 44.803725, 41.694111 ], [ 44.803719, 41.694127 ], [ 44.803768, 41.694151 ], [ 44.803744, 41.694184 ], [ 44.803493, 41.694119 ] ] ] } },
{ "type": "Feature", "properties": { "building": "yes", "height": null, "building:levels": null }, "geometry": { "type": "Polygon", "coordinates": [ [ [ 44.803685, 41.694368 ], [ 44.803553, 41.694357 ], [ 44.803542, 41.694388 ], [ 44.803533, 41.694418 ], [ 44.803663, 41.69444 ], [ 44.803677, 41.694394 ], [ 44.803685, 41.694368 ] ] ] } },
{ "type": "Feature", "properties": { "building": "apartments", "height": null, "building:levels": "3" }, "geometry": { "type": "Polygon", "coordinates": [ [ [ 44.803385, 41.694393 ], [ 44.803351, 41.694462 ], [ 44.803496, 41.694491 ], [ 44.803563, 41.694505 ], [ 44.803569, 41.694507 ], [ 44.803592, 41.694452 ], [ 44.803534, 41.69444 ], [ 44.803538, 41.694428 ], [ 44.803385, 41.694393 ] ] ] } },
{ "type": "Feature", "properties": { "building": "apartments", "height": null, "building:levels": "2" }, "geometry": { "type": "Polygon", "coordinates": [ [ [ 44.803404, 41.694359 ], [ 44.80342, 41.694322 ], [ 44.803446, 41.694329 ], [ 44.803489, 41.694341 ], [ 44.803467, 41.694386 ], [ 44.8034, 41.694367 ], [ 44.803404, 41.694359 ] ] ] } },
{ "type": "Feature", "properties": { "building": "yes", "height": null, "building:levels": "1" }, "geometry": { "type": "Polygon", "coordinates": [ [ [ 44.80342, 41.694322 ], [ 44.803439, 41.69429 ], [ 44.803525, 41.69431 ], [ 44.803505, 41.694345 ], [ 44.803489, 41.694341 ], [ 44.803446, 41.694329 ], [ 44.80342, 41.694322 ] ] ] } },
{ "type": "Feature", "properties": { "building": "yes", "height": null, "building:levels": null }, "geometry": { "type": "Polygon", "coordinates": [ [ [ 44.803525, 41.69431 ], [ 44.803505, 41.694345 ], [ 44.803553, 41.694357 ], [ 44.803685, 41.694368 ], [ 44.803696, 41.694308 ], [ 44.803632, 41.694297 ], [ 44.803619, 41.694323 ], [ 44.803525, 41.69431 ] ] ] } },
{ "type": "Feature", "properties": { "building": "apartments", "height": null, "building:levels": "2" }, "geometry": { "type": "Polygon", "coordinates": [ [ [ 44.804386, 41.694118 ], [ 44.804528, 41.694144 ], [ 44.8046, 41.694158 ], [ 44.804619, 41.69412 ], [ 44.804525, 41.694102 ], [ 44.80453, 41.694075 ], [ 44.804475, 41.694066 ], [ 44.804411, 41.694056 ], [ 44.804386, 41.694118 ] ] ] } },
{ "type": "Feature", "properties": { "building": "apartments", "height": null, "building:levels": "2" }, "geometry": { "type": "Polygon", "coordinates": [ [ [ 44.80414, 41.6943 ], [ 44.804096, 41.694363 ], [ 44.804222, 41.694412 ], [ 44.804292, 41.694217 ], [ 44.804252, 41.694201 ], [ 44.804235, 41.694219 ], [ 44.80419, 41.694209 ], [ 44.804157, 41.694274 ], [ 44.80413, 41.694262 ], [ 44.804046, 41.694231 ], [ 44.803973, 41.694325 ], [ 44.80395, 41.694312 ], [ 44.803916, 41.694343 ], [ 44.803902, 41.694356 ], [ 44.803961, 41.694382 ], [ 44.80401, 41.694413 ], [ 44.80411, 41.694287 ], [ 44.80414, 41.6943 ] ] ] } },
{ "type": "Feature", "properties": { "building": "yes", "height": null, "building:levels": null }, "geometry": { "type": "Polygon", "coordinates": [ [ [ 44.803814, 41.694282 ], [ 44.803916, 41.694343 ], [ 44.80395, 41.694312 ], [ 44.803983, 41.694267 ], [ 44.804027, 41.694185 ], [ 44.804036, 41.694166 ], [ 44.803945, 41.694132 ], [ 44.803915, 41.694192 ], [ 44.803899, 41.694208 ], [ 44.803846, 41.694194 ], [ 44.803816, 41.694234 ], [ 44.803853, 41.694248 ], [ 44.803814, 41.694282 ] ] ] } },
{ "type": "Feature", "properties": { "building": "yes", "height": null, "building:levels": null }, "geometry": { "type": "Polygon", "coordinates": [ [ [ 44.803945, 41.694132 ], [ 44.803965, 41.694109 ], [ 44.803998, 41.694042 ], [ 44.804163, 41.694084 ], [ 44.804151, 41.694106 ], [ 44.80413, 41.694105 ], [ 44.804105, 41.694172 ], [ 44.804081, 41.694167 ], [ 44.804066, 41.694172 ], [ 44.804036, 41.694166 ], [ 44.803945, 41.694132 ] ] ] } },
{ "type": "Feature", "properties": { "building": "apartments", "height": null, "building:levels": "2" }, "geometry": { "type": "Polygon", "coordinates": [ [ [ 44.803992, 41.694617 ], [ 44.804032, 41.694535 ], [ 44.803966, 41.694518 ], [ 44.804018, 41.694441 ], [ 44.804182, 41.694498 ], [ 44.804134, 41.694651 ], [ 44.803992, 41.694617 ] ] ] } },
{ "type": "Feature", "properties": { "building": "apartments", "height": null, "building:levels": "2" }, "geometry": { "type": "Polygon", "coordinates": [ [ [ 44.804035, 41.694913 ], [ 44.803895, 41.694877 ], [ 44.803875, 41.694914 ], [ 44.80382, 41.694899 ], [ 44.803859, 41.694827 ], [ 44.803864, 41.694804 ], [ 44.803803, 41.694786 ], [ 44.803744, 41.694887 ], [ 44.803796, 41.694906 ], [ 44.803772, 41.694972 ], [ 44.803766, 41.694995 ], [ 44.803896, 41.695042 ], [ 44.803932, 41.694969 ], [ 44.804007, 41.694982 ], [ 44.804035, 41.694913 ] ] ] } },
{ "type": "Feature", "properties": { "building": "commercial", "height": null, "building:levels": "1" }, "geometry": { "type": "Polygon", "coordinates": [ [ [ 44.804053, 41.694872 ], [ 44.804081, 41.694802 ], [ 44.80399, 41.694782 ], [ 44.803962, 41.694793 ], [ 44.80396, 41.694801 ], [ 44.803948, 41.694845 ], [ 44.804053, 41.694872 ] ] ] } },
{ "type": "Feature", "properties": { "building": "commercial", "height": null, "building:levels": "2" }, "geometry": { "type": "Polygon", "coordinates": [ [ [ 44.803976, 41.694652 ], [ 44.80413, 41.694677 ], [ 44.804113, 41.694715 ], [ 44.804067, 41.69471 ], [ 44.804047, 41.694762 ], [ 44.803961, 41.69475 ], [ 44.803967, 41.6947 ], [ 44.803976, 41.694652 ] ] ] } },
{ "type": "Feature", "properties": { "building": "hotel", "height": null, "building:levels": "2" }, "geometry": { "type": "Polygon", "coordinates": [ [ [ 44.803967, 41.6947 ], [ 44.803893, 41.694688 ], [ 44.80391, 41.694656 ], [ 44.803872, 41.694645 ], [ 44.803855, 41.69468 ], [ 44.803818, 41.694697 ], [ 44.803799, 41.694742 ], [ 44.803776, 41.694779 ], [ 44.803803, 41.694786 ], [ 44.803864, 41.694804 ], [ 44.803874, 41.69479 ], [ 44.803885, 41.694767 ], [ 44.803948, 41.694774 ], [ 44.803961, 41.69475 ], [ 44.803967, 41.6947 ] ] ] } },
{ "type": "Feature", "properties": { "building": "yes", "height": null, "building:levels": null }, "geometry": { "type": "Polygon", "coordinates": [ [ [ 44.803742, 41.694587 ], [ 44.803766, 41.694539 ], [ 44.803767, 41.694535 ], [ 44.803814, 41.694423 ], [ 44.803884, 41.694434 ], [ 44.803901, 41.694395 ], [ 44.803969, 41.694423 ], [ 44.80394, 41.694463 ], [ 44.803918, 41.694456 ], [ 44.803872, 41.69455 ], [ 44.803845, 41.694605 ], [ 44.803742, 41.694587 ] ] ] } },
{ "type": "Feature", "properties": { "building": "yes", "height": null, "building:levels": null }, "geometry": { "type": "Polygon", "coordinates": [ [ [ 44.803909, 41.69438 ], [ 44.803901, 41.694395 ], [ 44.803884, 41.694434 ], [ 44.803814, 41.694423 ], [ 44.803711, 41.69439 ], [ 44.803736, 41.69433 ], [ 44.803909, 41.69438 ] ] ] } },
{ "type": "Feature", "properties": { "building": "yes", "height": null, "building:levels": null }, "geometry": { "type": "Polygon", "coordinates": [ [ [ 44.803664, 41.694528 ], [ 44.803696, 41.694535 ], [ 44.803702, 41.694524 ], [ 44.803766, 41.694539 ], [ 44.803814, 41.694423 ], [ 44.803711, 41.69439 ], [ 44.803677, 41.694394 ], [ 44.803663, 41.69444 ], [ 44.803661, 41.694451 ], [ 44.803693, 41.694458 ], [ 44.803664, 41.694528 ] ] ] } },
{ "type": "Feature", "properties": { "building": "yes", "height": null, "building:levels": null }, "geometry": { "type": "Polygon", "coordinates": [ [ [ 44.803845, 41.694605 ], [ 44.803919, 41.694617 ], [ 44.803941, 41.694566 ], [ 44.803872, 41.69455 ], [ 44.803845, 41.694605 ] ] ] } },
{ "type": "Feature", "properties": { "building": "retail", "height": null, "building:levels": "2" }, "geometry": { "type": "Polygon", "coordinates": [ [ [ 44.803114, 41.695079 ], [ 44.803094, 41.694952 ], [ 44.803189, 41.694968 ], [ 44.803186, 41.694979 ], [ 44.803219, 41.694986 ], [ 44.803227, 41.695093 ], [ 44.803187, 41.69509 ], [ 44.803187, 41.695077 ], [ 44.803114, 41.695079 ] ] ] } },
{ "type": "Feature", "properties": { "building": "apartments", "height": null, "building:levels": "2" }, "geometry": { "type": "Polygon", "coordinates": [ [ [ 44.803094, 41.694952 ], [ 44.803097, 41.694845 ], [ 44.803078, 41.694784 ], [ 44.803144, 41.69478 ], [ 44.803159, 41.694832 ], [ 44.803219, 41.69484 ], [ 44.803205, 41.694892 ], [ 44.803285, 41.694906 ], [ 44.803287, 41.694916 ], [ 44.80326, 41.694988 ], [ 44.803219, 41.694986 ], [ 44.803186, 41.694979 ], [ 44.803189, 41.694968 ], [ 44.803094, 41.694952 ] ] ] } },
{ "type": "Feature", "properties": { "building": "detached", "height": null, "building:levels": "1" }, "geometry": { "type": "Polygon", "coordinates": [ [ [ 44.803078, 41.694784 ], [ 44.803059, 41.694712 ], [ 44.803077, 41.694662 ], [ 44.803109, 41.69467 ], [ 44.803101, 41.694706 ], [ 44.803156, 41.694704 ], [ 44.803165, 41.694651 ], [ 44.803152, 41.694651 ], [ 44.803153, 41.694642 ], [ 44.803113, 41.69463 ], [ 44.803157, 41.694579 ], [ 44.803216, 41.694581 ], [ 44.803238, 41.694646 ], [ 44.803233, 41.694681 ], [ 44.803226, 41.694733 ], [ 44.803173, 41.694729 ], [ 44.80317, 41.694779 ], [ 44.803144, 41.69478 ], [ 44.803078, 41.694784 ] ] ] } },
{ "type": "Feature", "properties": { "building": "apartments", "height": null, "building:levels": "2" }, "geometry": { "type": "Polygon", "coordinates": [ [ [ 44.803307, 41.694764 ], [ 44.803337, 41.694747 ], [ 44.803387, 41.694794 ], [ 44.80337, 41.694866 ], [ 44.803353, 41.694927 ], [ 44.803287, 41.694916 ], [ 44.803285, 41.694906 ], [ 44.803278, 41.694897 ], [ 44.803286, 41.694847 ], [ 44.803307, 41.694764 ] ] ] } },
{ "type": "Feature", "properties": { "building": "service", "height": null, "building:levels": "1" }, "geometry": { "type": "Polygon", "coordinates": [ [ [ 44.804072, 41.693675 ], [ 44.804132, 41.693655 ], [ 44.804106, 41.693613 ], [ 44.804046, 41.693633 ], [ 44.804072, 41.693675 ] ] ] } },
{ "type": "Feature", "properties": { "building": "apartments", "height": null, "building:levels": null }, "geometry": { "type": "Polygon", "coordinates": [ [ [ 44.802132, 41.691896 ], [ 44.802133, 41.691817 ], [ 44.80239, 41.691818 ], [ 44.802389, 41.691824 ], [ 44.802391, 41.691904 ], [ 44.802363, 41.691903 ], [ 44.802132, 41.691896 ] ] ] } },
{ "type": "Feature", "properties": { "building": "yes", "height": null, "building:levels": null }, "geometry": { "type": "Polygon", "coordinates": [ [ [ 44.802134, 41.691646 ], [ 44.802383, 41.691648 ], [ 44.802383, 41.69158 ], [ 44.802273, 41.69158 ], [ 44.802134, 41.69158 ], [ 44.802134, 41.691646 ] ] ] } },
{ "type": "Feature", "properties": { "building": "yes", "height": null, "building:levels": null }, "geometry": { "type": "Polygon", "coordinates": [ [ [ 44.802779, 41.691611 ], [ 44.802865, 41.691609 ], [ 44.802865, 41.691469 ], [ 44.802528, 41.691468 ], [ 44.802462, 41.691469 ], [ 44.802462, 41.691475 ], [ 44.802463, 41.691545 ], [ 44.802523, 41.691547 ], [ 44.802779, 41.691546 ], [ 44.802779, 41.691611 ] ] ] } },
{ "type": "Feature", "properties": { "building": "apartments", "height": null, "building:levels": "2" }, "geometry": { "type": "Polygon", "coordinates": [ [ [ 44.803031, 41.691467 ], [ 44.803033, 41.691319 ], [ 44.802782, 41.691318 ], [ 44.80278, 41.691465 ], [ 44.803031, 41.691467 ] ] ] } },
{ "type": "Feature", "properties": { "building": "detached", "height": null, "building:levels": "2" }, "geometry": { "type": "Polygon", "coordinates": [ [ [ 44.802533, 41.691378 ], [ 44.802535, 41.691312 ], [ 44.802429, 41.69131 ], [ 44.802427, 41.691376 ], [ 44.802533, 41.691378 ] ] ] } },
{ "type": "Feature", "properties": { "building": "apartments", "height": null, "building:levels": "2" }, "geometry": { "type": "Polygon", "coordinates": [ [ [ 44.803402, 41.69171 ], [ 44.803352, 41.691793 ], [ 44.803487, 41.691838 ], [ 44.803516, 41.691794 ], [ 44.803537, 41.691756 ], [ 44.803516, 41.691749 ], [ 44.803475, 41.691735 ], [ 44.803402, 41.69171 ] ] ] } },
{ "type": "Feature", "properties": { "building": "apartments", "height": null, "building:levels": "2" }, "geometry": { "type": "Polygon", "coordinates": [ [ [ 44.80327, 41.691666 ], [ 44.803253, 41.691757 ], [ 44.803352, 41.691793 ], [ 44.803402, 41.69171 ], [ 44.803376, 41.691701 ], [ 44.80327, 41.691666 ] ] ] } },
{ "type": "Feature", "properties": { "building": "yes", "height": "14", "building:levels": "3" }, "geometry": { "type": "Polygon", "coordinates": [ [ [ 44.801375, 41.692631 ], [ 44.801198, 41.692624 ], [ 44.801216, 41.692339 ], [ 44.801234, 41.692173 ], [ 44.801406, 41.69219 ], [ 44.801397, 41.692307 ], [ 44.801727, 41.692356 ], [ 44.801723, 41.69242 ], [ 44.80176, 41.692426 ], [ 44.801761, 41.692442 ], [ 44.801757, 41.692507 ], [ 44.801426, 41.692495 ], [ 44.80144, 41.692439 ], [ 44.801498, 41.692395 ], [ 44.801333, 41.692376 ], [ 44.801327, 41.692509 ], [ 44.801383, 41.692515 ], [ 44.801375, 41.692631 ] ] ] } },
{ "type": "Feature", "properties": { "building": "apartments", "height": "14", "building:levels": "3" }, "geometry": { "type": "Polygon", "coordinates": [ [ [ 44.801723, 41.69242 ], [ 44.801727, 41.692356 ], [ 44.801741, 41.692158 ], [ 44.801754, 41.691995 ], [ 44.801762, 41.691908 ], [ 44.801941, 41.69192 ], [ 44.801907, 41.692448 ], [ 44.80176, 41.692426 ], [ 44.801723, 41.69242 ] ] ] } },
{ "type": "Feature", "properties": { "building": "apartments", "height": null, "building:levels": "4" }, "geometry": { "type": "Polygon", "coordinates": [ [ [ 44.809985, 41.686083 ], [ 44.809907, 41.686081 ], [ 44.809908, 41.686067 ], [ 44.809842, 41.686065 ], [ 44.809842, 41.686044 ], [ 44.809829, 41.686044 ], [ 44.80983, 41.686014 ], [ 44.809851, 41.686014 ], [ 44.809853, 41.685983 ], [ 44.809831, 41.685982 ], [ 44.809834, 41.685921 ], [ 44.809932, 41.685924 ], [ 44.809933, 41.685907 ], [ 44.810036, 41.68591 ], [ 44.810033, 41.68598 ], [ 44.810018, 41.685985 ], [ 44.810016, 41.68603 ], [ 44.809987, 41.686029 ], [ 44.809985, 41.686083 ] ] ] } },
{ "type": "Feature", "properties": { "building": "house", "height": null, "building:levels": null }, "geometry": { "type": "Polygon", "coordinates": [ [ [ 44.803009, 41.692002 ], [ 44.803096, 41.692001 ], [ 44.803097, 41.692034 ], [ 44.803167, 41.692033 ], [ 44.803165, 41.691981 ], [ 44.803211, 41.69198 ], [ 44.80321, 41.691949 ], [ 44.803128, 41.69195 ], [ 44.803127, 41.691913 ], [ 44.803127, 41.691902 ], [ 44.803007, 41.691904 ], [ 44.803009, 41.692002 ] ] ] } },
{ "type": "Feature", "properties": { "building": "house", "height": null, "building:levels": "3" }, "geometry": { "type": "Polygon", "coordinates": [ [ [ 44.801367, 41.689941 ], [ 44.801368, 41.689928 ], [ 44.801371, 41.68984 ], [ 44.801373, 41.689772 ], [ 44.801373, 41.689757 ], [ 44.801381, 41.689755 ], [ 44.801377, 41.689749 ], [ 44.801376, 41.689743 ], [ 44.801376, 41.689736 ], [ 44.801381, 41.68973 ], [ 44.801388, 41.689725 ], [ 44.801396, 41.689722 ], [ 44.801405, 41.689722 ], [ 44.801414, 41.689724 ], [ 44.80142, 41.689727 ], [ 44.801424, 41.689722 ], [ 44.801432, 41.689722 ], [ 44.801447, 41.689723 ], [ 44.801707, 41.689732 ], [ 44.801734, 41.689733 ], [ 44.801733, 41.689826 ], [ 44.801702, 41.689826 ], [ 44.801595, 41.689823 ], [ 44.801592, 41.689889 ], [ 44.801701, 41.689893 ], [ 44.801698, 41.689951 ], [ 44.801367, 41.689941 ] ] ] } },
{ "type": "Feature", "properties": { "building": "yes", "height": null, "building:levels": "3.5" }, "geometry": { "type": "Polygon", "coordinates": [ [ [ 44.800621, 41.68983 ], [ 44.800635, 41.689698 ], [ 44.800888, 41.689704 ], [ 44.801247, 41.689712 ], [ 44.801241, 41.689872 ], [ 44.801241, 41.689887 ], [ 44.801231, 41.689987 ], [ 44.801079, 41.689981 ], [ 44.801024, 41.689979 ], [ 44.800884, 41.689974 ], [ 44.800777, 41.689971 ], [ 44.800669, 41.689968 ], [ 44.800612, 41.689966 ], [ 44.800619, 41.68987 ], [ 44.800677, 41.689872 ], [ 44.800736, 41.689873 ], [ 44.800734, 41.689893 ], [ 44.801028, 41.689901 ], [ 44.80105, 41.689901 ], [ 44.801051, 41.68984 ], [ 44.800883, 41.689836 ], [ 44.800679, 41.689832 ], [ 44.800621, 41.68983 ] ] ] } },
{ "type": "Feature", "properties": { "building": "government", "height": null, "building:levels": null }, "geometry": { "type": "Polygon", "coordinates": [ [ [ 44.801671, 41.690228 ], [ 44.80181, 41.69024 ], [ 44.801811, 41.690218 ], [ 44.802047, 41.690229 ], [ 44.802028, 41.690493 ], [ 44.801844, 41.69047 ], [ 44.801844, 41.690459 ], [ 44.801865, 41.690301 ], [ 44.801666, 41.690293 ], [ 44.801671, 41.690228 ] ] ] } },
{ "type": "Feature", "properties": { "building": "yes", "height": null, "building:levels": "2.5" }, "geometry": { "type": "Polygon", "coordinates": [ [ [ 44.801217, 41.69035 ], [ 44.800867, 41.69034 ], [ 44.800682, 41.690336 ], [ 44.800637, 41.690336 ], [ 44.800641, 41.690252 ], [ 44.80087, 41.690257 ], [ 44.800874, 41.690244 ], [ 44.80092, 41.690246 ], [ 44.800931, 41.690275 ], [ 44.80099, 41.690277 ], [ 44.800995, 41.690122 ], [ 44.801106, 41.690121 ], [ 44.801106, 41.690137 ], [ 44.801134, 41.690137 ], [ 44.801136, 41.690104 ], [ 44.801137, 41.690087 ], [ 44.801066, 41.690085 ], [ 44.801068, 41.690058 ], [ 44.800881, 41.690053 ], [ 44.800776, 41.690051 ], [ 44.800777, 41.689971 ], [ 44.800884, 41.689974 ], [ 44.801024, 41.689979 ], [ 44.801079, 41.689981 ], [ 44.801231, 41.689987 ], [ 44.80124, 41.689987 ], [ 44.801237, 41.690042 ], [ 44.801234, 41.690106 ], [ 44.801232, 41.690137 ], [ 44.801227, 41.690236 ], [ 44.801223, 41.6903 ], [ 44.801223, 41.690314 ], [ 44.801222, 41.690327 ], [ 44.801221, 41.690342 ], [ 44.801221, 41.69035 ], [ 44.801217, 41.69035 ] ] ] } },
{ "type": "Feature", "properties": { "building": "yes", "height": null, "building:levels": "2" }, "geometry": { "type": "Polygon", "coordinates": [ [ [ 44.807487, 41.694027 ], [ 44.807568, 41.694025 ], [ 44.807565, 41.693959 ], [ 44.807484, 41.69396 ], [ 44.807487, 41.694027 ] ] ] } },
{ "type": "Feature", "properties": { "building": "yes", "height": null, "building:levels": null }, "geometry": { "type": "Polygon", "coordinates": [ [ [ 44.807504, 41.694184 ], [ 44.807508, 41.694255 ], [ 44.807578, 41.694253 ], [ 44.807574, 41.694182 ], [ 44.807504, 41.694184 ] ] ] } },
{ "type": "Feature", "properties": { "building": "yes", "height": null, "building:levels": null }, "geometry": { "type": "Polygon", "coordinates": [ [ [ 44.806678, 41.694064 ], [ 44.806682, 41.694161 ], [ 44.806734, 41.69416 ], [ 44.806731, 41.694063 ], [ 44.806678, 41.694064 ] ] ] } },
{ "type": "Feature", "properties": { "building": "tower", "height": null, "building:levels": null }, "geometry": { "type": "Polygon", "coordinates": [ [ [ 44.806707, 41.693993 ], [ 44.806724, 41.694 ], [ 44.806734, 41.694013 ], [ 44.806734, 41.694028 ], [ 44.806724, 41.69404 ], [ 44.806707, 41.694048 ], [ 44.806687, 41.694048 ], [ 44.80667, 41.69404 ], [ 44.80666, 41.694027 ], [ 44.80666, 41.694012 ], [ 44.80667, 41.694 ], [ 44.806688, 41.693993 ], [ 44.806707, 41.693993 ] ] ] } },
{ "type": "Feature", "properties": { "building": "yes", "height": null, "building:levels": null }, "geometry": { "type": "Polygon", "coordinates": [ [ [ 44.807377, 41.694246 ], [ 44.807458, 41.694242 ], [ 44.807435, 41.694003 ], [ 44.807354, 41.694007 ], [ 44.807377, 41.694246 ] ] ] } },
{ "type": "Feature", "properties": { "building": "yes", "height": null, "building:levels": null }, "geometry": { "type": "Polygon", "coordinates": [ [ [ 44.807395, 41.694749 ], [ 44.807392, 41.694777 ], [ 44.807505, 41.694783 ], [ 44.807508, 41.694755 ], [ 44.807395, 41.694749 ] ] ] } },
{ "type": "Feature", "properties": { "building": "yes", "height": null, "building:levels": null }, "geometry": { "type": "Polygon", "coordinates": [ [ [ 44.807553, 41.694791 ], [ 44.807647, 41.694791 ], [ 44.807647, 41.694732 ], [ 44.807553, 41.694732 ], [ 44.807553, 41.694791 ] ] ] } },
{ "type": "Feature", "properties": { "building": "yes", "height": null, "building:levels": null }, "geometry": { "type": "Polygon", "coordinates": [ [ [ 44.807558, 41.694636 ], [ 44.807619, 41.694632 ], [ 44.807607, 41.694529 ], [ 44.807546, 41.694533 ], [ 44.807558, 41.694636 ] ] ] } },
{ "type": "Feature", "properties": { "building": "yes", "height": null, "building:levels": null }, "geometry": { "type": "Polygon", "coordinates": [ [ [ 44.806853, 41.694396 ], [ 44.80687, 41.6944 ], [ 44.806881, 41.69441 ], [ 44.806881, 41.694424 ], [ 44.806871, 41.694435 ], [ 44.806854, 41.694439 ], [ 44.806849, 41.694451 ], [ 44.806836, 41.694458 ], [ 44.80682, 41.694458 ], [ 44.806806, 41.694451 ], [ 44.806801, 41.69444 ], [ 44.806784, 41.694436 ], [ 44.806773, 41.694425 ], [ 44.806773, 41.694411 ], [ 44.806783, 41.6944 ], [ 44.8068, 41.694396 ], [ 44.806805, 41.694384 ], [ 44.806818, 41.694377 ], [ 44.806834, 41.694377 ], [ 44.806848, 41.694384 ], [ 44.806853, 41.694396 ] ] ] } },
{ "type": "Feature", "properties": { "building": "tower", "height": null, "building:levels": null }, "geometry": { "type": "Polygon", "coordinates": [ [ [ 44.8063, 41.694575 ], [ 44.806323, 41.694575 ], [ 44.806334, 41.69459 ], [ 44.806322, 41.694605 ], [ 44.806299, 41.694605 ], [ 44.806288, 41.694589 ], [ 44.8063, 41.694575 ] ] ] } },
{ "type": "Feature", "properties": { "building": "commercial", "height": null, "building:levels": "1" }, "geometry": { "type": "Polygon", "coordinates": [ [ [ 44.80623, 41.694703 ], [ 44.806233, 41.69466 ], [ 44.806151, 41.69465 ], [ 44.806148, 41.694682 ], [ 44.806133, 41.694695 ], [ 44.806076, 41.694714 ], [ 44.806145, 41.694816 ], [ 44.806228, 41.694804 ], [ 44.80623, 41.694703 ] ] ] } },
{ "type": "Feature", "properties": { "building": "commercial", "height": null, "building:levels": "2" }, "geometry": { "type": "Polygon", "coordinates": [ [ [ 44.806487, 41.694706 ], [ 44.80623, 41.694703 ], [ 44.806228, 41.694804 ], [ 44.806485, 41.694807 ], [ 44.806487, 41.694706 ] ] ] } },
{ "type": "Feature", "properties": { "building": "apartments", "height": null, "building:levels": "2" }, "geometry": { "type": "Polygon", "coordinates": [ [ [ 44.80484, 41.694941 ], [ 44.804774, 41.694922 ], [ 44.804729, 41.695013 ], [ 44.804706, 41.695058 ], [ 44.804771, 41.695076 ], [ 44.804794, 41.695031 ], [ 44.804808, 41.695003 ], [ 44.80484, 41.694941 ] ] ] } },
{ "type": "Feature", "properties": { "building": "yes", "height": null, "building:levels": null }, "geometry": { "type": "Polygon", "coordinates": [ [ [ 44.802514, 41.693696 ], [ 44.802531, 41.693782 ], [ 44.802621, 41.693772 ], [ 44.802616, 41.693747 ], [ 44.80265, 41.693683 ], [ 44.802546, 41.693693 ], [ 44.802514, 41.693696 ] ] ] } },
{ "type": "Feature", "properties": { "building": "yes", "height": null, "building:levels": null }, "geometry": { "type": "Polygon", "coordinates": [ [ [ 44.802447, 41.693704 ], [ 44.802485, 41.693893 ], [ 44.802531, 41.693884 ], [ 44.802551, 41.693885 ], [ 44.802531, 41.693782 ], [ 44.802514, 41.693696 ], [ 44.80247, 41.693701 ], [ 44.802447, 41.693704 ] ] ] } },
{ "type": "Feature", "properties": { "building": "yes", "height": null, "building:levels": null }, "geometry": { "type": "Polygon", "coordinates": [ [ [ 44.80244, 41.693553 ], [ 44.80247, 41.693701 ], [ 44.802514, 41.693696 ], [ 44.802546, 41.693693 ], [ 44.802529, 41.693602 ], [ 44.802731, 41.69358 ], [ 44.802719, 41.693522 ], [ 44.8025, 41.693547 ], [ 44.80244, 41.693553 ] ] ] } },
{ "type": "Feature", "properties": { "building": "hotel", "height": null, "building:levels": "2" }, "geometry": { "type": "Polygon", "coordinates": [ [ [ 44.80363, 41.694991 ], [ 44.803578, 41.695052 ], [ 44.803545, 41.695164 ], [ 44.803565, 41.695169 ], [ 44.803622, 41.695183 ], [ 44.803633, 41.695164 ], [ 44.803671, 41.6951 ], [ 44.803714, 41.695025 ], [ 44.803694, 41.695017 ], [ 44.803645, 41.694997 ], [ 44.80363, 41.694991 ] ] ] } },
{ "type": "Feature", "properties": { "building": "house", "height": null, "building:levels": "2" }, "geometry": { "type": "Polygon", "coordinates": [ [ [ 44.803303, 41.693945 ], [ 44.803174, 41.693935 ], [ 44.803176, 41.693903 ], [ 44.803119, 41.693906 ], [ 44.803119, 41.693857 ], [ 44.803211, 41.693866 ], [ 44.80331, 41.693876 ], [ 44.803303, 41.693945 ] ] ] } },
{ "type": "Feature", "properties": { "building": "yes", "height": null, "building:levels": null }, "geometry": { "type": "Polygon", "coordinates": [ [ [ 44.80291, 41.694517 ], [ 44.802912, 41.694577 ], [ 44.802979, 41.694577 ], [ 44.802998, 41.694577 ], [ 44.802989, 41.694542 ], [ 44.802974, 41.694518 ], [ 44.80291, 41.694517 ] ] ] } },
{ "type": "Feature", "properties": { "building": "yes", "height": null, "building:levels": null }, "geometry": { "type": "Polygon", "coordinates": [ [ [ 44.802738, 41.694572 ], [ 44.802659, 41.694567 ], [ 44.802652, 41.694626 ], [ 44.802731, 41.694631 ], [ 44.802738, 41.694572 ] ] ] } },
{ "type": "Feature", "properties": { "building": "yes", "height": null, "building:levels": null }, "geometry": { "type": "Polygon", "coordinates": [ [ [ 44.802738, 41.694572 ], [ 44.802731, 41.694631 ], [ 44.802818, 41.694642 ], [ 44.802819, 41.694624 ], [ 44.802841, 41.69462 ], [ 44.802838, 41.69458 ], [ 44.802738, 41.694572 ] ] ] } },
{ "type": "Feature", "properties": { "building": "yes", "height": null, "building:levels": null }, "geometry": { "type": "Polygon", "coordinates": [ [ [ 44.803864, 41.694804 ], [ 44.803859, 41.694827 ], [ 44.803917, 41.694837 ], [ 44.803948, 41.694845 ], [ 44.80396, 41.694801 ], [ 44.803874, 41.69479 ], [ 44.803864, 41.694804 ] ] ] } },
{ "type": "Feature", "properties": { "building": "detached", "height": null, "building:levels": "1" }, "geometry": { "type": "Polygon", "coordinates": [ [ [ 44.803602, 41.694911 ], [ 44.803772, 41.694972 ], [ 44.803796, 41.694906 ], [ 44.803744, 41.694887 ], [ 44.803686, 41.694871 ], [ 44.803638, 41.694855 ], [ 44.803602, 41.694911 ] ] ] } },
{ "type": "Feature", "properties": { "building": "yes", "height": null, "building:levels": null }, "geometry": { "type": "Polygon", "coordinates": [ [ [ 44.803725, 41.694772 ], [ 44.803678, 41.694843 ], [ 44.803694, 41.694851 ], [ 44.803686, 41.694871 ], [ 44.803744, 41.694887 ], [ 44.803803, 41.694786 ], [ 44.803776, 41.694779 ], [ 44.803729, 41.69476 ], [ 44.803725, 41.694772 ] ] ] } },
{ "type": "Feature", "properties": { "building": "apartments", "height": null, "building:levels": "2" }, "geometry": { "type": "Polygon", "coordinates": [ [ [ 44.803468, 41.694746 ], [ 44.803525, 41.694744 ], [ 44.803525, 41.694751 ], [ 44.803507, 41.694747 ], [ 44.803469, 41.694797 ], [ 44.803447, 41.694809 ], [ 44.803489, 41.694854 ], [ 44.803566, 41.694895 ], [ 44.803567, 41.694894 ], [ 44.803602, 41.694911 ], [ 44.803638, 41.694855 ], [ 44.80365, 41.694842 ], [ 44.803678, 41.694843 ], [ 44.803725, 41.694772 ], [ 44.80363, 41.694755 ], [ 44.803629, 41.694687 ], [ 44.803561, 41.694687 ], [ 44.803559, 41.694657 ], [ 44.803462, 41.69466 ], [ 44.803458, 41.694598 ], [ 44.803395, 41.694591 ], [ 44.803376, 41.694663 ], [ 44.803332, 41.694665 ], [ 44.80335, 41.694707 ], [ 44.803359, 41.694708 ], [ 44.80343, 41.694793 ], [ 44.803476, 41.694773 ], [ 44.803468, 41.694746 ] ] ] } },
{ "type": "Feature", "properties": { "building": "yes", "height": null, "building:levels": null }, "geometry": { "type": "Polygon", "coordinates": [ [ [ 44.803458, 41.694598 ], [ 44.803462, 41.69466 ], [ 44.803559, 41.694657 ], [ 44.803573, 41.694624 ], [ 44.803458, 41.694598 ] ] ] } },
{ "type": "Feature", "properties": { "building": "yes", "height": null, "building:levels": null }, "geometry": { "type": "Polygon", "coordinates": [ [ [ 44.803405, 41.694548 ], [ 44.803391, 41.694584 ], [ 44.803458, 41.694598 ], [ 44.803573, 41.694624 ], [ 44.803587, 41.694588 ], [ 44.803535, 41.694576 ], [ 44.803468, 41.694561 ], [ 44.803405, 41.694548 ] ] ] } },
{ "type": "Feature", "properties": { "building": "yes", "height": null, "building:levels": null }, "geometry": { "type": "Polygon", "coordinates": [ [ [ 44.804036, 41.694166 ], [ 44.804027, 41.694185 ], [ 44.804105, 41.694207 ], [ 44.804113, 41.694189 ], [ 44.804106, 41.694186 ], [ 44.804066, 41.694172 ], [ 44.804036, 41.694166 ] ] ] } },
{ "type": "Feature", "properties": { "building": "yes", "height": null, "building:levels": null }, "geometry": { "type": "Polygon", "coordinates": [ [ [ 44.80419, 41.694209 ], [ 44.804235, 41.694219 ], [ 44.804252, 41.694201 ], [ 44.804255, 41.694164 ], [ 44.804194, 41.694151 ], [ 44.804189, 41.694162 ], [ 44.804121, 41.694148 ], [ 44.804106, 41.694186 ], [ 44.804113, 41.694189 ], [ 44.80419, 41.694209 ] ] ] } },
{ "type": "Feature", "properties": { "building": "yes", "height": null, "building:levels": null }, "geometry": { "type": "Polygon", "coordinates": [ [ [ 44.807209, 41.695117 ], [ 44.807212, 41.695093 ], [ 44.807254, 41.695095 ], [ 44.807251, 41.69512 ], [ 44.807443, 41.695132 ], [ 44.80749, 41.695113 ], [ 44.807515, 41.694882 ], [ 44.807114, 41.694857 ], [ 44.807118, 41.694824 ], [ 44.806886, 41.69481 ], [ 44.806884, 41.69483 ], [ 44.806875, 41.694922 ], [ 44.806871, 41.694948 ], [ 44.807029, 41.694957 ], [ 44.807019, 41.695046 ], [ 44.807018, 41.695057 ], [ 44.806891, 41.69505 ], [ 44.806882, 41.695142 ], [ 44.807126, 41.695156 ], [ 44.807128, 41.695139 ], [ 44.807188, 41.695144 ], [ 44.807209, 41.695117 ] ] ] } },
{ "type": "Feature", "properties": { "building": "yes", "height": null, "building:levels": null }, "geometry": { "type": "Polygon", "coordinates": [ [ [ 44.805621, 41.694693 ], [ 44.805706, 41.694723 ], [ 44.805729, 41.694686 ], [ 44.805647, 41.694662 ], [ 44.805621, 41.694693 ] ] ] } },
{ "type": "Feature", "properties": { "building": "apartments", "height": null, "building:levels": "2" }, "geometry": { "type": "Polygon", "coordinates": [ [ [ 44.805496, 41.694781 ], [ 44.805433, 41.694795 ], [ 44.805454, 41.69485 ], [ 44.805544, 41.694831 ], [ 44.805601, 41.694873 ], [ 44.805568, 41.694891 ], [ 44.805651, 41.694901 ], [ 44.805702, 41.694867 ], [ 44.805769, 41.694771 ], [ 44.805681, 41.694731 ], [ 44.805633, 41.694789 ], [ 44.80559, 41.694741 ], [ 44.805458, 41.694695 ], [ 44.805421, 41.694755 ], [ 44.805496, 41.694781 ] ] ] } },
{ "type": "Feature", "properties": { "building": "yes", "height": null, "building:levels": null }, "geometry": { "type": "Polygon", "coordinates": [ [ [ 44.805273, 41.694742 ], [ 44.805374, 41.694775 ], [ 44.805412, 41.694698 ], [ 44.805324, 41.694666 ], [ 44.80528, 41.694727 ], [ 44.805273, 41.694742 ] ] ] } },
{ "type": "Feature", "properties": { "building": "yes", "height": null, "building:levels": null }, "geometry": { "type": "Polygon", "coordinates": [ [ [ 44.805238, 41.694631 ], [ 44.805202, 41.694678 ], [ 44.805223, 41.694687 ], [ 44.805217, 41.694699 ], [ 44.80528, 41.694727 ], [ 44.805324, 41.694666 ], [ 44.805238, 41.694631 ] ] ] } },
{ "type": "Feature", "properties": { "building": "yes", "height": null, "building:levels": null }, "geometry": { "type": "Polygon", "coordinates": [ [ [ 44.805288, 41.694571 ], [ 44.805091, 41.694487 ], [ 44.805058, 41.694548 ], [ 44.805238, 41.694631 ], [ 44.805274, 41.694592 ], [ 44.805326, 41.694609 ], [ 44.805335, 41.694596 ], [ 44.805365, 41.694604 ], [ 44.80541, 41.694534 ], [ 44.805385, 41.694519 ], [ 44.805388, 41.694509 ], [ 44.805345, 41.694492 ], [ 44.805288, 41.694571 ] ] ] } },
{ "type": "Feature", "properties": { "building": "detached", "height": null, "building:levels": null }, "geometry": { "type": "Polygon", "coordinates": [ [ [ 44.805537, 41.694658 ], [ 44.805489, 41.694646 ], [ 44.805458, 41.694695 ], [ 44.80559, 41.694741 ], [ 44.805621, 41.694693 ], [ 44.805647, 41.694662 ], [ 44.805661, 41.694642 ], [ 44.805569, 41.694616 ], [ 44.805537, 41.694658 ] ] ] } },
{ "type": "Feature", "properties": { "building": "yes", "height": null, "building:levels": null }, "geometry": { "type": "Polygon", "coordinates": [ [ [ 44.805434, 41.694609 ], [ 44.805468, 41.694555 ], [ 44.80541, 41.694534 ], [ 44.805365, 41.694604 ], [ 44.805424, 41.694625 ], [ 44.805434, 41.694609 ] ] ] } },
{ "type": "Feature", "properties": { "building": "yes", "height": null, "building:levels": null }, "geometry": { "type": "Polygon", "coordinates": [ [ [ 44.805468, 41.694555 ], [ 44.805507, 41.694498 ], [ 44.805551, 41.694442 ], [ 44.805533, 41.694434 ], [ 44.805496, 41.694423 ], [ 44.805473, 41.694453 ], [ 44.805447, 41.694442 ], [ 44.805441, 41.694457 ], [ 44.805422, 41.694453 ], [ 44.805388, 41.694509 ], [ 44.805385, 41.694519 ], [ 44.80541, 41.694534 ], [ 44.805468, 41.694555 ] ] ] } },
{ "type": "Feature", "properties": { "building": "apartments", "height": null, "building:levels": null }, "geometry": { "type": "Polygon", "coordinates": [ [ [ 44.805797, 41.693719 ], [ 44.805958, 41.693766 ], [ 44.805983, 41.693726 ], [ 44.805918, 41.693715 ], [ 44.806029, 41.693534 ], [ 44.80593, 41.6935 ], [ 44.805883, 41.693577 ], [ 44.805856, 41.693619 ], [ 44.805804, 41.693706 ], [ 44.805797, 41.693719 ] ] ] } },
{ "type": "Feature", "properties": { "building": "yes", "height": null, "building:levels": "2" }, "geometry": { "type": "Polygon", "coordinates": [ [ [ 44.805626, 41.694285 ], [ 44.80554, 41.694252 ], [ 44.805467, 41.694361 ], [ 44.805435, 41.694392 ], [ 44.805496, 41.694423 ], [ 44.805533, 41.694434 ], [ 44.805583, 41.694366 ], [ 44.805626, 41.694285 ] ] ] } },
{ "type": "Feature", "properties": { "building": "apartments", "height": null, "building:levels": "2" }, "geometry": { "type": "Polygon", "coordinates": [ [ [ 44.805367, 41.694144 ], [ 44.805192, 41.694373 ], [ 44.805384, 41.694454 ], [ 44.805432, 41.694411 ], [ 44.805323, 41.694364 ], [ 44.80546, 41.694184 ], [ 44.805367, 41.694144 ] ] ] } },
{ "type": "Feature", "properties": { "building": "garage", "height": null, "building:levels": "1" }, "geometry": { "type": "Polygon", "coordinates": [ [ [ 44.80461, 41.693822 ], [ 44.804598, 41.693854 ], [ 44.804719, 41.693879 ], [ 44.804731, 41.693847 ], [ 44.80465, 41.69383 ], [ 44.80461, 41.693822 ] ] ] } },
{ "type": "Feature", "properties": { "building": "hotel", "height": null, "building:levels": "3" }, "geometry": { "type": "Polygon", "coordinates": [ [ [ 44.804548, 41.693852 ], [ 44.804493, 41.694014 ], [ 44.804739, 41.694028 ], [ 44.804798, 41.694035 ], [ 44.804847, 41.693929 ], [ 44.804548, 41.693852 ] ] ] } },
{ "type": "Feature", "properties": { "building": "apartments", "height": null, "building:levels": null }, "geometry": { "type": "Polygon", "coordinates": [ [ [ 44.805031, 41.694291 ], [ 44.805082, 41.694226 ], [ 44.804971, 41.694178 ], [ 44.80492, 41.694243 ], [ 44.805031, 41.694291 ] ] ] } },
{ "type": "Feature", "properties": { "building": "yes", "height": null, "building:levels": "2" }, "geometry": { "type": "Polygon", "coordinates": [ [ [ 44.805082, 41.694226 ], [ 44.805031, 41.694291 ], [ 44.804977, 41.694362 ], [ 44.805068, 41.694402 ], [ 44.805174, 41.694266 ], [ 44.805082, 41.694226 ] ] ] } },
{ "type": "Feature", "properties": { "building": "yes", "height": null, "building:levels": "2" }, "geometry": { "type": "Polygon", "coordinates": [ [ [ 44.805068, 41.694071 ], [ 44.805018, 41.694134 ], [ 44.80512, 41.694179 ], [ 44.805082, 41.694226 ], [ 44.805174, 41.694266 ], [ 44.805261, 41.694155 ], [ 44.805068, 41.694071 ] ] ] } },
{ "type": "Feature", "properties": { "building": "yes", "height": null, "building:levels": "1" }, "geometry": { "type": "Polygon", "coordinates": [ [ [ 44.805011, 41.693746 ], [ 44.804971, 41.693791 ], [ 44.805022, 41.693816 ], [ 44.805062, 41.693771 ], [ 44.805011, 41.693746 ] ] ] } },
{ "type": "Feature", "properties": { "building": "yes", "height": null, "building:levels": "2" }, "geometry": { "type": "Polygon", "coordinates": [ [ [ 44.8048, 41.693794 ], [ 44.804783, 41.693819 ], [ 44.804895, 41.693861 ], [ 44.804955, 41.693773 ], [ 44.804878, 41.693744 ], [ 44.8049, 41.693709 ], [ 44.804869, 41.693698 ], [ 44.804826, 41.693683 ], [ 44.804764, 41.693781 ], [ 44.8048, 41.693794 ] ] ] } },
{ "type": "Feature", "properties": { "building": "apartments", "height": null, "building:levels": "3" }, "geometry": { "type": "Polygon", "coordinates": [ [ [ 44.804956, 41.693648 ], [ 44.804934, 41.693707 ], [ 44.805011, 41.693746 ], [ 44.805062, 41.693771 ], [ 44.805113, 41.693796 ], [ 44.805225, 41.693738 ], [ 44.805189, 41.693712 ], [ 44.804956, 41.693648 ] ] ] } },
{ "type": "Feature", "properties": { "building": "apartments", "height": null, "building:levels": null }, "geometry": { "type": "Polygon", "coordinates": [ [ [ 44.805256, 41.693318 ], [ 44.805191, 41.693256 ], [ 44.80515, 41.693232 ], [ 44.805109, 41.693274 ], [ 44.805054, 41.693333 ], [ 44.805105, 41.693389 ], [ 44.805162, 41.693473 ], [ 44.805182, 41.693503 ], [ 44.80523, 41.693494 ], [ 44.805303, 41.69342 ], [ 44.805365, 41.693342 ], [ 44.805383, 41.693314 ], [ 44.805311, 41.693283 ], [ 44.805277, 41.693336 ], [ 44.805256, 41.693318 ] ] ] } },
{ "type": "Feature", "properties": { "building": "apartments", "height": null, "building:levels": null }, "geometry": { "type": "Polygon", "coordinates": [ [ [ 44.805441, 41.69348 ], [ 44.80558, 41.69329 ], [ 44.80553, 41.693267 ], [ 44.805486, 41.693322 ], [ 44.805442, 41.693378 ], [ 44.805365, 41.693342 ], [ 44.805303, 41.69342 ], [ 44.805388, 41.693456 ], [ 44.805441, 41.69348 ] ] ] } },
{ "type": "Feature", "properties": { "building": "yes", "height": null, "building:levels": null }, "geometry": { "type": "Polygon", "coordinates": [ [ [ 44.805329, 41.693549 ], [ 44.805371, 41.693573 ], [ 44.805451, 41.693615 ], [ 44.80551, 41.693537 ], [ 44.805515, 41.693529 ], [ 44.805447, 41.693502 ], [ 44.805442, 41.69351 ], [ 44.805375, 41.693483 ], [ 44.805329, 41.693549 ] ] ] } },
{ "type": "Feature", "properties": { "building": "yes", "height": null, "building:levels": null }, "geometry": { "type": "Polygon", "coordinates": [ [ [ 44.80523, 41.693494 ], [ 44.805329, 41.693549 ], [ 44.805375, 41.693483 ], [ 44.805388, 41.693456 ], [ 44.805303, 41.69342 ], [ 44.80523, 41.693494 ] ] ] } },
{ "type": "Feature", "properties": { "building": "residential", "height": null, "building:levels": "2" }, "geometry": { "type": "Polygon", "coordinates": [ [ [ 44.805247, 41.693593 ], [ 44.80529, 41.693612 ], [ 44.805276, 41.693635 ], [ 44.805321, 41.693651 ], [ 44.805371, 41.693573 ], [ 44.805329, 41.693549 ], [ 44.80523, 41.693494 ], [ 44.805182, 41.693503 ], [ 44.805228, 41.693606 ], [ 44.805247, 41.693593 ] ] ] } },
{ "type": "Feature", "properties": { "building": "apartments", "height": null, "building:levels": null }, "geometry": { "type": "Polygon", "coordinates": [ [ [ 44.805558, 41.693545 ], [ 44.805624, 41.693475 ], [ 44.805699, 41.693371 ], [ 44.80558, 41.69329 ], [ 44.805441, 41.69348 ], [ 44.805514, 41.693502 ], [ 44.805531, 41.69348 ], [ 44.80552, 41.693475 ], [ 44.805542, 41.693436 ], [ 44.80559, 41.693464 ], [ 44.805532, 41.693525 ], [ 44.805558, 41.693545 ] ] ] } },
{ "type": "Feature", "properties": { "building": "yes", "height": null, "building:levels": null }, "geometry": { "type": "Polygon", "coordinates": [ [ [ 44.805565, 41.693664 ], [ 44.805451, 41.693615 ], [ 44.805371, 41.693573 ], [ 44.805321, 41.693651 ], [ 44.805277, 41.693675 ], [ 44.805313, 41.693711 ], [ 44.805374, 41.693747 ], [ 44.805415, 41.693696 ], [ 44.805445, 41.693704 ], [ 44.805565, 41.693664 ] ] ] } },
{ "type": "Feature", "properties": { "building": "yes", "height": null, "building:levels": "2" }, "geometry": { "type": "Polygon", "coordinates": [ [ [ 44.805694, 41.693753 ], [ 44.805693, 41.693733 ], [ 44.805565, 41.693664 ], [ 44.805521, 41.693741 ], [ 44.805479, 41.693804 ], [ 44.805514, 41.693824 ], [ 44.805552, 41.693757 ], [ 44.805633, 41.693798 ], [ 44.805569, 41.693877 ], [ 44.805738, 41.693953 ], [ 44.805834, 41.693835 ], [ 44.805694, 41.693753 ] ] ] } },
{ "type": "Feature", "properties": { "building": "construction", "height": null, "building:levels": "7" }, "geometry": { "type": "Polygon", "coordinates": [ [ [ 44.806701, 41.693529 ], [ 44.806911, 41.693525 ], [ 44.80695, 41.693524 ], [ 44.806949, 41.693521 ], [ 44.806937, 41.693171 ], [ 44.806802, 41.693174 ], [ 44.806688, 41.693176 ], [ 44.806701, 41.693529 ] ] ] } },
{ "type": "Feature", "properties": { "building": "yes", "height": "6", "building:levels": null }, "geometry": { "type": "Polygon", "coordinates": [ [ [ 44.807028, 41.693625 ], [ 44.807042, 41.693763 ], [ 44.807044, 41.693781 ], [ 44.807222, 41.693768 ], [ 44.807223, 41.693776 ], [ 44.807326, 41.693769 ], [ 44.807307, 41.693625 ], [ 44.807305, 41.693616 ], [ 44.807304, 41.693603 ], [ 44.807291, 41.693598 ], [ 44.807222, 41.693604 ], [ 44.807225, 41.693624 ], [ 44.807195, 41.693627 ], [ 44.807192, 41.693609 ], [ 44.807028, 41.693625 ] ] ] } },
{ "type": "Feature", "properties": { "building": "yes", "height": null, "building:levels": null }, "geometry": { "type": "Polygon", "coordinates": [ [ [ 44.800345, 41.690862 ], [ 44.800342, 41.69088 ], [ 44.800435, 41.690885 ], [ 44.800537, 41.690888 ], [ 44.800544, 41.690794 ], [ 44.800432, 41.690791 ], [ 44.800354, 41.690788 ], [ 44.800345, 41.690862 ] ] ] } },
{ "type": "Feature", "properties": { "building": "apartments", "height": null, "building:levels": "2" }, "geometry": { "type": "Polygon", "coordinates": [ [ [ 44.802254, 41.690182 ], [ 44.802259, 41.690129 ], [ 44.80226, 41.690115 ], [ 44.802262, 41.690101 ], [ 44.802382, 41.69011 ], [ 44.80238, 41.690126 ], [ 44.802444, 41.69013 ], [ 44.802444, 41.690141 ], [ 44.802617, 41.690154 ], [ 44.802614, 41.690175 ], [ 44.802746, 41.690186 ], [ 44.802737, 41.690246 ], [ 44.802498, 41.690235 ], [ 44.802498, 41.690211 ], [ 44.802361, 41.690184 ], [ 44.802254, 41.690182 ] ] ] } },
{ "type": "Feature", "properties": { "building": "apartments", "height": null, "building:levels": "2" }, "geometry": { "type": "Polygon", "coordinates": [ [ [ 44.803574, 41.690348 ], [ 44.803573, 41.69029 ], [ 44.803542, 41.690287 ], [ 44.80343, 41.690275 ], [ 44.803435, 41.690255 ], [ 44.803453, 41.690206 ], [ 44.803597, 41.69023 ], [ 44.803616, 41.690155 ], [ 44.803617, 41.690132 ], [ 44.803698, 41.690138 ], [ 44.803685, 41.690167 ], [ 44.80389, 41.690183 ], [ 44.803842, 41.690229 ], [ 44.803805, 41.690227 ], [ 44.803794, 41.690226 ], [ 44.803774, 41.690323 ], [ 44.803871, 41.690333 ], [ 44.80384, 41.690361 ], [ 44.803659, 41.690354 ], [ 44.803574, 41.690348 ] ] ] } },
{ "type": "Feature", "properties": { "building": "detached", "height": null, "building:levels": "2" }, "geometry": { "type": "Polygon", "coordinates": [ [ [ 44.803979, 41.690078 ], [ 44.803971, 41.690106 ], [ 44.803908, 41.690103 ], [ 44.803899, 41.69015 ], [ 44.80396, 41.690154 ], [ 44.803957, 41.69017 ], [ 44.803954, 41.690186 ], [ 44.80389, 41.690183 ], [ 44.803685, 41.690167 ], [ 44.803698, 41.690138 ], [ 44.803703, 41.69005 ], [ 44.803828, 41.690063 ], [ 44.803979, 41.690078 ] ] ] } },
{ "type": "Feature", "properties": { "building": "detached", "height": null, "building:levels": "1" }, "geometry": { "type": "Polygon", "coordinates": [ [ [ 44.80566, 41.689966 ], [ 44.805744, 41.690012 ], [ 44.805777, 41.690021 ], [ 44.805805, 41.689989 ], [ 44.805786, 41.689979 ], [ 44.805734, 41.68994 ], [ 44.805715, 41.689923 ], [ 44.80566, 41.689966 ] ] ] } },
{ "type": "Feature", "properties": { "building": "apartments", "height": null, "building:levels": "2" }, "geometry": { "type": "Polygon", "coordinates": [ [ [ 44.805791, 41.690257 ], [ 44.805852, 41.690141 ], [ 44.805824, 41.690131 ], [ 44.805852, 41.690062 ], [ 44.806002, 41.690096 ], [ 44.805912, 41.690302 ], [ 44.805791, 41.690257 ] ] ] } },
{ "type": "Feature", "properties": { "building": "retail", "height": null, "building:levels": "1" }, "geometry": { "type": "Polygon", "coordinates": [ [ [ 44.805957, 41.691148 ], [ 44.806067, 41.691137 ], [ 44.806081, 41.691107 ], [ 44.805981, 41.691086 ], [ 44.805957, 41.691148 ] ] ] } },
{ "type": "Feature", "properties": { "building": "yes", "height": null, "building:levels": null }, "geometry": { "type": "Polygon", "coordinates": [ [ [ 44.805655, 41.690759 ], [ 44.805765, 41.690769 ], [ 44.805773, 41.690721 ], [ 44.805675, 41.690696 ], [ 44.805663, 41.690711 ], [ 44.805655, 41.690759 ] ] ] } },
{ "type": "Feature", "properties": { "building": "yes", "height": null, "building:levels": null }, "geometry": { "type": "Polygon", "coordinates": [ [ [ 44.805684, 41.690838 ], [ 44.805791, 41.690846 ], [ 44.805797, 41.69079 ], [ 44.805691, 41.690782 ], [ 44.805684, 41.690838 ] ] ] } },
{ "type": "Feature", "properties": { "building": "retail", "height": null, "building:levels": "1" }, "geometry": { "type": "Polygon", "coordinates": [ [ [ 44.806063, 41.690959 ], [ 44.806148, 41.690975 ], [ 44.806162, 41.690932 ], [ 44.806077, 41.690917 ], [ 44.806063, 41.690959 ] ] ] } },
{ "type": "Feature", "properties": { "building": "yes", "height": null, "building:levels": "2" }, "geometry": { "type": "Polygon", "coordinates": [ [ [ 44.806264, 41.690829 ], [ 44.806241, 41.691115 ], [ 44.806332, 41.691119 ], [ 44.806355, 41.690833 ], [ 44.806346, 41.690833 ], [ 44.806264, 41.690829 ] ] ] } },
{ "type": "Feature", "properties": { "building": "commercial", "height": null, "building:levels": "2" }, "geometry": { "type": "Polygon", "coordinates": [ [ [ 44.80439, 41.691585 ], [ 44.804525, 41.691592 ], [ 44.804533, 41.691508 ], [ 44.804398, 41.6915 ], [ 44.80439, 41.691585 ] ] ] } },
{ "type": "Feature", "properties": { "building": "apartments", "height": null, "building:levels": "2" }, "geometry": { "type": "Polygon", "coordinates": [ [ [ 44.806156, 41.691182 ], [ 44.806088, 41.691367 ], [ 44.806218, 41.691394 ], [ 44.806268, 41.691262 ], [ 44.806369, 41.691257 ], [ 44.80636, 41.691167 ], [ 44.806156, 41.691182 ] ] ] } },
{ "type": "Feature", "properties": { "building": "apartments", "height": null, "building:levels": "3" }, "geometry": { "type": "Polygon", "coordinates": [ [ [ 44.806087, 41.691611 ], [ 44.806105, 41.691566 ], [ 44.806141, 41.691479 ], [ 44.806108, 41.691472 ], [ 44.806038, 41.691456 ], [ 44.806026, 41.691484 ], [ 44.80605, 41.69149 ], [ 44.806033, 41.691529 ], [ 44.806011, 41.691524 ], [ 44.805984, 41.691587 ], [ 44.806087, 41.691611 ] ] ] } },
{ "type": "Feature", "properties": { "building": "construction", "height": null, "building:levels": "4" }, "geometry": { "type": "Polygon", "coordinates": [ [ [ 44.806272, 41.691651 ], [ 44.80633, 41.691676 ], [ 44.806313, 41.691768 ], [ 44.806403, 41.691778 ], [ 44.806414, 41.691712 ], [ 44.806455, 41.691718 ], [ 44.806466, 41.691648 ], [ 44.806427, 41.691638 ], [ 44.806416, 41.691598 ], [ 44.806452, 41.691605 ], [ 44.80648, 41.691485 ], [ 44.8065, 41.691488 ], [ 44.806516, 41.691357 ], [ 44.806316, 41.691335 ], [ 44.806304, 41.691413 ], [ 44.806273, 41.691609 ], [ 44.806272, 41.691651 ] ] ] } },
{ "type": "Feature", "properties": { "building": "yes", "height": null, "building:levels": null }, "geometry": { "type": "Polygon", "coordinates": [ [ [ 44.806149, 41.691615 ], [ 44.806108, 41.6917 ], [ 44.806222, 41.691735 ], [ 44.806313, 41.691768 ], [ 44.80633, 41.691676 ], [ 44.806272, 41.691651 ], [ 44.806149, 41.691615 ] ] ] } },
{ "type": "Feature", "properties": { "building": "detached", "height": null, "building:levels": "2" }, "geometry": { "type": "Polygon", "coordinates": [ [ [ 44.805909, 41.691391 ], [ 44.805842, 41.691389 ], [ 44.805842, 41.691397 ], [ 44.80584, 41.691459 ], [ 44.805905, 41.69146 ], [ 44.805909, 41.691391 ] ] ] } },
{ "type": "Feature", "properties": { "building": "apartments", "height": null, "building:levels": "2" }, "geometry": { "type": "Polygon", "coordinates": [ [ [ 44.805916, 41.691274 ], [ 44.805906, 41.691299 ], [ 44.805841, 41.6913 ], [ 44.805842, 41.691347 ], [ 44.805842, 41.691389 ], [ 44.805909, 41.691391 ], [ 44.805905, 41.69146 ], [ 44.805974, 41.691462 ], [ 44.806023, 41.691274 ], [ 44.805916, 41.691274 ] ] ] } },
{ "type": "Feature", "properties": { "building": "apartments", "height": null, "building:levels": "2" }, "geometry": { "type": "Polygon", "coordinates": [ [ [ 44.805775, 41.691195 ], [ 44.805775, 41.691274 ], [ 44.805916, 41.691274 ], [ 44.806023, 41.691274 ], [ 44.806061, 41.691177 ], [ 44.805983, 41.691174 ], [ 44.805954, 41.691192 ], [ 44.805775, 41.691195 ] ] ] } },
{ "type": "Feature", "properties": { "building": "apartments", "height": null, "building:levels": null }, "geometry": { "type": "Polygon", "coordinates": [ [ [ 44.805636, 41.691312 ], [ 44.805637, 41.691347 ], [ 44.805805, 41.691347 ], [ 44.805805, 41.691397 ], [ 44.805842, 41.691397 ], [ 44.805842, 41.691389 ], [ 44.805842, 41.691347 ], [ 44.805841, 41.6913 ], [ 44.805786, 41.691301 ], [ 44.805773, 41.691289 ], [ 44.8057, 41.691283 ], [ 44.805697, 41.691311 ], [ 44.805636, 41.691312 ] ] ] } },
{ "type": "Feature", "properties": { "building": "yes", "height": null, "building:levels": null }, "geometry": { "type": "Polygon", "coordinates": [ [ [ 44.805494, 41.691365 ], [ 44.805528, 41.691366 ], [ 44.805528, 41.691387 ], [ 44.805637, 41.691388 ], [ 44.805637, 41.691347 ], [ 44.805636, 41.691312 ], [ 44.805637, 41.6913 ], [ 44.805587, 41.691298 ], [ 44.805591, 41.691274 ], [ 44.805506, 41.691268 ], [ 44.805494, 41.691365 ] ] ] } },
{ "type": "Feature", "properties": { "building": "apartments", "height": null, "building:levels": "2" }, "geometry": { "type": "Polygon", "coordinates": [ [ [ 44.805405, 41.69146 ], [ 44.805776, 41.691462 ], [ 44.805774, 41.691422 ], [ 44.805764, 41.691406 ], [ 44.805742, 41.691394 ], [ 44.805706, 41.691387 ], [ 44.805637, 41.691388 ], [ 44.805528, 41.691387 ], [ 44.805528, 41.691366 ], [ 44.805494, 41.691365 ], [ 44.805415, 41.691356 ], [ 44.805405, 41.69146 ] ] ] } },
{ "type": "Feature", "properties": { "building": "yes", "height": null, "building:levels": null }, "geometry": { "type": "Polygon", "coordinates": [ [ [ 44.80454, 41.691362 ], [ 44.80452, 41.691399 ], [ 44.804491, 41.691391 ], [ 44.804455, 41.691463 ], [ 44.804542, 41.691488 ], [ 44.804594, 41.691384 ], [ 44.80454, 41.691362 ] ] ] } },
{ "type": "Feature", "properties": { "building": "commercial", "height": null, "building:levels": "2" }, "geometry": { "type": "Polygon", "coordinates": [ [ [ 44.804066, 41.691387 ], [ 44.804067, 41.691412 ], [ 44.804068, 41.691432 ], [ 44.804071, 41.691511 ], [ 44.804076, 41.691551 ], [ 44.804075, 41.691568 ], [ 44.804258, 41.691579 ], [ 44.804267, 41.691515 ], [ 44.804253, 41.691518 ], [ 44.80423, 41.691516 ], [ 44.80424, 41.691433 ], [ 44.804209, 41.691425 ], [ 44.804066, 41.691387 ] ] ] } },
{ "type": "Feature", "properties": { "building": "commercial", "height": null, "building:levels": "2" }, "geometry": { "type": "Polygon", "coordinates": [ [ [ 44.804242, 41.691229 ], [ 44.804109, 41.691277 ], [ 44.804066, 41.691387 ], [ 44.804209, 41.691425 ], [ 44.804229, 41.691386 ], [ 44.804342, 41.691428 ], [ 44.804382, 41.691392 ], [ 44.804236, 41.691339 ], [ 44.804271, 41.691279 ], [ 44.804293, 41.691269 ], [ 44.804242, 41.691229 ] ] ] } },
{ "type": "Feature", "properties": { "building": "commercial", "height": null, "building:levels": "2" }, "geometry": { "type": "Polygon", "coordinates": [ [ [ 44.804616, 41.691106 ], [ 44.804576, 41.691091 ], [ 44.804242, 41.691229 ], [ 44.804293, 41.691269 ], [ 44.804409, 41.691359 ], [ 44.804498, 41.691307 ], [ 44.804486, 41.69134 ], [ 44.80454, 41.691362 ], [ 44.804594, 41.691384 ], [ 44.804622, 41.691311 ], [ 44.804478, 41.691269 ], [ 44.804529, 41.69122 ], [ 44.804616, 41.691106 ] ] ] } },
{ "type": "Feature", "properties": { "building": "apartments", "height": null, "building:levels": null }, "geometry": { "type": "Polygon", "coordinates": [ [ [ 44.805099, 41.691218 ], [ 44.805136, 41.691224 ], [ 44.805133, 41.691234 ], [ 44.805228, 41.691248 ], [ 44.805259, 41.691192 ], [ 44.805283, 41.691142 ], [ 44.805141, 41.691108 ], [ 44.805099, 41.691218 ] ] ] } },
{ "type": "Feature", "properties": { "building": "apartments", "height": null, "building:levels": null }, "geometry": { "type": "Polygon", "coordinates": [ [ [ 44.80495, 41.691223 ], [ 44.805049, 41.691257 ], [ 44.805079, 41.691266 ], [ 44.805099, 41.691218 ], [ 44.805141, 41.691108 ], [ 44.805056, 41.691088 ], [ 44.805028, 41.691154 ], [ 44.805069, 41.691164 ], [ 44.805059, 41.691189 ], [ 44.80496, 41.691167 ], [ 44.80495, 41.691223 ] ] ] } },
{ "type": "Feature", "properties": { "building": "apartments", "height": null, "building:levels": null }, "geometry": { "type": "Polygon", "coordinates": [ [ [ 44.8057, 41.691283 ], [ 44.805773, 41.691289 ], [ 44.805775, 41.691274 ], [ 44.805775, 41.691195 ], [ 44.805516, 41.691172 ], [ 44.805495, 41.691228 ], [ 44.805486, 41.691266 ], [ 44.805506, 41.691268 ], [ 44.805591, 41.691274 ], [ 44.8057, 41.691283 ] ] ] } },
{ "type": "Feature", "properties": { "building": "apartments", "height": null, "building:levels": null }, "geometry": { "type": "Polygon", "coordinates": [ [ [ 44.805254, 41.691316 ], [ 44.805345, 41.691348 ], [ 44.805415, 41.691356 ], [ 44.805494, 41.691365 ], [ 44.805506, 41.691268 ], [ 44.805486, 41.691266 ], [ 44.805495, 41.691228 ], [ 44.805259, 41.691192 ], [ 44.805228, 41.691248 ], [ 44.80521, 41.691312 ], [ 44.805254, 41.691316 ] ] ] } },
{ "type": "Feature", "properties": { "building": "apartments", "height": null, "building:levels": "2" }, "geometry": { "type": "Polygon", "coordinates": [ [ [ 44.804994, 41.691347 ], [ 44.804984, 41.691428 ], [ 44.805247, 41.691434 ], [ 44.805254, 41.691316 ], [ 44.80521, 41.691312 ], [ 44.805209, 41.691324 ], [ 44.8051, 41.69132 ], [ 44.805122, 41.691281 ], [ 44.805079, 41.691266 ], [ 44.805049, 41.691257 ], [ 44.804994, 41.691347 ] ] ] } },
{ "type": "Feature", "properties": { "building": "apartments", "height": null, "building:levels": null }, "geometry": { "type": "Polygon", "coordinates": [ [ [ 44.804873, 41.691295 ], [ 44.804915, 41.691311 ], [ 44.80491, 41.69132 ], [ 44.804994, 41.691347 ], [ 44.805049, 41.691257 ], [ 44.80495, 41.691223 ], [ 44.804923, 41.691214 ], [ 44.804873, 41.691295 ] ] ] } },
{ "type": "Feature", "properties": { "building": "apartments", "height": null, "building:levels": null }, "geometry": { "type": "Polygon", "coordinates": [ [ [ 44.804824, 41.691276 ], [ 44.804797, 41.691315 ], [ 44.804759, 41.691371 ], [ 44.80485, 41.691406 ], [ 44.804915, 41.691311 ], [ 44.804873, 41.691295 ], [ 44.804824, 41.691276 ] ] ] } },
{ "type": "Feature", "properties": { "building": "commercial", "height": null, "building:levels": "2" }, "geometry": { "type": "Polygon", "coordinates": [ [ [ 44.804923, 41.691214 ], [ 44.80495, 41.691223 ], [ 44.80496, 41.691167 ], [ 44.804974, 41.691086 ], [ 44.804877, 41.691067 ], [ 44.804866, 41.691137 ], [ 44.80489, 41.69114 ], [ 44.804884, 41.691167 ], [ 44.804633, 41.691083 ], [ 44.804616, 41.691106 ], [ 44.804529, 41.69122 ], [ 44.804797, 41.691315 ], [ 44.804824, 41.691276 ], [ 44.804873, 41.691295 ], [ 44.804923, 41.691214 ] ] ] } },
{ "type": "Feature", "properties": { "building": "yes", "height": null, "building:levels": null }, "geometry": { "type": "Polygon", "coordinates": [ [ [ 44.804526, 41.692079 ], [ 44.804602, 41.692097 ], [ 44.804628, 41.692036 ], [ 44.804552, 41.692017 ], [ 44.804526, 41.692079 ] ] ] } },
{ "type": "Feature", "properties": { "building": "yes", "height": null, "building:levels": null }, "geometry": { "type": "Polygon", "coordinates": [ [ [ 44.804832, 41.691778 ], [ 44.804844, 41.691706 ], [ 44.804792, 41.691683 ], [ 44.804779, 41.691755 ], [ 44.804832, 41.691778 ] ] ] } },
{ "type": "Feature", "properties": { "building": "yes", "height": null, "building:levels": null }, "geometry": { "type": "Polygon", "coordinates": [ [ [ 44.804943, 41.691852 ], [ 44.805012, 41.69186 ], [ 44.805032, 41.691863 ], [ 44.805041, 41.691805 ], [ 44.804953, 41.691799 ], [ 44.804943, 41.691852 ] ] ] } },
{ "type": "Feature", "properties": { "building": "apartments", "height": null, "building:levels": "2" }, "geometry": { "type": "Polygon", "coordinates": [ [ [ 44.804979, 41.691554 ], [ 44.804897, 41.691548 ], [ 44.804846, 41.691579 ], [ 44.804824, 41.691675 ], [ 44.804849, 41.691677 ], [ 44.804844, 41.691706 ], [ 44.804832, 41.691778 ], [ 44.804814, 41.691881 ], [ 44.80489, 41.691888 ], [ 44.804894, 41.691863 ], [ 44.804942, 41.691867 ], [ 44.804943, 41.691852 ], [ 44.804953, 41.691799 ], [ 44.804962, 41.691754 ], [ 44.804948, 41.691752 ], [ 44.804956, 41.691727 ], [ 44.80491, 41.691719 ], [ 44.804979, 41.691554 ] ] ] } },
{ "type": "Feature", "properties": { "building": "apartments", "height": null, "building:levels": "2" }, "geometry": { "type": "Polygon", "coordinates": [ [ [ 44.805235, 41.692363 ], [ 44.805321, 41.692389 ], [ 44.805363, 41.692337 ], [ 44.805265, 41.69231 ], [ 44.805235, 41.692363 ] ] ] } },
{ "type": "Feature", "properties": { "building": "detached", "height": null, "building:levels": "1" }, "geometry": { "type": "Polygon", "coordinates": [ [ [ 44.805365, 41.691602 ], [ 44.805452, 41.691619 ], [ 44.805469, 41.691515 ], [ 44.805381, 41.691515 ], [ 44.805365, 41.691602 ] ] ] } },
{ "type": "Feature", "properties": { "building": "yes", "height": null, "building:levels": null }, "geometry": { "type": "Polygon", "coordinates": [ [ [ 44.805365, 41.691602 ], [ 44.805357, 41.691649 ], [ 44.805351, 41.691727 ], [ 44.805521, 41.691755 ], [ 44.80554, 41.691735 ], [ 44.80557, 41.69164 ], [ 44.805481, 41.691625 ], [ 44.805452, 41.691619 ], [ 44.805365, 41.691602 ] ] ] } },
{ "type": "Feature", "properties": { "building": "yes", "height": null, "building:levels": null }, "geometry": { "type": "Polygon", "coordinates": [ [ [ 44.805215, 41.691895 ], [ 44.805285, 41.691904 ], [ 44.805309, 41.691905 ], [ 44.805341, 41.691835 ], [ 44.805282, 41.691829 ], [ 44.805236, 41.691826 ], [ 44.805215, 41.691895 ] ] ] } },
{ "type": "Feature", "properties": { "building": "yes", "height": null, "building:levels": "3" }, "geometry": { "type": "Polygon", "coordinates": [ [ [ 44.804441, 41.69233 ], [ 44.804584, 41.692225 ], [ 44.804609, 41.692235 ], [ 44.804765, 41.692296 ], [ 44.804641, 41.692403 ], [ 44.804532, 41.692341 ], [ 44.804492, 41.692375 ], [ 44.804441, 41.69233 ] ] ] } },
{ "type": "Feature", "properties": { "building": "yes", "height": null, "building:levels": null }, "geometry": { "type": "Polygon", "coordinates": [ [ [ 44.803686, 41.692666 ], [ 44.803767, 41.692685 ], [ 44.803784, 41.692644 ], [ 44.803763, 41.69264 ], [ 44.803704, 41.692625 ], [ 44.803686, 41.692666 ] ] ] } },
{ "type": "Feature", "properties": { "building": "yes", "height": null, "building:levels": null }, "geometry": { "type": "Polygon", "coordinates": [ [ [ 44.803805, 41.692727 ], [ 44.803871, 41.692746 ], [ 44.803875, 41.69274 ], [ 44.803888, 41.692743 ], [ 44.803907, 41.692704 ], [ 44.803894, 41.6927 ], [ 44.803828, 41.692682 ], [ 44.803805, 41.692727 ] ] ] } },
{ "type": "Feature", "properties": { "building": "yes", "height": null, "building:levels": null }, "geometry": { "type": "Polygon", "coordinates": [ [ [ 44.803895, 41.692595 ], [ 44.803987, 41.692615 ], [ 44.804008, 41.692565 ], [ 44.804021, 41.692524 ], [ 44.803929, 41.692505 ], [ 44.80391, 41.692559 ], [ 44.803895, 41.692595 ] ] ] } },
{ "type": "Feature", "properties": { "building": "yes", "height": null, "building:levels": null }, "geometry": { "type": "Polygon", "coordinates": [ [ [ 44.803696, 41.692566 ], [ 44.803678, 41.692608 ], [ 44.803768, 41.692626 ], [ 44.803763, 41.69264 ], [ 44.803784, 41.692644 ], [ 44.803857, 41.692658 ], [ 44.803862, 41.692644 ], [ 44.803968, 41.692664 ], [ 44.803981, 41.69263 ], [ 44.803987, 41.692615 ], [ 44.803895, 41.692595 ], [ 44.803777, 41.692568 ], [ 44.803771, 41.692583 ], [ 44.803696, 41.692566 ] ] ] } },
{ "type": "Feature", "properties": { "building": "yes", "height": null, "building:levels": null }, "geometry": { "type": "Polygon", "coordinates": [ [ [ 44.803696, 41.692566 ], [ 44.803771, 41.692583 ], [ 44.803777, 41.692568 ], [ 44.803895, 41.692595 ], [ 44.80391, 41.692559 ], [ 44.803717, 41.692515 ], [ 44.803696, 41.692566 ] ] ] } },
{ "type": "Feature", "properties": { "building": "yes", "height": null, "building:levels": null }, "geometry": { "type": "Polygon", "coordinates": [ [ [ 44.803837, 41.692379 ], [ 44.803871, 41.692323 ], [ 44.80379, 41.692296 ], [ 44.803761, 41.692343 ], [ 44.803798, 41.692356 ], [ 44.803792, 41.692365 ], [ 44.803837, 41.692379 ] ] ] } },
{ "type": "Feature", "properties": { "building": "yes", "height": null, "building:levels": null }, "geometry": { "type": "Polygon", "coordinates": [ [ [ 44.803923, 41.692409 ], [ 44.80394, 41.692383 ], [ 44.803957, 41.692353 ], [ 44.803871, 41.692323 ], [ 44.803837, 41.692379 ], [ 44.803923, 41.692409 ] ] ] } },
{ "type": "Feature", "properties": { "building": "yes", "height": null, "building:levels": null }, "geometry": { "type": "Polygon", "coordinates": [ [ [ 44.803917, 41.692418 ], [ 44.803892, 41.692466 ], [ 44.804054, 41.692514 ], [ 44.804079, 41.692467 ], [ 44.804041, 41.692454 ], [ 44.803917, 41.692418 ] ] ] } },
{ "type": "Feature", "properties": { "building": "retail", "height": null, "building:levels": null }, "geometry": { "type": "Polygon", "coordinates": [ [ [ 44.803758, 41.692072 ], [ 44.803815, 41.692 ], [ 44.803783, 41.691985 ], [ 44.803725, 41.692058 ], [ 44.803758, 41.692072 ] ] ] } },
{ "type": "Feature", "properties": { "building": "yes", "height": null, "building:levels": null }, "geometry": { "type": "Polygon", "coordinates": [ [ [ 44.804132, 41.692105 ], [ 44.804012, 41.692064 ], [ 44.803978, 41.692095 ], [ 44.803887, 41.692051 ], [ 44.803919, 41.692008 ], [ 44.803969, 41.691946 ], [ 44.804015, 41.691959 ], [ 44.804081, 41.692052 ], [ 44.804138, 41.692071 ], [ 44.804158, 41.692064 ], [ 44.804132, 41.692105 ] ] ] } },
{ "type": "Feature", "properties": { "building": "yes", "height": null, "building:levels": null }, "geometry": { "type": "Polygon", "coordinates": [ [ [ 44.804144, 41.692035 ], [ 44.804158, 41.692064 ], [ 44.804132, 41.692105 ], [ 44.804273, 41.692152 ], [ 44.804303, 41.692076 ], [ 44.804235, 41.691992 ], [ 44.804144, 41.692035 ] ] ] } },
{ "type": "Feature", "properties": { "building": "yes", "height": null, "building:levels": null }, "geometry": { "type": "Polygon", "coordinates": [ [ [ 44.803961, 41.69268 ], [ 44.80395, 41.692677 ], [ 44.803922, 41.692735 ], [ 44.803973, 41.692749 ], [ 44.803991, 41.692713 ], [ 44.804062, 41.692731 ], [ 44.804088, 41.692668 ], [ 44.80398, 41.69264 ], [ 44.803968, 41.692664 ], [ 44.803961, 41.69268 ] ] ] } },
{ "type": "Feature", "properties": { "building": "yes", "height": null, "building:levels": null }, "geometry": { "type": "Polygon", "coordinates": [ [ [ 44.804079, 41.692584 ], [ 44.804008, 41.692565 ], [ 44.803987, 41.692615 ], [ 44.803981, 41.69263 ], [ 44.80398, 41.69264 ], [ 44.804088, 41.692668 ], [ 44.8041, 41.692645 ], [ 44.804123, 41.692595 ], [ 44.804079, 41.692584 ] ] ] } },
{ "type": "Feature", "properties": { "building": "yes", "height": null, "building:levels": null }, "geometry": { "type": "Polygon", "coordinates": [ [ [ 44.804079, 41.692584 ], [ 44.804123, 41.692595 ], [ 44.804167, 41.692606 ], [ 44.804201, 41.692534 ], [ 44.804113, 41.692511 ], [ 44.804079, 41.692584 ] ] ] } },
{ "type": "Feature", "properties": { "building": "yes", "height": null, "building:levels": null }, "geometry": { "type": "Polygon", "coordinates": [ [ [ 44.80432, 41.692444 ], [ 44.804257, 41.692434 ], [ 44.80424, 41.692492 ], [ 44.804274, 41.692497 ], [ 44.804277, 41.692485 ], [ 44.804307, 41.69249 ], [ 44.80432, 41.692444 ] ] ] } },
{ "type": "Feature", "properties": { "building": "yes", "height": null, "building:levels": null }, "geometry": { "type": "Polygon", "coordinates": [ [ [ 44.804356, 41.692508 ], [ 44.804296, 41.692508 ], [ 44.804291, 41.692549 ], [ 44.804341, 41.692553 ], [ 44.804356, 41.692508 ] ] ] } },
{ "type": "Feature", "properties": { "building": "yes", "height": null, "building:levels": null }, "geometry": { "type": "Polygon", "coordinates": [ [ [ 44.804453, 41.692561 ], [ 44.804341, 41.692553 ], [ 44.804356, 41.692508 ], [ 44.804362, 41.692499 ], [ 44.804386, 41.692458 ], [ 44.80439, 41.692452 ], [ 44.804437, 41.692383 ], [ 44.804511, 41.692427 ], [ 44.804452, 41.692511 ], [ 44.804496, 41.692519 ], [ 44.804453, 41.692561 ] ] ] } },
{ "type": "Feature", "properties": { "building": "yes", "height": null, "building:levels": null }, "geometry": { "type": "Polygon", "coordinates": [ [ [ 44.804231, 41.692588 ], [ 44.804219, 41.692616 ], [ 44.804329, 41.692642 ], [ 44.80432, 41.692663 ], [ 44.804364, 41.692674 ], [ 44.80437, 41.692675 ], [ 44.80439, 41.692626 ], [ 44.804365, 41.69262 ], [ 44.804231, 41.692588 ] ] ] } },
{ "type": "Feature", "properties": { "building": "yes", "height": null, "building:levels": null }, "geometry": { "type": "Polygon", "coordinates": [ [ [ 44.804231, 41.692588 ], [ 44.804365, 41.69262 ], [ 44.804382, 41.692579 ], [ 44.804248, 41.692548 ], [ 44.804231, 41.692588 ] ] ] } },
{ "type": "Feature", "properties": { "building": "yes", "height": null, "building:levels": null }, "geometry": { "type": "Polygon", "coordinates": [ [ [ 44.804486, 41.692622 ], [ 44.804404, 41.692604 ], [ 44.804387, 41.69265 ], [ 44.80448, 41.69267 ], [ 44.804488, 41.69265 ], [ 44.804476, 41.692647 ], [ 44.804486, 41.692622 ] ] ] } },
{ "type": "Feature", "properties": { "building": "yes", "height": null, "building:levels": null }, "geometry": { "type": "Polygon", "coordinates": [ [ [ 44.804264, 41.692814 ], [ 44.804314, 41.692715 ], [ 44.804341, 41.692724 ], [ 44.804364, 41.692674 ], [ 44.80432, 41.692663 ], [ 44.804219, 41.692631 ], [ 44.804202, 41.69267 ], [ 44.804149, 41.692791 ], [ 44.804264, 41.692814 ] ] ] } },
{ "type": "Feature", "properties": { "building": "hotel", "height": null, "building:levels": "3" }, "geometry": { "type": "Polygon", "coordinates": [ [ [ 44.806268, 41.691942 ], [ 44.806262, 41.691948 ], [ 44.806216, 41.691928 ], [ 44.806173, 41.691986 ], [ 44.806218, 41.692005 ], [ 44.806197, 41.692034 ], [ 44.806237, 41.692051 ], [ 44.806306, 41.692081 ], [ 44.806373, 41.691987 ], [ 44.806268, 41.691942 ] ] ] } },
{ "type": "Feature", "properties": { "building": "yes", "height": null, "building:levels": null }, "geometry": { "type": "Polygon", "coordinates": [ [ [ 44.806169, 41.691832 ], [ 44.806222, 41.691735 ], [ 44.806108, 41.6917 ], [ 44.806084, 41.691744 ], [ 44.806024, 41.691726 ], [ 44.805995, 41.691779 ], [ 44.806169, 41.691832 ] ] ] } },
{ "type": "Feature", "properties": { "building": "yes", "height": null, "building:levels": "5" }, "geometry": { "type": "Polygon", "coordinates": [ [ [ 44.805932, 41.692097 ], [ 44.806114, 41.692187 ], [ 44.806139, 41.692181 ], [ 44.806179, 41.692127 ], [ 44.806005, 41.692044 ], [ 44.805932, 41.692097 ] ] ] } },
{ "type": "Feature", "properties": { "building": "yes", "height": null, "building:levels": null }, "geometry": { "type": "Polygon", "coordinates": [ [ [ 44.805176, 41.692697 ], [ 44.805259, 41.692732 ], [ 44.805347, 41.692692 ], [ 44.80537, 41.69265 ], [ 44.805225, 41.692606 ], [ 44.805176, 41.692697 ] ] ] } },
{ "type": "Feature", "properties": { "building": "yes", "height": null, "building:levels": null }, "geometry": { "type": "Polygon", "coordinates": [ [ [ 44.805117, 41.692776 ], [ 44.805166, 41.692707 ], [ 44.805093, 41.692681 ], [ 44.805048, 41.692753 ], [ 44.805117, 41.692776 ] ] ] } },
{ "type": "Feature", "properties": { "building": "yes", "height": null, "building:levels": null }, "geometry": { "type": "Polygon", "coordinates": [ [ [ 44.8052, 41.692809 ], [ 44.805231, 41.692765 ], [ 44.805259, 41.692732 ], [ 44.805176, 41.692697 ], [ 44.805166, 41.692707 ], [ 44.805117, 41.692776 ], [ 44.8052, 41.692809 ] ] ] } },
{ "type": "Feature", "properties": { "building": "yes", "height": null, "building:levels": null }, "geometry": { "type": "Polygon", "coordinates": [ [ [ 44.805104, 41.692944 ], [ 44.8052, 41.692809 ], [ 44.805117, 41.692776 ], [ 44.805048, 41.692753 ], [ 44.805039, 41.692745 ], [ 44.805011, 41.692787 ], [ 44.804914, 41.692728 ], [ 44.804867, 41.692799 ], [ 44.805104, 41.692944 ] ] ] } },
{ "type": "Feature", "properties": { "building": "yes", "height": null, "building:levels": null }, "geometry": { "type": "Polygon", "coordinates": [ [ [ 44.808634, 41.690613 ], [ 44.808818, 41.690625 ], [ 44.808738, 41.690537 ], [ 44.80862, 41.690594 ], [ 44.808634, 41.690613 ] ] ] } },
{ "type": "Feature", "properties": { "building": "yes", "height": null, "building:levels": null }, "geometry": { "type": "Polygon", "coordinates": [ [ [ 44.803459, 41.691603 ], [ 44.80355, 41.691625 ], [ 44.803565, 41.691552 ], [ 44.803485, 41.691544 ], [ 44.803459, 41.691603 ] ] ] } },
{ "type": "Feature", "properties": { "building": "detached", "height": null, "building:levels": null }, "geometry": { "type": "Polygon", "coordinates": [ [ [ 44.803516, 41.691749 ], [ 44.803537, 41.691756 ], [ 44.803516, 41.691794 ], [ 44.803593, 41.691809 ], [ 44.803663, 41.691648 ], [ 44.803559, 41.691627 ], [ 44.803516, 41.691749 ] ] ] } },
{ "type": "Feature", "properties": { "building": "yes", "height": null, "building:levels": null }, "geometry": { "type": "Polygon", "coordinates": [ [ [ 44.804459, 41.690201 ], [ 44.80444, 41.690248 ], [ 44.804461, 41.69025 ], [ 44.804455, 41.690271 ], [ 44.804541, 41.690283 ], [ 44.804558, 41.69022 ], [ 44.804459, 41.690201 ] ] ] } },
{ "type": "Feature", "properties": { "building": "apartments", "height": null, "building:levels": null }, "geometry": { "type": "Polygon", "coordinates": [ [ [ 44.805059, 41.69043 ], [ 44.805094, 41.690345 ], [ 44.80504, 41.690338 ], [ 44.805045, 41.690317 ], [ 44.805026, 41.690315 ], [ 44.804997, 41.690383 ], [ 44.804963, 41.690367 ], [ 44.804954, 41.690381 ], [ 44.804961, 41.690384 ], [ 44.804953, 41.690407 ], [ 44.804983, 41.690417 ], [ 44.805059, 41.69043 ] ] ] } },
{ "type": "Feature", "properties": { "building": "apartments", "height": null, "building:levels": "2" }, "geometry": { "type": "Polygon", "coordinates": [ [ [ 44.804959, 41.690553 ], [ 44.80495, 41.690568 ], [ 44.804791, 41.690513 ], [ 44.804684, 41.690478 ], [ 44.804667, 41.690504 ], [ 44.804655, 41.690525 ], [ 44.804845, 41.690593 ], [ 44.80501, 41.690646 ], [ 44.805038, 41.690654 ], [ 44.805075, 41.690592 ], [ 44.804959, 41.690553 ] ] ] } },
{ "type": "Feature", "properties": { "building": "detached", "height": null, "building:levels": "1" }, "geometry": { "type": "Polygon", "coordinates": [ [ [ 44.804959, 41.690553 ], [ 44.805075, 41.690592 ], [ 44.805134, 41.690495 ], [ 44.805018, 41.690456 ], [ 44.804959, 41.690553 ] ] ] } },
{ "type": "Feature", "properties": { "building": "commercial", "height": null, "building:levels": "1" }, "geometry": { "type": "Polygon", "coordinates": [ [ [ 44.804685, 41.690974 ], [ 44.8046, 41.690956 ], [ 44.804586, 41.690993 ], [ 44.804536, 41.691056 ], [ 44.804553, 41.691074 ], [ 44.804676, 41.69103 ], [ 44.804671, 41.691011 ], [ 44.804685, 41.690974 ] ] ] } },
{ "type": "Feature", "properties": { "building": "detached", "height": null, "building:levels": "2" }, "geometry": { "type": "Polygon", "coordinates": [ [ [ 44.804708, 41.690914 ], [ 44.804685, 41.690974 ], [ 44.804671, 41.691011 ], [ 44.804703, 41.691013 ], [ 44.804824, 41.690939 ], [ 44.804708, 41.690914 ] ] ] } },
{ "type": "Feature", "properties": { "building": "detached", "height": null, "building:levels": "2" }, "geometry": { "type": "Polygon", "coordinates": [ [ [ 44.80471, 41.690763 ], [ 44.804691, 41.690813 ], [ 44.804656, 41.690903 ], [ 44.804708, 41.690914 ], [ 44.804824, 41.690939 ], [ 44.804916, 41.690806 ], [ 44.80471, 41.690763 ] ] ] } },
{ "type": "Feature", "properties": { "building": "yes", "height": null, "building:levels": null }, "geometry": { "type": "Polygon", "coordinates": [ [ [ 44.802692, 41.690084 ], [ 44.802629, 41.690082 ], [ 44.802625, 41.690147 ], [ 44.802688, 41.690149 ], [ 44.802692, 41.690084 ] ] ] } },
{ "type": "Feature", "properties": { "building": "yes", "height": null, "building:levels": null }, "geometry": { "type": "Polygon", "coordinates": [ [ [ 44.802711, 41.690019 ], [ 44.802703, 41.690074 ], [ 44.802797, 41.690082 ], [ 44.802802, 41.690052 ], [ 44.802812, 41.689986 ], [ 44.802724, 41.689979 ], [ 44.802711, 41.690019 ] ] ] } },
{ "type": "Feature", "properties": { "building": "yes", "height": null, "building:levels": null }, "geometry": { "type": "Polygon", "coordinates": [ [ [ 44.802631, 41.689963 ], [ 44.802624, 41.690014 ], [ 44.802711, 41.690019 ], [ 44.802724, 41.689979 ], [ 44.802716, 41.689966 ], [ 44.802631, 41.689963 ] ] ] } },
{ "type": "Feature", "properties": { "building": "yes", "height": null, "building:levels": "2" }, "geometry": { "type": "Polygon", "coordinates": [ [ [ 44.803094, 41.691598 ], [ 44.803234, 41.691596 ], [ 44.803233, 41.691548 ], [ 44.803093, 41.69155 ], [ 44.803094, 41.691598 ] ] ] } },
{ "type": "Feature", "properties": { "building": "yes", "height": null, "building:levels": null }, "geometry": { "type": "Polygon", "coordinates": [ [ [ 44.802383, 41.691648 ], [ 44.802524, 41.691649 ], [ 44.802523, 41.691547 ], [ 44.802463, 41.691545 ], [ 44.802462, 41.691475 ], [ 44.802384, 41.691479 ], [ 44.802383, 41.691648 ] ] ] } },
{ "type": "Feature", "properties": { "building": "yes", "height": null, "building:levels": null }, "geometry": { "type": "Polygon", "coordinates": [ [ [ 44.802391, 41.691712 ], [ 44.802524, 41.691713 ], [ 44.802524, 41.691649 ], [ 44.802392, 41.691648 ], [ 44.802391, 41.691712 ] ] ] } },
{ "type": "Feature", "properties": { "building": "yes", "height": null, "building:levels": null }, "geometry": { "type": "Polygon", "coordinates": [ [ [ 44.802391, 41.691904 ], [ 44.802576, 41.69191 ], [ 44.802563, 41.69185 ], [ 44.802555, 41.691832 ], [ 44.802389, 41.691824 ], [ 44.802391, 41.691904 ] ] ] } },
{ "type": "Feature", "properties": { "building": "yes", "height": null, "building:levels": null }, "geometry": { "type": "Polygon", "coordinates": [ [ [ 44.802359, 41.691992 ], [ 44.802571, 41.691998 ], [ 44.802573, 41.691954 ], [ 44.802576, 41.69191 ], [ 44.802391, 41.691904 ], [ 44.802363, 41.691903 ], [ 44.802359, 41.691992 ] ] ] } },
{ "type": "Feature", "properties": { "building": "yes", "height": null, "building:levels": null }, "geometry": { "type": "Polygon", "coordinates": [ [ [ 44.802563, 41.69185 ], [ 44.802715, 41.691836 ], [ 44.802784, 41.69183 ], [ 44.802773, 41.69176 ], [ 44.802579, 41.691777 ], [ 44.802585, 41.691816 ], [ 44.802558, 41.691818 ], [ 44.802555, 41.691832 ], [ 44.802563, 41.69185 ] ] ] } },
{ "type": "Feature", "properties": { "building": "yes", "height": null, "building:levels": null }, "geometry": { "type": "Polygon", "coordinates": [ [ [ 44.802731, 41.691939 ], [ 44.802715, 41.691836 ], [ 44.802563, 41.69185 ], [ 44.802576, 41.69191 ], [ 44.802573, 41.691954 ], [ 44.802731, 41.691939 ] ] ] } },
{ "type": "Feature", "properties": { "building": "residential", "height": null, "building:levels": null }, "geometry": { "type": "Polygon", "coordinates": [ [ [ 44.802799, 41.692026 ], [ 44.802745, 41.692034 ], [ 44.802654, 41.692046 ], [ 44.802499, 41.692068 ], [ 44.802506, 41.692153 ], [ 44.802591, 41.692138 ], [ 44.802811, 41.692093 ], [ 44.802799, 41.692026 ] ] ] } },
{ "type": "Feature", "properties": { "building": "residential", "height": null, "building:levels": null }, "geometry": { "type": "Polygon", "coordinates": [ [ [ 44.802591, 41.692138 ], [ 44.802614, 41.69221 ], [ 44.802675, 41.692199 ], [ 44.802771, 41.692181 ], [ 44.802836, 41.69217 ], [ 44.802811, 41.692093 ], [ 44.802591, 41.692138 ] ] ] } },
{ "type": "Feature", "properties": { "building": "yes", "height": null, "building:levels": null }, "geometry": { "type": "Polygon", "coordinates": [ [ [ 44.802859, 41.692199 ], [ 44.802963, 41.69219 ], [ 44.802935, 41.692008 ], [ 44.80284, 41.692068 ], [ 44.802859, 41.692199 ] ] ] } },
{ "type": "Feature", "properties": { "building": "yes", "height": null, "building:levels": null }, "geometry": { "type": "Polygon", "coordinates": [ [ [ 44.802715, 41.691836 ], [ 44.802731, 41.691939 ], [ 44.802745, 41.692034 ], [ 44.802799, 41.692026 ], [ 44.802811, 41.692093 ], [ 44.80284, 41.692068 ], [ 44.802935, 41.692008 ], [ 44.80296, 41.692006 ], [ 44.80293, 41.691817 ], [ 44.802784, 41.69183 ], [ 44.802715, 41.691836 ] ] ] } },
{ "type": "Feature", "properties": { "building": "yes", "height": null, "building:levels": null }, "geometry": { "type": "Polygon", "coordinates": [ [ [ 44.803127, 41.691879 ], [ 44.803125, 41.691825 ], [ 44.802991, 41.691828 ], [ 44.802993, 41.691881 ], [ 44.803127, 41.691879 ] ] ] } },
{ "type": "Feature", "properties": { "building": "yes", "height": null, "building:levels": null }, "geometry": { "type": "Polygon", "coordinates": [ [ [ 44.803097, 41.692034 ], [ 44.803098, 41.692097 ], [ 44.803169, 41.692096 ], [ 44.803167, 41.692033 ], [ 44.803097, 41.692034 ] ] ] } },
{ "type": "Feature", "properties": { "building": "yes", "height": null, "building:levels": null }, "geometry": { "type": "Polygon", "coordinates": [ [ [ 44.802933, 41.692711 ], [ 44.803024, 41.692715 ], [ 44.803034, 41.692586 ], [ 44.802944, 41.692582 ], [ 44.802933, 41.692711 ] ] ] } },
{ "type": "Feature", "properties": { "building": "yes", "height": null, "building:levels": null }, "geometry": { "type": "Polygon", "coordinates": [ [ [ 44.802796, 41.692531 ], [ 44.802806, 41.692533 ], [ 44.802898, 41.692551 ], [ 44.802904, 41.692534 ], [ 44.803067, 41.692565 ], [ 44.803091, 41.692495 ], [ 44.802959, 41.69247 ], [ 44.802969, 41.69244 ], [ 44.802879, 41.692423 ], [ 44.802908, 41.692339 ], [ 44.802847, 41.692327 ], [ 44.802793, 41.692486 ], [ 44.80281, 41.69249 ], [ 44.802796, 41.692531 ] ] ] } },
{ "type": "Feature", "properties": { "building": "yes", "height": null, "building:levels": "2" }, "geometry": { "type": "Polygon", "coordinates": [ [ [ 44.802703, 41.692473 ], [ 44.80272, 41.692428 ], [ 44.802632, 41.692411 ], [ 44.802609, 41.692478 ], [ 44.802604, 41.692493 ], [ 44.802632, 41.692498 ], [ 44.802613, 41.692554 ], [ 44.802625, 41.692556 ], [ 44.802673, 41.692565 ], [ 44.802703, 41.692473 ] ] ] } },
{ "type": "Feature", "properties": { "building": "yes", "height": null, "building:levels": "1" }, "geometry": { "type": "Polygon", "coordinates": [ [ [ 44.80255, 41.692467 ], [ 44.802504, 41.6926 ], [ 44.802603, 41.692619 ], [ 44.802625, 41.692556 ], [ 44.802613, 41.692554 ], [ 44.802632, 41.692498 ], [ 44.802604, 41.692493 ], [ 44.802609, 41.692478 ], [ 44.80255, 41.692467 ] ] ] } },
{ "type": "Feature", "properties": { "building": "yes", "height": null, "building:levels": "3" }, "geometry": { "type": "Polygon", "coordinates": [ [ [ 44.802467, 41.69254 ], [ 44.802481, 41.692472 ], [ 44.802487, 41.692455 ], [ 44.80251, 41.692388 ], [ 44.802541, 41.692297 ], [ 44.80245, 41.69228 ], [ 44.80239, 41.692455 ], [ 44.802277, 41.692434 ], [ 44.802289, 41.692338 ], [ 44.8023, 41.692241 ], [ 44.802107, 41.692231 ], [ 44.802106, 41.692242 ], [ 44.802096, 41.692326 ], [ 44.802096, 41.692333 ], [ 44.80209, 41.692382 ], [ 44.802077, 41.692494 ], [ 44.802096, 41.692495 ], [ 44.802265, 41.692507 ], [ 44.802467, 41.69254 ] ] ] } },
{ "type": "Feature", "properties": { "building": "church", "height": null, "building:levels": null }, "geometry": { "type": "Polygon", "coordinates": [ [ [ 44.804059, 41.690343 ], [ 44.804356, 41.690394 ], [ 44.8044, 41.690252 ], [ 44.804102, 41.6902 ], [ 44.804059, 41.690343 ] ] ] } },
{ "type": "Feature", "properties": { "building": "retail", "height": null, "building:levels": "2" }, "geometry": { "type": "Polygon", "coordinates": [ [ [ 44.809083, 41.689679 ], [ 44.809216, 41.689583 ], [ 44.80915, 41.689532 ], [ 44.8091, 41.689569 ], [ 44.809017, 41.689628 ], [ 44.809083, 41.689679 ] ] ] } },
{ "type": "Feature", "properties": { "building": "yes", "height": null, "building:levels": "2" }, "geometry": { "type": "Polygon", "coordinates": [ [ [ 44.808556, 41.689386 ], [ 44.808567, 41.689406 ], [ 44.808636, 41.689385 ], [ 44.808611, 41.689338 ], [ 44.808575, 41.689349 ], [ 44.808554, 41.689313 ], [ 44.808346, 41.689383 ], [ 44.808419, 41.689506 ], [ 44.808508, 41.689476 ], [ 44.808471, 41.689415 ], [ 44.808556, 41.689386 ] ] ] } },
{ "type": "Feature", "properties": { "building": "yes", "height": null, "building:levels": null }, "geometry": { "type": "Polygon", "coordinates": [ [ [ 44.807074, 41.689841 ], [ 44.807081, 41.689913 ], [ 44.807155, 41.689908 ], [ 44.807149, 41.689868 ], [ 44.807148, 41.689858 ], [ 44.807146, 41.68984 ], [ 44.807074, 41.689841 ] ] ] } },
{ "type": "Feature", "properties": { "building": "yes", "height": null, "building:levels": null }, "geometry": { "type": "Polygon", "coordinates": [ [ [ 44.806807, 41.690166 ], [ 44.806827, 41.69016 ], [ 44.806883, 41.690143 ], [ 44.806917, 41.690131 ], [ 44.806873, 41.690074 ], [ 44.806845, 41.690056 ], [ 44.806754, 41.690109 ], [ 44.806807, 41.690166 ] ] ] } },
{ "type": "Feature", "properties": { "building": "apartments", "height": null, "building:levels": "2" }, "geometry": { "type": "Polygon", "coordinates": [ [ [ 44.807846, 41.689552 ], [ 44.807834, 41.689556 ], [ 44.807873, 41.68962 ], [ 44.807815, 41.689639 ], [ 44.807854, 41.689716 ], [ 44.807967, 41.689725 ], [ 44.807998, 41.689727 ], [ 44.807964, 41.689661 ], [ 44.80795, 41.689653 ], [ 44.807885, 41.689539 ], [ 44.807846, 41.689552 ] ] ] } },
{ "type": "Feature", "properties": { "building": "apartments", "height": null, "building:levels": "2" }, "geometry": { "type": "Polygon", "coordinates": [ [ [ 44.807854, 41.689716 ], [ 44.807815, 41.689639 ], [ 44.807873, 41.68962 ], [ 44.807834, 41.689556 ], [ 44.807767, 41.68958 ], [ 44.807772, 41.689588 ], [ 44.807748, 41.689597 ], [ 44.807744, 41.68959 ], [ 44.807732, 41.689594 ], [ 44.807723, 41.689598 ], [ 44.807728, 41.689605 ], [ 44.807705, 41.689614 ], [ 44.807748, 41.689676 ], [ 44.80774, 41.68968 ], [ 44.807751, 41.689708 ], [ 44.807796, 41.689711 ], [ 44.807854, 41.689716 ] ] ] } },
{ "type": "Feature", "properties": { "building": "detached", "height": null, "building:levels": "2" }, "geometry": { "type": "Polygon", "coordinates": [ [ [ 44.807751, 41.689708 ], [ 44.80774, 41.68968 ], [ 44.807724, 41.689678 ], [ 44.807724, 41.689665 ], [ 44.807635, 41.689595 ], [ 44.807546, 41.689632 ], [ 44.807609, 41.689687 ], [ 44.807614, 41.689696 ], [ 44.80767, 41.689701 ], [ 44.807751, 41.689708 ] ] ] } },
{ "type": "Feature", "properties": { "building": "yes", "height": null, "building:levels": null }, "geometry": { "type": "Polygon", "coordinates": [ [ [ 44.807148, 41.689596 ], [ 44.807256, 41.689579 ], [ 44.807242, 41.689525 ], [ 44.807124, 41.689536 ], [ 44.807148, 41.689596 ] ] ] } },
{ "type": "Feature", "properties": { "building": "detached", "height": null, "building:levels": null }, "geometry": { "type": "Polygon", "coordinates": [ [ [ 44.807082, 41.689609 ], [ 44.807108, 41.689661 ], [ 44.807128, 41.689682 ], [ 44.807313, 41.689634 ], [ 44.80729, 41.689576 ], [ 44.807256, 41.689579 ], [ 44.807148, 41.689596 ], [ 44.807082, 41.689609 ] ] ] } },
{ "type": "Feature", "properties": { "building": "apartments", "height": null, "building:levels": "2" }, "geometry": { "type": "Polygon", "coordinates": [ [ [ 44.806959, 41.689622 ], [ 44.80704, 41.689778 ], [ 44.80719, 41.689782 ], [ 44.80717, 41.689764 ], [ 44.807202, 41.689752 ], [ 44.807159, 41.689696 ], [ 44.807102, 41.689715 ], [ 44.807073, 41.68967 ], [ 44.807108, 41.689661 ], [ 44.807082, 41.689609 ], [ 44.806959, 41.689622 ] ] ] } },
{ "type": "Feature", "properties": { "building": "yes", "height": null, "building:levels": null }, "geometry": { "type": "Polygon", "coordinates": [ [ [ 44.806858, 41.689646 ], [ 44.806959, 41.689622 ], [ 44.807082, 41.689609 ], [ 44.807049, 41.689554 ], [ 44.806949, 41.689573 ], [ 44.806939, 41.689555 ], [ 44.806843, 41.689575 ], [ 44.806858, 41.689646 ] ] ] } },
{ "type": "Feature", "properties": { "building": "detached", "height": null, "building:levels": "3" }, "geometry": { "type": "Polygon", "coordinates": [ [ [ 44.806309, 41.68958 ], [ 44.806343, 41.689573 ], [ 44.806559, 41.689502 ], [ 44.806534, 41.689416 ], [ 44.806445, 41.689432 ], [ 44.806286, 41.68953 ], [ 44.806309, 41.68958 ] ] ] } },
{ "type": "Feature", "properties": { "building": "yes", "height": null, "building:levels": null }, "geometry": { "type": "Polygon", "coordinates": [ [ [ 44.809089, 41.688623 ], [ 44.809165, 41.688575 ], [ 44.80914, 41.688547 ], [ 44.809188, 41.688516 ], [ 44.809177, 41.688502 ], [ 44.809211, 41.688484 ], [ 44.80926, 41.688447 ], [ 44.809232, 41.688427 ], [ 44.80915, 41.688468 ], [ 44.809143, 41.688458 ], [ 44.809068, 41.68849 ], [ 44.809075, 41.688497 ], [ 44.809002, 41.688531 ], [ 44.809013, 41.688546 ], [ 44.808945, 41.688575 ], [ 44.808881, 41.688609 ], [ 44.808861, 41.688585 ], [ 44.808815, 41.688612 ], [ 44.808872, 41.68868 ], [ 44.808926, 41.688666 ], [ 44.808997, 41.688634 ], [ 44.809028, 41.688673 ], [ 44.809104, 41.688637 ], [ 44.809089, 41.688623 ] ] ] } },
{ "type": "Feature", "properties": { "building": "yes", "height": null, "building:levels": "1" }, "geometry": { "type": "Polygon", "coordinates": [ [ [ 44.808736, 41.688522 ], [ 44.808816, 41.688489 ], [ 44.80879, 41.688445 ], [ 44.808702, 41.688478 ], [ 44.808736, 41.688522 ] ] ] } },
{ "type": "Feature", "properties": { "building": "house", "height": null, "building:levels": "1" }, "geometry": { "type": "Polygon", "coordinates": [ [ [ 44.808532, 41.688557 ], [ 44.808538, 41.688563 ], [ 44.808577, 41.6886 ], [ 44.808586, 41.688608 ], [ 44.808669, 41.68856 ], [ 44.808609, 41.688504 ], [ 44.808532, 41.688557 ] ] ] } },
{ "type": "Feature", "properties": { "building": "house", "height": null, "building:levels": "1" }, "geometry": { "type": "Polygon", "coordinates": [ [ [ 44.808511, 41.688645 ], [ 44.808577, 41.6886 ], [ 44.808538, 41.688563 ], [ 44.80849, 41.688598 ], [ 44.808511, 41.688645 ] ] ] } },
{ "type": "Feature", "properties": { "building": "detached", "height": null, "building:levels": "4" }, "geometry": { "type": "Polygon", "coordinates": [ [ [ 44.808648, 41.688868 ], [ 44.808702, 41.688958 ], [ 44.80878, 41.688933 ], [ 44.808791, 41.688949 ], [ 44.808885, 41.688918 ], [ 44.80883, 41.688841 ], [ 44.808799, 41.68884 ], [ 44.808786, 41.688824 ], [ 44.808768, 41.688802 ], [ 44.808648, 41.688868 ] ] ] } },
{ "type": "Feature", "properties": { "building": "detached", "height": null, "building:levels": "2" }, "geometry": { "type": "Polygon", "coordinates": [ [ [ 44.808564, 41.688946 ], [ 44.808594, 41.689001 ], [ 44.8087, 41.68897 ], [ 44.808659, 41.688906 ], [ 44.808564, 41.688946 ] ] ] } },
{ "type": "Feature", "properties": { "building": "apartments", "height": null, "building:levels": null }, "geometry": { "type": "Polygon", "coordinates": [ [ [ 44.808594, 41.689001 ], [ 44.808564, 41.688946 ], [ 44.80851, 41.68886 ], [ 44.808396, 41.688898 ], [ 44.808413, 41.68893 ], [ 44.808388, 41.688937 ], [ 44.808426, 41.689007 ], [ 44.808485, 41.688989 ], [ 44.808506, 41.689027 ], [ 44.808594, 41.689001 ] ] ] } },
{ "type": "Feature", "properties": { "building": "apartments", "height": null, "building:levels": null }, "geometry": { "type": "Polygon", "coordinates": [ [ [ 44.808234, 41.688847 ], [ 44.808335, 41.688823 ], [ 44.808352, 41.688851 ], [ 44.808373, 41.688843 ], [ 44.808385, 41.688858 ], [ 44.808457, 41.688834 ], [ 44.808473, 41.688856 ], [ 44.808486, 41.688846 ], [ 44.808473, 41.688826 ], [ 44.808479, 41.688823 ], [ 44.808458, 41.688794 ], [ 44.808435, 41.688748 ], [ 44.80843, 41.688737 ], [ 44.808415, 41.688741 ], [ 44.80836, 41.688755 ], [ 44.808349, 41.68874 ], [ 44.808213, 41.688777 ], [ 44.808234, 41.688847 ] ] ] } },
{ "type": "Feature", "properties": { "building": "yes", "height": null, "building:levels": null }, "geometry": { "type": "Polygon", "coordinates": [ [ [ 44.808546, 41.688724 ], [ 44.808602, 41.688769 ], [ 44.808656, 41.688733 ], [ 44.8086, 41.688687 ], [ 44.808546, 41.688724 ] ] ] } },
{ "type": "Feature", "properties": { "building": "detached", "height": null, "building:levels": null }, "geometry": { "type": "Polygon", "coordinates": [ [ [ 44.808435, 41.688748 ], [ 44.808458, 41.688794 ], [ 44.808479, 41.688823 ], [ 44.808538, 41.688887 ], [ 44.808558, 41.688877 ], [ 44.808526, 41.688846 ], [ 44.808588, 41.688807 ], [ 44.808574, 41.688799 ], [ 44.808614, 41.688779 ], [ 44.808602, 41.688769 ], [ 44.808546, 41.688724 ], [ 44.808531, 41.688711 ], [ 44.808435, 41.688748 ] ] ] } },
{ "type": "Feature", "properties": { "building": "yes", "height": null, "building:levels": null }, "geometry": { "type": "Polygon", "coordinates": [ [ [ 44.808371, 41.688663 ], [ 44.808361, 41.688666 ], [ 44.808301, 41.688681 ], [ 44.808328, 41.688744 ], [ 44.80835, 41.688738 ], [ 44.808362, 41.688752 ], [ 44.808418, 41.688734 ], [ 44.808407, 41.688717 ], [ 44.808466, 41.688694 ], [ 44.808444, 41.688657 ], [ 44.808385, 41.688682 ], [ 44.808371, 41.688663 ] ] ] } },
{ "type": "Feature", "properties": { "building": "yes", "height": null, "building:levels": null }, "geometry": { "type": "Polygon", "coordinates": [ [ [ 44.808219, 41.688763 ], [ 44.808328, 41.688744 ], [ 44.808301, 41.688681 ], [ 44.808361, 41.688666 ], [ 44.808371, 41.688663 ], [ 44.808365, 41.688638 ], [ 44.808298, 41.688652 ], [ 44.808284, 41.688618 ], [ 44.808183, 41.688636 ], [ 44.808219, 41.688763 ] ] ] } },
{ "type": "Feature", "properties": { "building": "yes", "height": null, "building:levels": null }, "geometry": { "type": "Polygon", "coordinates": [ [ [ 44.808046, 41.688744 ], [ 44.808151, 41.688731 ], [ 44.808135, 41.688663 ], [ 44.808095, 41.688668 ], [ 44.808086, 41.688631 ], [ 44.808022, 41.688639 ], [ 44.808046, 41.688744 ] ] ] } },
{ "type": "Feature", "properties": { "building": "yes", "height": null, "building:levels": null }, "geometry": { "type": "Polygon", "coordinates": [ [ [ 44.808132, 41.688785 ], [ 44.808173, 41.68878 ], [ 44.808168, 41.688756 ], [ 44.808163, 41.68873 ], [ 44.808151, 41.688731 ], [ 44.808046, 41.688744 ], [ 44.808052, 41.688795 ], [ 44.808132, 41.688785 ] ] ] } },
{ "type": "Feature", "properties": { "building": "apartments", "height": null, "building:levels": null }, "geometry": { "type": "Polygon", "coordinates": [ [ [ 44.808097, 41.689047 ], [ 44.808258, 41.688992 ], [ 44.808266, 41.689005 ], [ 44.808184, 41.689033 ], [ 44.808213, 41.68908 ], [ 44.808388, 41.68902 ], [ 44.808373, 41.688995 ], [ 44.808382, 41.688992 ], [ 44.808359, 41.688955 ], [ 44.808317, 41.688969 ], [ 44.808309, 41.688956 ], [ 44.808231, 41.688983 ], [ 44.808212, 41.688953 ], [ 44.808169, 41.688969 ], [ 44.808129, 41.688906 ], [ 44.80809, 41.68892 ], [ 44.808107, 41.688947 ], [ 44.808048, 41.688967 ], [ 44.808097, 41.689047 ] ] ] } },
{ "type": "Feature", "properties": { "building": "detached", "height": null, "building:levels": null }, "geometry": { "type": "Polygon", "coordinates": [ [ [ 44.807961, 41.688889 ], [ 44.807902, 41.688897 ], [ 44.807855, 41.688906 ], [ 44.807876, 41.688944 ], [ 44.807923, 41.688935 ], [ 44.807942, 41.688976 ], [ 44.807992, 41.688963 ], [ 44.807961, 41.688889 ] ] ] } },
{ "type": "Feature", "properties": { "building": "apartments", "height": null, "building:levels": null }, "geometry": { "type": "Polygon", "coordinates": [ [ [ 44.808146, 41.688876 ], [ 44.808172, 41.688924 ], [ 44.808202, 41.688917 ], [ 44.80821, 41.688933 ], [ 44.80825, 41.688925 ], [ 44.808259, 41.688948 ], [ 44.808353, 41.688919 ], [ 44.808319, 41.688853 ], [ 44.808228, 41.688875 ], [ 44.80822, 41.688857 ], [ 44.808205, 41.688859 ], [ 44.808146, 41.688876 ] ] ] } },
{ "type": "Feature", "properties": { "building": "apartments", "height": null, "building:levels": null }, "geometry": { "type": "Polygon", "coordinates": [ [ [ 44.808051, 41.688822 ], [ 44.808053, 41.688827 ], [ 44.808076, 41.688871 ], [ 44.808104, 41.688887 ], [ 44.808146, 41.688876 ], [ 44.808205, 41.688859 ], [ 44.808205, 41.688834 ], [ 44.808133, 41.688791 ], [ 44.808051, 41.688822 ] ] ] } },
{ "type": "Feature", "properties": { "building": "apartments", "height": null, "building:levels": null }, "geometry": { "type": "Polygon", "coordinates": [ [ [ 44.807786, 41.68877 ], [ 44.807814, 41.688854 ], [ 44.807897, 41.688839 ], [ 44.807902, 41.688897 ], [ 44.807961, 41.688889 ], [ 44.808017, 41.68888 ], [ 44.808076, 41.688871 ], [ 44.808053, 41.688827 ], [ 44.808016, 41.688826 ], [ 44.80802, 41.688803 ], [ 44.807985, 41.688792 ], [ 44.807887, 41.68881 ], [ 44.807876, 41.688775 ], [ 44.807855, 41.688779 ], [ 44.807848, 41.688759 ], [ 44.807786, 41.68877 ] ] ] } },
{ "type": "Feature", "properties": { "building": "yes", "height": null, "building:levels": null }, "geometry": { "type": "Polygon", "coordinates": [ [ [ 44.807887, 41.68881 ], [ 44.807985, 41.688792 ], [ 44.807973, 41.688757 ], [ 44.807878, 41.688758 ], [ 44.807876, 41.688775 ], [ 44.807887, 41.68881 ] ] ] } },
{ "type": "Feature", "properties": { "building": "apartments", "height": null, "building:levels": null }, "geometry": { "type": "Polygon", "coordinates": [ [ [ 44.807708, 41.688883 ], [ 44.807814, 41.688854 ], [ 44.807786, 41.68877 ], [ 44.807774, 41.688735 ], [ 44.807651, 41.688771 ], [ 44.807708, 41.688883 ] ] ] } },
{ "type": "Feature", "properties": { "building": "yes", "height": null, "building:levels": null }, "geometry": { "type": "Polygon", "coordinates": [ [ [ 44.807883, 41.688659 ], [ 44.807882, 41.688707 ], [ 44.807882, 41.688723 ], [ 44.807985, 41.688719 ], [ 44.80798, 41.688655 ], [ 44.807915, 41.688656 ], [ 44.807883, 41.688659 ] ] ] } },
{ "type": "Feature", "properties": { "building": "apartments", "height": null, "building:levels": null }, "geometry": { "type": "Polygon", "coordinates": [ [ [ 44.807599, 41.688717 ], [ 44.807767, 41.688692 ], [ 44.807768, 41.688702 ], [ 44.807882, 41.688707 ], [ 44.807883, 41.688659 ], [ 44.807915, 41.688656 ], [ 44.807897, 41.688598 ], [ 44.807767, 41.688596 ], [ 44.807663, 41.688608 ], [ 44.807666, 41.68864 ], [ 44.80756, 41.688661 ], [ 44.807599, 41.688717 ] ] ] } },
{ "type": "Feature", "properties": { "building": "detached", "height": null, "building:levels": null }, "geometry": { "type": "Polygon", "coordinates": [ [ [ 44.807712, 41.688513 ], [ 44.807897, 41.688546 ], [ 44.807918, 41.688476 ], [ 44.807734, 41.688438 ], [ 44.807712, 41.688513 ] ] ] } },
{ "type": "Feature", "properties": { "building": "detached", "height": null, "building:levels": null }, "geometry": { "type": "Polygon", "coordinates": [ [ [ 44.807313, 41.68846 ], [ 44.807274, 41.688584 ], [ 44.807369, 41.688601 ], [ 44.80739, 41.688534 ], [ 44.807407, 41.688537 ], [ 44.807425, 41.68848 ], [ 44.807313, 41.68846 ] ] ] } },
{ "type": "Feature", "properties": { "building": "detached", "height": null, "building:levels": null }, "geometry": { "type": "Polygon", "coordinates": [ [ [ 44.807512, 41.688933 ], [ 44.80761, 41.68891 ], [ 44.807562, 41.688786 ], [ 44.807462, 41.688808 ], [ 44.807512, 41.688933 ] ] ] } },
{ "type": "Feature", "properties": { "building": "yes", "height": null, "building:levels": null }, "geometry": { "type": "Polygon", "coordinates": [ [ [ 44.807195, 41.688899 ], [ 44.807202, 41.688954 ], [ 44.807294, 41.688953 ], [ 44.807296, 41.6889 ], [ 44.807305, 41.688884 ], [ 44.807367, 41.688886 ], [ 44.807369, 41.68883 ], [ 44.807197, 41.688828 ], [ 44.807195, 41.688899 ] ] ] } },
{ "type": "Feature", "properties": { "building": "detached", "height": null, "building:levels": null }, "geometry": { "type": "Polygon", "coordinates": [ [ [ 44.807389, 41.688803 ], [ 44.807468, 41.688765 ], [ 44.807415, 41.688705 ], [ 44.807399, 41.688713 ], [ 44.807364, 41.688674 ], [ 44.807302, 41.688705 ], [ 44.807344, 41.688749 ], [ 44.807389, 41.688803 ] ] ] } },
{ "type": "Feature", "properties": { "building": "apartments", "height": null, "building:levels": null }, "geometry": { "type": "Polygon", "coordinates": [ [ [ 44.807192, 41.688814 ], [ 44.807336, 41.68882 ], [ 44.807344, 41.688749 ], [ 44.807202, 41.688731 ], [ 44.807192, 41.688814 ] ] ] } },
{ "type": "Feature", "properties": { "building": "detached", "height": null, "building:levels": null }, "geometry": { "type": "Polygon", "coordinates": [ [ [ 44.806877, 41.688679 ], [ 44.807013, 41.688688 ], [ 44.807027, 41.688619 ], [ 44.806878, 41.688608 ], [ 44.806877, 41.688679 ] ] ] } },
{ "type": "Feature", "properties": { "building": "retail", "height": null, "building:levels": null }, "geometry": { "type": "Polygon", "coordinates": [ [ [ 44.807031, 41.688843 ], [ 44.807166, 41.688846 ], [ 44.807167, 41.688807 ], [ 44.807032, 41.688805 ], [ 44.807031, 41.688843 ] ] ] } },
{ "type": "Feature", "properties": { "building": "yes", "height": null, "building:levels": null }, "geometry": { "type": "Polygon", "coordinates": [ [ [ 44.806654, 41.688909 ], [ 44.806718, 41.68891 ], [ 44.806719, 41.688853 ], [ 44.806655, 41.688852 ], [ 44.806654, 41.688909 ] ] ] } },
{ "type": "Feature", "properties": { "building": "yes", "height": null, "building:levels": null }, "geometry": { "type": "Polygon", "coordinates": [ [ [ 44.806818, 41.688778 ], [ 44.806836, 41.688786 ], [ 44.806893, 41.688775 ], [ 44.806876, 41.688725 ], [ 44.806855, 41.68873 ], [ 44.806859, 41.688739 ], [ 44.806814, 41.68876 ], [ 44.806818, 41.688778 ] ] ] } },
{ "type": "Feature", "properties": { "building": "detached", "height": null, "building:levels": null }, "geometry": { "type": "Polygon", "coordinates": [ [ [ 44.806742, 41.688792 ], [ 44.806739, 41.688825 ], [ 44.806723, 41.688832 ], [ 44.806728, 41.688865 ], [ 44.806848, 41.688855 ], [ 44.806852, 41.68887 ], [ 44.806883, 41.688871 ], [ 44.806871, 41.6888 ], [ 44.806841, 41.688803 ], [ 44.806836, 41.688786 ], [ 44.806818, 41.688778 ], [ 44.806742, 41.688792 ] ] ] } },
{ "type": "Feature", "properties": { "building": "detached", "height": null, "building:levels": null }, "geometry": { "type": "Polygon", "coordinates": [ [ [ 44.806557, 41.688885 ], [ 44.806589, 41.688883 ], [ 44.806588, 41.688861 ], [ 44.806619, 41.688858 ], [ 44.806628, 41.68883 ], [ 44.806739, 41.688825 ], [ 44.806742, 41.688792 ], [ 44.806745, 41.688766 ], [ 44.806643, 41.688772 ], [ 44.806549, 41.688792 ], [ 44.806548, 41.688843 ], [ 44.806556, 41.68886 ], [ 44.806557, 41.688885 ] ] ] } },
{ "type": "Feature", "properties": { "building": "detached", "height": null, "building:levels": null }, "geometry": { "type": "Polygon", "coordinates": [ [ [ 44.806756, 41.688992 ], [ 44.806847, 41.688977 ], [ 44.806816, 41.688862 ], [ 44.806728, 41.688878 ], [ 44.806756, 41.688992 ] ] ] } },
{ "type": "Feature", "properties": { "building": "detached", "height": null, "building:levels": null }, "geometry": { "type": "Polygon", "coordinates": [ [ [ 44.806564, 41.688976 ], [ 44.806615, 41.688971 ], [ 44.806623, 41.688986 ], [ 44.806678, 41.688986 ], [ 44.806678, 41.688975 ], [ 44.806718, 41.688968 ], [ 44.806728, 41.68891 ], [ 44.806718, 41.68891 ], [ 44.806654, 41.688909 ], [ 44.806509, 41.688908 ], [ 44.806501, 41.688939 ], [ 44.806554, 41.688936 ], [ 44.806564, 41.688976 ] ] ] } },
{ "type": "Feature", "properties": { "building": "detached", "height": null, "building:levels": null }, "geometry": { "type": "Polygon", "coordinates": [ [ [ 44.806655, 41.689033 ], [ 44.806676, 41.689092 ], [ 44.806782, 41.689062 ], [ 44.806754, 41.689004 ], [ 44.806723, 41.689009 ], [ 44.806711, 41.688978 ], [ 44.806678, 41.688986 ], [ 44.806623, 41.688986 ], [ 44.806615, 41.688971 ], [ 44.806564, 41.688976 ], [ 44.806505, 41.688967 ], [ 44.806499, 41.689079 ], [ 44.806626, 41.689054 ], [ 44.806624, 41.689038 ], [ 44.806655, 41.689033 ] ] ] } },
{ "type": "Feature", "properties": { "building": "yes", "height": null, "building:levels": null }, "geometry": { "type": "Polygon", "coordinates": [ [ [ 44.80637, 41.688667 ], [ 44.80654, 41.68865 ], [ 44.806531, 41.688603 ], [ 44.806362, 41.68862 ], [ 44.80637, 41.688667 ] ] ] } },
{ "type": "Feature", "properties": { "building": "apartments", "height": null, "building:levels": null }, "geometry": { "type": "Polygon", "coordinates": [ [ [ 44.806286, 41.68873 ], [ 44.806112, 41.688724 ], [ 44.806107, 41.688809 ], [ 44.806281, 41.688815 ], [ 44.806448, 41.688829 ], [ 44.806451, 41.688735 ], [ 44.806286, 41.68873 ] ] ] } },
{ "type": "Feature", "properties": { "building": "yes", "height": null, "building:levels": null }, "geometry": { "type": "Polygon", "coordinates": [ [ [ 44.806065, 41.688636 ], [ 44.806059, 41.68869 ], [ 44.80614, 41.688696 ], [ 44.806147, 41.688642 ], [ 44.80611, 41.688639 ], [ 44.806065, 41.688636 ] ] ] } },
{ "type": "Feature", "properties": { "building": "yes", "height": null, "building:levels": null }, "geometry": { "type": "Polygon", "coordinates": [ [ [ 44.805994, 41.688631 ], [ 44.806065, 41.688636 ], [ 44.80611, 41.688639 ], [ 44.806119, 41.688564 ], [ 44.806003, 41.688556 ], [ 44.805994, 41.688631 ] ] ] } },
{ "type": "Feature", "properties": { "building": "residential", "height": null, "building:levels": "2" }, "geometry": { "type": "Polygon", "coordinates": [ [ [ 44.803441, 41.689724 ], [ 44.803474, 41.689554 ], [ 44.803359, 41.689543 ], [ 44.803379, 41.689454 ], [ 44.803287, 41.689448 ], [ 44.803248, 41.689704 ], [ 44.803267, 41.689706 ], [ 44.803289, 41.689708 ], [ 44.803291, 41.689693 ], [ 44.803398, 41.689702 ], [ 44.803396, 41.689719 ], [ 44.803416, 41.689721 ], [ 44.803441, 41.689724 ] ] ] } },
{ "type": "Feature", "properties": { "building": "house", "height": null, "building:levels": "2" }, "geometry": { "type": "Polygon", "coordinates": [ [ [ 44.80269, 41.689703 ], [ 44.802709, 41.689456 ], [ 44.802716, 41.689367 ], [ 44.802656, 41.689365 ], [ 44.802655, 41.689349 ], [ 44.802713, 41.68935 ], [ 44.802716, 41.689325 ], [ 44.802611, 41.689324 ], [ 44.80261, 41.689271 ], [ 44.802539, 41.68927 ], [ 44.802539, 41.689285 ], [ 44.802476, 41.689284 ], [ 44.802473, 41.689392 ], [ 44.802611, 41.689393 ], [ 44.802611, 41.689455 ], [ 44.802609, 41.689534 ], [ 44.802535, 41.689524 ], [ 44.802534, 41.689531 ], [ 44.802498, 41.689527 ], [ 44.802467, 41.689523 ], [ 44.802455, 41.689669 ], [ 44.802483, 41.689673 ], [ 44.802664, 41.689699 ], [ 44.80269, 41.689703 ] ] ] } },
{ "type": "Feature", "properties": { "building": "yes", "height": null, "building:levels": null }, "geometry": { "type": "Polygon", "coordinates": [ [ [ 44.805648, 41.688783 ], [ 44.805829, 41.688783 ], [ 44.805836, 41.688713 ], [ 44.805834, 41.688668 ], [ 44.805822, 41.688656 ], [ 44.80573, 41.688702 ], [ 44.805648, 41.688702 ], [ 44.805648, 41.688783 ] ] ] } },
{ "type": "Feature", "properties": { "building": "yes", "height": null, "building:levels": null }, "geometry": { "type": "Polygon", "coordinates": [ [ [ 44.805537, 41.688895 ], [ 44.805638, 41.688897 ], [ 44.805638, 41.688904 ], [ 44.805637, 41.688916 ], [ 44.805652, 41.688916 ], [ 44.805657, 41.688809 ], [ 44.805541, 41.688806 ], [ 44.805537, 41.688895 ] ] ] } },
{ "type": "Feature", "properties": { "building": "detached", "height": null, "building:levels": null }, "geometry": { "type": "Polygon", "coordinates": [ [ [ 44.805323, 41.688755 ], [ 44.805543, 41.688769 ], [ 44.805556, 41.688659 ], [ 44.805336, 41.688643 ], [ 44.805323, 41.688755 ] ] ] } },
{ "type": "Feature", "properties": { "building": "apartments", "height": null, "building:levels": "2" }, "geometry": { "type": "Polygon", "coordinates": [ [ [ 44.805132, 41.688926 ], [ 44.805368, 41.688913 ], [ 44.805361, 41.688839 ], [ 44.805124, 41.688851 ], [ 44.805132, 41.688926 ] ] ] } },
{ "type": "Feature", "properties": { "building": "yes", "height": null, "building:levels": null }, "geometry": { "type": "Polygon", "coordinates": [ [ [ 44.805256, 41.688736 ], [ 44.805266, 41.688822 ], [ 44.80533, 41.688817 ], [ 44.805323, 41.688755 ], [ 44.80532, 41.688732 ], [ 44.805256, 41.688736 ] ] ] } },
{ "type": "Feature", "properties": { "building": "yes", "height": null, "building:levels": null }, "geometry": { "type": "Polygon", "coordinates": [ [ [ 44.805138, 41.688831 ], [ 44.805266, 41.688822 ], [ 44.805256, 41.688736 ], [ 44.805127, 41.688745 ], [ 44.805138, 41.688831 ] ] ] } },
{ "type": "Feature", "properties": { "building": "yes", "height": null, "building:levels": "2" }, "geometry": { "type": "Polygon", "coordinates": [ [ [ 44.805194, 41.689115 ], [ 44.805074, 41.689121 ], [ 44.805084, 41.689225 ], [ 44.805205, 41.689218 ], [ 44.805194, 41.689115 ] ] ] } },
{ "type": "Feature", "properties": { "building": "apartments", "height": null, "building:levels": "2" }, "geometry": { "type": "Polygon", "coordinates": [ [ [ 44.805244, 41.689659 ], [ 44.805232, 41.689708 ], [ 44.805258, 41.689711 ], [ 44.80525, 41.689764 ], [ 44.805333, 41.689787 ], [ 44.805348, 41.689723 ], [ 44.805336, 41.689722 ], [ 44.805347, 41.689673 ], [ 44.805244, 41.689659 ] ] ] } },
{ "type": "Feature", "properties": { "building": "house", "height": null, "building:levels": null }, "geometry": { "type": "Polygon", "coordinates": [ [ [ 44.80523, 41.689842 ], [ 44.805336, 41.689878 ], [ 44.805355, 41.689841 ], [ 44.80525, 41.689805 ], [ 44.80523, 41.689842 ] ] ] } },
{ "type": "Feature", "properties": { "building": "yes", "height": null, "building:levels": null }, "geometry": { "type": "Polygon", "coordinates": [ [ [ 44.804922, 41.689547 ], [ 44.804923, 41.689479 ], [ 44.804924, 41.689418 ], [ 44.804853, 41.689427 ], [ 44.804853, 41.689435 ], [ 44.80478, 41.689445 ], [ 44.804778, 41.689464 ], [ 44.804871, 41.689451 ], [ 44.804869, 41.689545 ], [ 44.804922, 41.689547 ] ] ] } },
{ "type": "Feature", "properties": { "building": "yes", "height": null, "building:levels": null }, "geometry": { "type": "Polygon", "coordinates": [ [ [ 44.804923, 41.689479 ], [ 44.804922, 41.689547 ], [ 44.804921, 41.689568 ], [ 44.804977, 41.689572 ], [ 44.804975, 41.689621 ], [ 44.805007, 41.689619 ], [ 44.805009, 41.689673 ], [ 44.805064, 41.689678 ], [ 44.80506, 41.689618 ], [ 44.805027, 41.689589 ], [ 44.805023, 41.689569 ], [ 44.805025, 41.68948 ], [ 44.804923, 41.689479 ] ] ] } },
{ "type": "Feature", "properties": { "building": "yes", "height": null, "building:levels": null }, "geometry": { "type": "Polygon", "coordinates": [ [ [ 44.80468, 41.68963 ], [ 44.804682, 41.689706 ], [ 44.804749, 41.689708 ], [ 44.804745, 41.689656 ], [ 44.804791, 41.689656 ], [ 44.804794, 41.689631 ], [ 44.80468, 41.68963 ] ] ] } },
{ "type": "Feature", "properties": { "building": "yes", "height": null, "building:levels": null }, "geometry": { "type": "Polygon", "coordinates": [ [ [ 44.804645, 41.689709 ], [ 44.804682, 41.689706 ], [ 44.80468, 41.68963 ], [ 44.804678, 41.689588 ], [ 44.804613, 41.689594 ], [ 44.804615, 41.689615 ], [ 44.804589, 41.689616 ], [ 44.804588, 41.689656 ], [ 44.804566, 41.689659 ], [ 44.804561, 41.68971 ], [ 44.804645, 41.689709 ] ] ] } },
{ "type": "Feature", "properties": { "building": "apartments", "height": null, "building:levels": null }, "geometry": { "type": "Polygon", "coordinates": [ [ [ 44.804265, 41.689073 ], [ 44.804371, 41.689059 ], [ 44.804354, 41.688983 ], [ 44.804248, 41.688997 ], [ 44.804265, 41.689073 ] ] ] } },
{ "type": "Feature", "properties": { "building": "apartments", "height": null, "building:levels": null }, "geometry": { "type": "Polygon", "coordinates": [ [ [ 44.804199, 41.689113 ], [ 44.804273, 41.689103 ], [ 44.804265, 41.689073 ], [ 44.804248, 41.688997 ], [ 44.804234, 41.688939 ], [ 44.804161, 41.688948 ], [ 44.804199, 41.689113 ] ] ] } },
{ "type": "Feature", "properties": { "building": "detached", "height": null, "building:levels": null }, "geometry": { "type": "Polygon", "coordinates": [ [ [ 44.803971, 41.689038 ], [ 44.80404, 41.689038 ], [ 44.804057, 41.689012 ], [ 44.804055, 41.688968 ], [ 44.803972, 41.688965 ], [ 44.803971, 41.689038 ] ] ] } },
{ "type": "Feature", "properties": { "building": "apartments", "height": null, "building:levels": null }, "geometry": { "type": "Polygon", "coordinates": [ [ [ 44.804058, 41.689117 ], [ 44.804089, 41.689128 ], [ 44.804156, 41.68912 ], [ 44.804162, 41.689111 ], [ 44.804118, 41.68897 ], [ 44.804055, 41.688968 ], [ 44.804057, 41.689012 ], [ 44.80404, 41.689038 ], [ 44.804058, 41.689117 ] ] ] } },
{ "type": "Feature", "properties": { "building": "yes", "height": null, "building:levels": null }, "geometry": { "type": "Polygon", "coordinates": [ [ [ 44.801764, 41.689093 ], [ 44.801835, 41.689093 ], [ 44.801835, 41.689051 ], [ 44.801763, 41.689052 ], [ 44.801764, 41.689093 ] ] ] } },
{ "type": "Feature", "properties": { "building": "apartments", "height": null, "building:levels": "3" }, "geometry": { "type": "Polygon", "coordinates": [ [ [ 44.800687, 41.691732 ], [ 44.800697, 41.691652 ], [ 44.800924, 41.691679 ], [ 44.800926, 41.691632 ], [ 44.80093, 41.69153 ], [ 44.801145, 41.691546 ], [ 44.801152, 41.691546 ], [ 44.801144, 41.69166 ], [ 44.801138, 41.691739 ], [ 44.801137, 41.691763 ], [ 44.801136, 41.691774 ], [ 44.800687, 41.691732 ] ] ] } },
{ "type": "Feature", "properties": { "building": "yes", "height": null, "building:levels": "3" }, "geometry": { "type": "Polygon", "coordinates": [ [ [ 44.801197, 41.690673 ], [ 44.801199, 41.690655 ], [ 44.801204, 41.690575 ], [ 44.801205, 41.690559 ], [ 44.80099, 41.69055 ], [ 44.800989, 41.690568 ], [ 44.800988, 41.690604 ], [ 44.800901, 41.6906 ], [ 44.800898, 41.690592 ], [ 44.800857, 41.690591 ], [ 44.800843, 41.69059 ], [ 44.800843, 41.690584 ], [ 44.800806, 41.690583 ], [ 44.800801, 41.690654 ], [ 44.800855, 41.690655 ], [ 44.800855, 41.690661 ], [ 44.801197, 41.690673 ] ] ] } },
{ "type": "Feature", "properties": { "building": "roof", "height": null, "building:levels": null }, "geometry": { "type": "Polygon", "coordinates": [ [ [ 44.801304, 41.691095 ], [ 44.801366, 41.691098 ], [ 44.801377, 41.690966 ], [ 44.801316, 41.690963 ], [ 44.801304, 41.691095 ] ] ] } },
{ "type": "Feature", "properties": { "building": "yes", "height": null, "building:levels": null }, "geometry": { "type": "Polygon", "coordinates": [ [ [ 44.812295, 41.687239 ], [ 44.812354, 41.687317 ], [ 44.812406, 41.687317 ], [ 44.812429, 41.687306 ], [ 44.812417, 41.68729 ], [ 44.812563, 41.687228 ], [ 44.812504, 41.687151 ], [ 44.812295, 41.687239 ] ] ] } },
{ "type": "Feature", "properties": { "building": "yes", "height": null, "building:levels": null }, "geometry": { "type": "Polygon", "coordinates": [ [ [ 44.812225, 41.687315 ], [ 44.812315, 41.687298 ], [ 44.812295, 41.687239 ], [ 44.812204, 41.687257 ], [ 44.812225, 41.687315 ] ] ] } },
{ "type": "Feature", "properties": { "building": "yes", "height": null, "building:levels": null }, "geometry": { "type": "Polygon", "coordinates": [ [ [ 44.81221, 41.68737 ], [ 44.812405, 41.687371 ], [ 44.812406, 41.687317 ], [ 44.812354, 41.687317 ], [ 44.812253, 41.687317 ], [ 44.812253, 41.687325 ], [ 44.81221, 41.687325 ], [ 44.81221, 41.68737 ] ] ] } },
{ "type": "Feature", "properties": { "building": "apartments", "height": null, "building:levels": null }, "geometry": { "type": "Polygon", "coordinates": [ [ [ 44.812232, 41.687401 ], [ 44.812277, 41.687456 ], [ 44.812322, 41.687512 ], [ 44.812387, 41.687592 ], [ 44.812673, 41.687463 ], [ 44.812601, 41.687375 ], [ 44.812596, 41.687368 ], [ 44.812542, 41.687393 ], [ 44.812512, 41.687357 ], [ 44.812428, 41.687378 ], [ 44.812452, 41.687433 ], [ 44.812437, 41.68744 ], [ 44.812466, 41.687477 ], [ 44.812407, 41.687504 ], [ 44.812319, 41.687394 ], [ 44.812425, 41.687395 ], [ 44.812405, 41.687371 ], [ 44.81221, 41.68737 ], [ 44.812201, 41.687396 ], [ 44.812232, 41.687401 ] ] ] } },
{ "type": "Feature", "properties": { "building": "yes", "height": null, "building:levels": null }, "geometry": { "type": "Polygon", "coordinates": [ [ [ 44.812125, 41.687545 ], [ 44.812182, 41.687519 ], [ 44.812169, 41.687505 ], [ 44.812277, 41.687456 ], [ 44.812232, 41.687401 ], [ 44.812201, 41.687396 ], [ 44.812051, 41.687379 ], [ 44.811999, 41.687402 ], [ 44.812125, 41.687545 ] ] ] } },
{ "type": "Feature", "properties": { "building": "yes", "height": null, "building:levels": null }, "geometry": { "type": "Polygon", "coordinates": [ [ [ 44.812123, 41.687173 ], [ 44.812133, 41.687192 ], [ 44.8122, 41.687204 ], [ 44.81224, 41.687189 ], [ 44.81221, 41.687142 ], [ 44.812123, 41.687173 ] ] ] } },
{ "type": "Feature", "properties": { "building": "yes", "height": null, "building:levels": null }, "geometry": { "type": "Polygon", "coordinates": [ [ [ 44.812099, 41.687119 ], [ 44.81216, 41.687111 ], [ 44.81215, 41.687069 ], [ 44.812089, 41.687077 ], [ 44.812099, 41.687119 ] ] ] } },
{ "type": "Feature", "properties": { "building": "yes", "height": null, "building:levels": null }, "geometry": { "type": "Polygon", "coordinates": [ [ [ 44.812029, 41.687034 ], [ 44.812111, 41.68702 ], [ 44.812072, 41.686928 ], [ 44.812021, 41.686938 ], [ 44.812036, 41.686958 ], [ 44.812009, 41.686974 ], [ 44.812029, 41.687034 ] ] ] } },
{ "type": "Feature", "properties": { "building": "yes", "height": null, "building:levels": null }, "geometry": { "type": "Polygon", "coordinates": [ [ [ 44.811937, 41.687176 ], [ 44.811872, 41.687275 ], [ 44.811931, 41.687291 ], [ 44.81196, 41.68725 ], [ 44.812041, 41.687267 ], [ 44.812024, 41.687312 ], [ 44.812102, 41.687328 ], [ 44.812118, 41.687283 ], [ 44.812096, 41.687279 ], [ 44.81212, 41.687214 ], [ 44.812068, 41.687203 ], [ 44.811937, 41.687176 ] ] ] } },
{ "type": "Feature", "properties": { "building": "construction", "height": null, "building:levels": null }, "geometry": { "type": "Polygon", "coordinates": [ [ [ 44.811948, 41.687105 ], [ 44.811914, 41.687098 ], [ 44.811867, 41.687068 ], [ 44.811844, 41.687089 ], [ 44.811831, 41.687073 ], [ 44.811755, 41.687113 ], [ 44.811816, 41.687176 ], [ 44.81184, 41.687147 ], [ 44.811926, 41.687165 ], [ 44.811948, 41.687105 ] ] ] } },
{ "type": "Feature", "properties": { "building": "construction", "height": null, "building:levels": null }, "geometry": { "type": "Polygon", "coordinates": [ [ [ 44.811624, 41.686816 ], [ 44.811705, 41.686956 ], [ 44.811642, 41.686977 ], [ 44.811654, 41.686997 ], [ 44.811665, 41.686993 ], [ 44.811729, 41.687094 ], [ 44.811823, 41.687055 ], [ 44.811734, 41.686956 ], [ 44.811775, 41.686935 ], [ 44.811694, 41.686794 ], [ 44.811624, 41.686816 ] ] ] } },
{ "type": "Feature", "properties": { "building": "yes", "height": null, "building:levels": null }, "geometry": { "type": "Polygon", "coordinates": [ [ [ 44.811755, 41.68675 ], [ 44.811697, 41.686777 ], [ 44.811753, 41.686844 ], [ 44.811811, 41.686817 ], [ 44.811755, 41.68675 ] ] ] } },
{ "type": "Feature", "properties": { "building": "yes", "height": null, "building:levels": null }, "geometry": { "type": "Polygon", "coordinates": [ [ [ 44.811434, 41.686604 ], [ 44.811491, 41.686669 ], [ 44.811594, 41.686619 ], [ 44.811632, 41.686664 ], [ 44.811515, 41.686688 ], [ 44.811595, 41.686825 ], [ 44.811624, 41.686816 ], [ 44.811694, 41.686794 ], [ 44.811676, 41.68661 ], [ 44.811608, 41.686519 ], [ 44.811434, 41.686604 ] ] ] } },
{ "type": "Feature", "properties": { "building": "yes", "height": null, "building:levels": null }, "geometry": { "type": "Polygon", "coordinates": [ [ [ 44.811734, 41.686956 ], [ 44.811823, 41.687055 ], [ 44.811828, 41.687061 ], [ 44.811942, 41.687005 ], [ 44.812009, 41.686974 ], [ 44.812036, 41.686958 ], [ 44.812021, 41.686938 ], [ 44.811998, 41.686915 ], [ 44.811903, 41.686962 ], [ 44.811847, 41.686899 ], [ 44.811775, 41.686935 ], [ 44.811734, 41.686956 ] ] ] } },
{ "type": "Feature", "properties": { "building": "detached", "height": null, "building:levels": null }, "geometry": { "type": "Polygon", "coordinates": [ [ [ 44.812241, 41.686911 ], [ 44.812359, 41.686871 ], [ 44.812326, 41.686815 ], [ 44.812208, 41.686855 ], [ 44.812241, 41.686911 ] ] ] } },
{ "type": "Feature", "properties": { "building": "yes", "height": null, "building:levels": null }, "geometry": { "type": "Polygon", "coordinates": [ [ [ 44.812054, 41.686904 ], [ 44.812072, 41.686928 ], [ 44.812102, 41.686971 ], [ 44.812152, 41.686951 ], [ 44.812186, 41.686998 ], [ 44.812242, 41.686976 ], [ 44.812219, 41.686943 ], [ 44.812161, 41.686862 ], [ 44.812054, 41.686904 ] ] ] } },
{ "type": "Feature", "properties": { "building": "yes", "height": null, "building:levels": null }, "geometry": { "type": "Polygon", "coordinates": [ [ [ 44.811987, 41.68681 ], [ 44.812054, 41.686904 ], [ 44.812161, 41.686862 ], [ 44.812223, 41.686837 ], [ 44.812156, 41.686742 ], [ 44.811987, 41.68681 ] ] ] } },
{ "type": "Feature", "properties": { "building": "detached", "height": null, "building:levels": null }, "geometry": { "type": "Polygon", "coordinates": [ [ [ 44.812213, 41.68672 ], [ 44.812247, 41.686776 ], [ 44.812339, 41.686745 ], [ 44.812304, 41.686689 ], [ 44.812213, 41.68672 ] ] ] } },
{ "type": "Feature", "properties": { "building": "detached", "height": null, "building:levels": null }, "geometry": { "type": "Polygon", "coordinates": [ [ [ 44.812193, 41.686727 ], [ 44.812213, 41.68672 ], [ 44.812304, 41.686689 ], [ 44.812262, 41.68662 ], [ 44.812151, 41.686658 ], [ 44.812193, 41.686727 ] ] ] } },
{ "type": "Feature", "properties": { "building": "yes", "height": null, "building:levels": null }, "geometry": { "type": "Polygon", "coordinates": [ [ [ 44.812032, 41.686743 ], [ 44.812126, 41.686727 ], [ 44.812102, 41.686649 ], [ 44.812008, 41.686665 ], [ 44.812032, 41.686743 ] ] ] } },
{ "type": "Feature", "properties": { "building": "detached", "height": null, "building:levels": null }, "geometry": { "type": "Polygon", "coordinates": [ [ [ 44.811909, 41.686515 ], [ 44.811974, 41.686595 ], [ 44.812037, 41.686567 ], [ 44.812012, 41.686536 ], [ 44.812066, 41.686512 ], [ 44.812026, 41.686462 ], [ 44.811909, 41.686515 ] ] ] } },
{ "type": "Feature", "properties": { "building": "detached", "height": null, "building:levels": null }, "geometry": { "type": "Polygon", "coordinates": [ [ [ 44.811964, 41.686354 ], [ 44.811883, 41.686371 ], [ 44.811913, 41.68645 ], [ 44.811994, 41.686433 ], [ 44.811964, 41.686354 ] ] ] } },
{ "type": "Feature", "properties": { "building": "yes", "height": null, "building:levels": null }, "geometry": { "type": "Polygon", "coordinates": [ [ [ 44.811753, 41.686446 ], [ 44.811792, 41.686494 ], [ 44.81192, 41.686461 ], [ 44.811869, 41.686396 ], [ 44.811753, 41.686446 ] ] ] } },
{ "type": "Feature", "properties": { "building": "yes", "height": null, "building:levels": null }, "geometry": { "type": "Polygon", "coordinates": [ [ [ 44.811657, 41.68644 ], [ 44.811592, 41.686467 ], [ 44.811632, 41.68652 ], [ 44.811663, 41.686507 ], [ 44.811689, 41.686542 ], [ 44.811777, 41.686534 ], [ 44.811786, 41.686591 ], [ 44.811751, 41.686595 ], [ 44.811769, 41.686683 ], [ 44.811934, 41.686664 ], [ 44.811916, 41.686576 ], [ 44.811836, 41.686585 ], [ 44.811828, 41.686541 ], [ 44.811834, 41.686533 ], [ 44.811827, 41.68653 ], [ 44.811677, 41.686468 ], [ 44.811657, 41.68644 ] ] ] } },
{ "type": "Feature", "properties": { "building": "yes", "height": null, "building:levels": null }, "geometry": { "type": "Polygon", "coordinates": [ [ [ 44.811657, 41.686426 ], [ 44.811777, 41.686391 ], [ 44.811738, 41.686325 ], [ 44.8116, 41.686371 ], [ 44.811657, 41.686426 ] ] ] } },
{ "type": "Feature", "properties": { "building": "apartments", "height": null, "building:levels": null }, "geometry": { "type": "Polygon", "coordinates": [ [ [ 44.812511, 41.687663 ], [ 44.812436, 41.687698 ], [ 44.812471, 41.687744 ], [ 44.812536, 41.687719 ], [ 44.812511, 41.687663 ] ] ] } },
{ "type": "Feature", "properties": { "building": "construction", "height": null, "building:levels": null }, "geometry": { "type": "Polygon", "coordinates": [ [ [ 44.807774, 41.686665 ], [ 44.808238, 41.68681 ], [ 44.808249, 41.686786 ], [ 44.808325, 41.686791 ], [ 44.808332, 41.686814 ], [ 44.808545, 41.686839 ], [ 44.808661, 41.686654 ], [ 44.808628, 41.686604 ], [ 44.808379, 41.686657 ], [ 44.80817, 41.686658 ], [ 44.807841, 41.686569 ], [ 44.807774, 41.686665 ] ] ] } },
{ "type": "Feature", "properties": { "building": "greenhouse", "height": null, "building:levels": "1" }, "geometry": { "type": "Polygon", "coordinates": [ [ [ 44.809136, 41.6864 ], [ 44.809089, 41.686404 ], [ 44.809102, 41.686482 ], [ 44.809148, 41.686478 ], [ 44.809136, 41.6864 ] ] ] } },
{ "type": "Feature", "properties": { "building": "construction", "height": null, "building:levels": null }, "geometry": { "type": "Polygon", "coordinates": [ [ [ 44.810197, 41.686042 ], [ 44.810262, 41.685898 ], [ 44.810218, 41.685887 ], [ 44.810356, 41.685584 ], [ 44.810635, 41.685654 ], [ 44.810627, 41.685673 ], [ 44.81075, 41.685704 ], [ 44.810691, 41.685833 ], [ 44.810595, 41.685809 ], [ 44.810529, 41.685953 ], [ 44.810454, 41.685934 ], [ 44.810443, 41.685958 ], [ 44.810421, 41.685953 ], [ 44.810387, 41.686027 ], [ 44.810366, 41.686022 ], [ 44.810341, 41.686078 ], [ 44.810197, 41.686042 ] ] ] } },
{ "type": "Feature", "properties": { "building": "yes", "height": null, "building:levels": null }, "geometry": { "type": "Polygon", "coordinates": [ [ [ 44.810577, 41.68746 ], [ 44.810557, 41.687517 ], [ 44.810625, 41.687516 ], [ 44.810654, 41.687509 ], [ 44.810665, 41.687457 ], [ 44.810652, 41.687452 ], [ 44.810653, 41.687434 ], [ 44.810603, 41.687436 ], [ 44.810577, 41.68746 ] ] ] } },
{ "type": "Feature", "properties": { "building": "yes", "height": null, "building:levels": null }, "geometry": { "type": "Polygon", "coordinates": [ [ [ 44.811523, 41.686916 ], [ 44.811422, 41.686966 ], [ 44.811521, 41.687113 ], [ 44.811464, 41.687133 ], [ 44.811497, 41.687207 ], [ 44.811675, 41.687149 ], [ 44.811523, 41.686916 ] ] ] } },
{ "type": "Feature", "properties": { "building": "yes", "height": null, "building:levels": null }, "geometry": { "type": "Polygon", "coordinates": [ [ [ 44.811042, 41.687123 ], [ 44.811078, 41.68716 ], [ 44.811121, 41.687168 ], [ 44.811167, 41.687145 ], [ 44.811171, 41.687116 ], [ 44.811142, 41.687114 ], [ 44.811146, 41.687089 ], [ 44.811046, 41.687084 ], [ 44.811042, 41.687123 ] ] ] } },
{ "type": "Feature", "properties": { "building": "yes", "height": null, "building:levels": null }, "geometry": { "type": "Polygon", "coordinates": [ [ [ 44.810828, 41.686991 ], [ 44.810932, 41.687064 ], [ 44.810977, 41.687029 ], [ 44.810873, 41.686956 ], [ 44.810828, 41.686991 ] ] ] } },
{ "type": "Feature", "properties": { "building": "yes", "height": null, "building:levels": null }, "geometry": { "type": "Polygon", "coordinates": [ [ [ 44.810742, 41.686944 ], [ 44.810808, 41.68688 ], [ 44.810723, 41.686831 ], [ 44.810657, 41.686895 ], [ 44.810742, 41.686944 ] ] ] } },
{ "type": "Feature", "properties": { "building": "yes", "height": null, "building:levels": null }, "geometry": { "type": "Polygon", "coordinates": [ [ [ 44.811829, 41.68852 ], [ 44.811856, 41.688527 ], [ 44.811876, 41.688541 ], [ 44.811888, 41.68856 ], [ 44.81189, 41.688581 ], [ 44.81188, 41.688601 ], [ 44.811861, 41.688617 ], [ 44.811835, 41.688626 ], [ 44.811807, 41.688627 ], [ 44.81178, 41.68862 ], [ 44.811759, 41.688605 ], [ 44.811747, 41.688586 ], [ 44.811746, 41.688565 ], [ 44.811756, 41.688545 ], [ 44.811775, 41.688529 ], [ 44.811801, 41.688521 ], [ 44.811829, 41.68852 ] ] ] } },
{ "type": "Feature", "properties": { "building": "yes", "height": null, "building:levels": null }, "geometry": { "type": "Polygon", "coordinates": [ [ [ 44.811816, 41.68842 ], [ 44.81181, 41.688438 ], [ 44.811809, 41.688476 ], [ 44.811803, 41.688508 ], [ 44.811955, 41.68852 ], [ 44.811968, 41.688432 ], [ 44.811816, 41.68842 ] ] ] } },
{ "type": "Feature", "properties": { "building": "yes", "height": null, "building:levels": "1" }, "geometry": { "type": "Polygon", "coordinates": [ [ [ 44.811255, 41.688568 ], [ 44.811246, 41.688519 ], [ 44.811184, 41.688526 ], [ 44.81119, 41.688556 ], [ 44.811193, 41.688572 ], [ 44.811181, 41.688574 ], [ 44.811197, 41.688648 ], [ 44.811275, 41.68864 ], [ 44.811255, 41.688568 ] ] ] } },
{ "type": "Feature", "properties": { "building": "yes", "height": null, "building:levels": null }, "geometry": { "type": "Polygon", "coordinates": [ [ [ 44.811323, 41.68856 ], [ 44.811255, 41.688568 ], [ 44.811275, 41.68864 ], [ 44.811279, 41.688656 ], [ 44.811337, 41.688648 ], [ 44.811419, 41.688639 ], [ 44.811413, 41.688609 ], [ 44.811404, 41.688568 ], [ 44.811363, 41.688571 ], [ 44.811361, 41.688557 ], [ 44.811323, 41.68856 ] ] ] } },
{ "type": "Feature", "properties": { "building": "yes", "height": null, "building:levels": null }, "geometry": { "type": "Polygon", "coordinates": [ [ [ 44.811547, 41.688594 ], [ 44.811487, 41.688599 ], [ 44.81151, 41.688754 ], [ 44.811534, 41.688753 ], [ 44.811536, 41.688766 ], [ 44.811652, 41.688752 ], [ 44.811642, 41.688681 ], [ 44.811662, 41.688679 ], [ 44.811656, 41.688639 ], [ 44.811724, 41.688636 ], [ 44.811716, 41.688581 ], [ 44.811547, 41.688594 ] ] ] } },
{ "type": "Feature", "properties": { "building": "retail", "height": null, "building:levels": "1" }, "geometry": { "type": "Polygon", "coordinates": [ [ [ 44.810278, 41.688719 ], [ 44.810304, 41.688785 ], [ 44.810393, 41.688766 ], [ 44.810382, 41.688695 ], [ 44.810334, 41.688704 ], [ 44.810278, 41.688719 ] ] ] } },
{ "type": "Feature", "properties": { "building": "apartments", "height": null, "building:levels": "2" }, "geometry": { "type": "Polygon", "coordinates": [ [ [ 44.809959, 41.688807 ], [ 44.809864, 41.688873 ], [ 44.809945, 41.688971 ], [ 44.810058, 41.68891 ], [ 44.810048, 41.688893 ], [ 44.809959, 41.688807 ] ] ] } },
{ "type": "Feature", "properties": { "building": "yes", "height": null, "building:levels": null }, "geometry": { "type": "Polygon", "coordinates": [ [ [ 44.809146, 41.687549 ], [ 44.809215, 41.687475 ], [ 44.809153, 41.687444 ], [ 44.809085, 41.687517 ], [ 44.809146, 41.687549 ] ] ] } },
{ "type": "Feature", "properties": { "building": "yes", "height": null, "building:levels": null }, "geometry": { "type": "Polygon", "coordinates": [ [ [ 44.808964, 41.687625 ], [ 44.809021, 41.687687 ], [ 44.809108, 41.687642 ], [ 44.809051, 41.68758 ], [ 44.808964, 41.687625 ] ] ] } },
{ "type": "Feature", "properties": { "building": "yes", "height": null, "building:levels": "2" }, "geometry": { "type": "Polygon", "coordinates": [ [ [ 44.810047, 41.689017 ], [ 44.810021, 41.689025 ], [ 44.80998, 41.689038 ], [ 44.810044, 41.689226 ], [ 44.81012, 41.689193 ], [ 44.810138, 41.689186 ], [ 44.810047, 41.689017 ] ] ] } },
{ "type": "Feature", "properties": { "building": "yes", "height": null, "building:levels": null }, "geometry": { "type": "Polygon", "coordinates": [ [ [ 44.81146, 41.687759 ], [ 44.811508, 41.68781 ], [ 44.811542, 41.687792 ], [ 44.811531, 41.687781 ], [ 44.811577, 41.687756 ], [ 44.81154, 41.687717 ], [ 44.811494, 41.687742 ], [ 44.81146, 41.687759 ] ] ] } },
{ "type": "Feature", "properties": { "building": "yes", "height": null, "building:levels": null }, "geometry": { "type": "Polygon", "coordinates": [ [ [ 44.811415, 41.687727 ], [ 44.81145, 41.687765 ], [ 44.81146, 41.687759 ], [ 44.811494, 41.687742 ], [ 44.811459, 41.687704 ], [ 44.811415, 41.687727 ] ] ] } },
{ "type": "Feature", "properties": { "building": "yes", "height": null, "building:levels": null }, "geometry": { "type": "Polygon", "coordinates": [ [ [ 44.81121, 41.687368 ], [ 44.811186, 41.68734 ], [ 44.811162, 41.687354 ], [ 44.81118, 41.687377 ], [ 44.811133, 41.687396 ], [ 44.811136, 41.687438 ], [ 44.811272, 41.687617 ], [ 44.811384, 41.687567 ], [ 44.81121, 41.687368 ] ] ] } },
{ "type": "Feature", "properties": { "building": "detached", "height": null, "building:levels": null }, "geometry": { "type": "Polygon", "coordinates": [ [ [ 44.810539, 41.688345 ], [ 44.810403, 41.688353 ], [ 44.810392, 41.688235 ], [ 44.810453, 41.688232 ], [ 44.810527, 41.688229 ], [ 44.810539, 41.688345 ] ] ] } },
{ "type": "Feature", "properties": { "building": "detached", "height": null, "building:levels": null }, "geometry": { "type": "Polygon", "coordinates": [ [ [ 44.810494, 41.687918 ], [ 44.810472, 41.687917 ], [ 44.810352, 41.687913 ], [ 44.810351, 41.687886 ], [ 44.810404, 41.68788 ], [ 44.810413, 41.687852 ], [ 44.810505, 41.687868 ], [ 44.810502, 41.687882 ], [ 44.810494, 41.687918 ] ] ] } },
{ "type": "Feature", "properties": { "building": "semidetached_house", "height": null, "building:levels": "2" }, "geometry": { "type": "Polygon", "coordinates": [ [ [ 44.810503, 41.687984 ], [ 44.810494, 41.687918 ], [ 44.810562, 41.687931 ], [ 44.81062, 41.687941 ], [ 44.810612, 41.687989 ], [ 44.810503, 41.687984 ] ] ] } },
{ "type": "Feature", "properties": { "building": "yes", "height": null, "building:levels": null }, "geometry": { "type": "Polygon", "coordinates": [ [ [ 44.810449, 41.687563 ], [ 44.810474, 41.687564 ], [ 44.810487, 41.687514 ], [ 44.81047, 41.687511 ], [ 44.810451, 41.68753 ], [ 44.810449, 41.687563 ] ] ] } },
{ "type": "Feature", "properties": { "building": "yes", "height": null, "building:levels": null }, "geometry": { "type": "Polygon", "coordinates": [ [ [ 44.810284, 41.687578 ], [ 44.810388, 41.687559 ], [ 44.810393, 41.687517 ], [ 44.810403, 41.687518 ], [ 44.810408, 41.687469 ], [ 44.810301, 41.687465 ], [ 44.810293, 41.687534 ], [ 44.810284, 41.687578 ] ] ] } },
{ "type": "Feature", "properties": { "building": "yes", "height": null, "building:levels": null }, "geometry": { "type": "Polygon", "coordinates": [ [ [ 44.810306, 41.687642 ], [ 44.81033, 41.687753 ], [ 44.810339, 41.687753 ], [ 44.810363, 41.687751 ], [ 44.810428, 41.687742 ], [ 44.810506, 41.687733 ], [ 44.810503, 41.687678 ], [ 44.810415, 41.687689 ], [ 44.810407, 41.687639 ], [ 44.810494, 41.687631 ], [ 44.81049, 41.687617 ], [ 44.8104, 41.687622 ], [ 44.810306, 41.687642 ] ] ] } },
{ "type": "Feature", "properties": { "building": "hotel", "height": null, "building:levels": null }, "geometry": { "type": "Polygon", "coordinates": [ [ [ 44.810565, 41.687287 ], [ 44.810673, 41.687292 ], [ 44.810679, 41.687224 ], [ 44.810651, 41.687223 ], [ 44.810648, 41.687186 ], [ 44.810611, 41.687168 ], [ 44.810583, 41.687166 ], [ 44.810568, 41.687177 ], [ 44.810565, 41.687217 ], [ 44.810565, 41.687287 ] ] ] } },
{ "type": "Feature", "properties": { "building": "yes", "height": null, "building:levels": null }, "geometry": { "type": "Polygon", "coordinates": [ [ [ 44.810438, 41.687478 ], [ 44.810498, 41.68747 ], [ 44.810483, 41.687402 ], [ 44.810442, 41.687407 ], [ 44.810445, 41.687419 ], [ 44.810426, 41.68742 ], [ 44.810438, 41.687478 ] ] ] } },
{ "type": "Feature", "properties": { "building": "yes", "height": null, "building:levels": null }, "geometry": { "type": "Polygon", "coordinates": [ [ [ 44.810316, 41.687397 ], [ 44.810439, 41.687397 ], [ 44.810445, 41.687346 ], [ 44.810437, 41.687343 ], [ 44.810445, 41.687299 ], [ 44.810434, 41.687228 ], [ 44.810375, 41.687232 ], [ 44.810357, 41.687257 ], [ 44.810351, 41.687277 ], [ 44.810345, 41.687278 ], [ 44.810342, 41.687307 ], [ 44.810314, 41.68732 ], [ 44.810316, 41.687397 ] ] ] } },
{ "type": "Feature", "properties": { "building": "yes", "height": null, "building:levels": null }, "geometry": { "type": "Polygon", "coordinates": [ [ [ 44.810302, 41.687281 ], [ 44.81033, 41.687282 ], [ 44.810375, 41.687192 ], [ 44.810356, 41.687185 ], [ 44.810312, 41.687135 ], [ 44.810302, 41.687281 ] ] ] } },
{ "type": "Feature", "properties": { "building": "yes", "height": null, "building:levels": null }, "geometry": { "type": "Polygon", "coordinates": [ [ [ 44.810434, 41.687228 ], [ 44.810445, 41.687299 ], [ 44.810437, 41.687343 ], [ 44.810445, 41.687346 ], [ 44.810459, 41.68735 ], [ 44.810459, 41.687373 ], [ 44.810521, 41.687378 ], [ 44.810534, 41.687325 ], [ 44.81055, 41.687226 ], [ 44.810434, 41.687228 ] ] ] } },
{ "type": "Feature", "properties": { "building": "detached", "height": null, "building:levels": null }, "geometry": { "type": "Polygon", "coordinates": [ [ [ 44.810019, 41.686931 ], [ 44.81007, 41.686951 ], [ 44.81008, 41.68693 ], [ 44.81009, 41.686914 ], [ 44.810046, 41.6869 ], [ 44.810038, 41.686897 ], [ 44.810019, 41.686931 ] ] ] } },
{ "type": "Feature", "properties": { "building": "detached", "height": null, "building:levels": "2" }, "geometry": { "type": "Polygon", "coordinates": [ [ [ 44.810115, 41.686876 ], [ 44.81009, 41.686914 ], [ 44.81008, 41.68693 ], [ 44.81007, 41.686951 ], [ 44.810056, 41.68698 ], [ 44.810195, 41.687022 ], [ 44.810215, 41.686986 ], [ 44.810198, 41.686982 ], [ 44.810209, 41.68697 ], [ 44.810245, 41.686981 ], [ 44.810271, 41.686924 ], [ 44.810115, 41.686876 ] ] ] } },
{ "type": "Feature", "properties": { "building": "detached", "height": null, "building:levels": "2" }, "geometry": { "type": "Polygon", "coordinates": [ [ [ 44.80986, 41.686887 ], [ 44.809918, 41.686905 ], [ 44.809925, 41.686895 ], [ 44.80998, 41.686913 ], [ 44.81, 41.686883 ], [ 44.809994, 41.68688 ], [ 44.809981, 41.686875 ], [ 44.809988, 41.686865 ], [ 44.809929, 41.686845 ], [ 44.809925, 41.686856 ], [ 44.809901, 41.68685 ], [ 44.80986, 41.686887 ] ] ] } },
{ "type": "Feature", "properties": { "building": "detached", "height": null, "building:levels": "3" }, "geometry": { "type": "Polygon", "coordinates": [ [ [ 44.810197, 41.687449 ], [ 44.810267, 41.687445 ], [ 44.810254, 41.687338 ], [ 44.810247, 41.687339 ], [ 44.810177, 41.687345 ], [ 44.810197, 41.687449 ] ] ] } },
{ "type": "Feature", "properties": { "building": "retail", "height": null, "building:levels": "1" }, "geometry": { "type": "Polygon", "coordinates": [ [ [ 44.809752, 41.687237 ], [ 44.809809, 41.687219 ], [ 44.809775, 41.68717 ], [ 44.809737, 41.687162 ], [ 44.80973, 41.687186 ], [ 44.809752, 41.687237 ] ] ] } },
{ "type": "Feature", "properties": { "building": "yes", "height": null, "building:levels": null }, "geometry": { "type": "Polygon", "coordinates": [ [ [ 44.80985, 41.687305 ], [ 44.809898, 41.68729 ], [ 44.809914, 41.687285 ], [ 44.809882, 41.687247 ], [ 44.809827, 41.687263 ], [ 44.80985, 41.687305 ] ] ] } },
{ "type": "Feature", "properties": { "building": "yes", "height": null, "building:levels": null }, "geometry": { "type": "Polygon", "coordinates": [ [ [ 44.809929, 41.687425 ], [ 44.809842, 41.687447 ], [ 44.809882, 41.687551 ], [ 44.809969, 41.687524 ], [ 44.809966, 41.687515 ], [ 44.809929, 41.687425 ] ] ] } },
{ "type": "Feature", "properties": { "building": "yes", "height": null, "building:levels": null }, "geometry": { "type": "Polygon", "coordinates": [ [ [ 44.809704, 41.687552 ], [ 44.809727, 41.687599 ], [ 44.80975, 41.687593 ], [ 44.809872, 41.687554 ], [ 44.80985, 41.687509 ], [ 44.809704, 41.687552 ] ] ] } },
{ "type": "Feature", "properties": { "building": "yes", "height": null, "building:levels": null }, "geometry": { "type": "Polygon", "coordinates": [ [ [ 44.810144, 41.687815 ], [ 44.810172, 41.687801 ], [ 44.810165, 41.68779 ], [ 44.81019, 41.687783 ], [ 44.810179, 41.687765 ], [ 44.810139, 41.687705 ], [ 44.810086, 41.687716 ], [ 44.810059, 41.687746 ], [ 44.810077, 41.687756 ], [ 44.810021, 41.687775 ], [ 44.810064, 41.687845 ], [ 44.810144, 41.687815 ] ] ] } },
{ "type": "Feature", "properties": { "building": "detached", "height": null, "building:levels": "2" }, "geometry": { "type": "Polygon", "coordinates": [ [ [ 44.810205, 41.688334 ], [ 44.810204, 41.688366 ], [ 44.810202, 41.688422 ], [ 44.810269, 41.688423 ], [ 44.810272, 41.688335 ], [ 44.810205, 41.688334 ] ] ] } },
{ "type": "Feature", "properties": { "building": "yes", "height": null, "building:levels": null }, "geometry": { "type": "Polygon", "coordinates": [ [ [ 44.810148, 41.688311 ], [ 44.810111, 41.688337 ], [ 44.810146, 41.688365 ], [ 44.810204, 41.688366 ], [ 44.810205, 41.688334 ], [ 44.810205, 41.68831 ], [ 44.810148, 41.688311 ] ] ] } },
{ "type": "Feature", "properties": { "building": "yes", "height": null, "building:levels": null }, "geometry": { "type": "Polygon", "coordinates": [ [ [ 44.810069, 41.688446 ], [ 44.810133, 41.688401 ], [ 44.81008, 41.688359 ], [ 44.810111, 41.688337 ], [ 44.810148, 41.688311 ], [ 44.810113, 41.688279 ], [ 44.809978, 41.688373 ], [ 44.810069, 41.688446 ] ] ] } },
{ "type": "Feature", "properties": { "building": "yes", "height": null, "building:levels": "3" }, "geometry": { "type": "Polygon", "coordinates": [ [ [ 44.80991, 41.68854 ], [ 44.809938, 41.688565 ], [ 44.809971, 41.688595 ], [ 44.809996, 41.68858 ], [ 44.81001, 41.68859 ], [ 44.810026, 41.688583 ], [ 44.810052, 41.688608 ], [ 44.810092, 41.688583 ], [ 44.810179, 41.688521 ], [ 44.810101, 41.688447 ], [ 44.810059, 41.688473 ], [ 44.810007, 41.688432 ], [ 44.809896, 41.688502 ], [ 44.80993, 41.688526 ], [ 44.80991, 41.68854 ] ] ] } },
{ "type": "Feature", "properties": { "building": "yes", "height": null, "building:levels": "3" }, "geometry": { "type": "Polygon", "coordinates": [ [ [ 44.809827, 41.688614 ], [ 44.80989, 41.68869 ], [ 44.809872, 41.6887 ], [ 44.809951, 41.688766 ], [ 44.810001, 41.688732 ], [ 44.809962, 41.688687 ], [ 44.81002, 41.688659 ], [ 44.809984, 41.688614 ], [ 44.809938, 41.688565 ], [ 44.809827, 41.688614 ] ] ] } },
{ "type": "Feature", "properties": { "building": "yes", "height": null, "building:levels": null }, "geometry": { "type": "Polygon", "coordinates": [ [ [ 44.809601, 41.688631 ], [ 44.809626, 41.688657 ], [ 44.809657, 41.688642 ], [ 44.809689, 41.688681 ], [ 44.809757, 41.688651 ], [ 44.809716, 41.688599 ], [ 44.809601, 41.688631 ] ] ] } },
{ "type": "Feature", "properties": { "building": "yes", "height": null, "building:levels": null }, "geometry": { "type": "Polygon", "coordinates": [ [ [ 44.809501, 41.688741 ], [ 44.809642, 41.688676 ], [ 44.809626, 41.688657 ], [ 44.809601, 41.688631 ], [ 44.809511, 41.688673 ], [ 44.809518, 41.688682 ], [ 44.809473, 41.688705 ], [ 44.809501, 41.688741 ] ] ] } },
{ "type": "Feature", "properties": { "building": "yes", "height": null, "building:levels": null }, "geometry": { "type": "Polygon", "coordinates": [ [ [ 44.809347, 41.688761 ], [ 44.809353, 41.68878 ], [ 44.809377, 41.688782 ], [ 44.809379, 41.68879 ], [ 44.809426, 41.688771 ], [ 44.8094, 41.688735 ], [ 44.809347, 41.688761 ] ] ] } },
{ "type": "Feature", "properties": { "building": "apartments", "height": null, "building:levels": "3" }, "geometry": { "type": "Polygon", "coordinates": [ [ [ 44.809571, 41.688926 ], [ 44.809625, 41.688997 ], [ 44.809771, 41.688934 ], [ 44.809724, 41.688871 ], [ 44.809571, 41.688926 ] ] ] } },
{ "type": "Feature", "properties": { "building": "yes", "height": null, "building:levels": null }, "geometry": { "type": "Polygon", "coordinates": [ [ [ 44.809378, 41.68901 ], [ 44.80938, 41.689013 ], [ 44.80948, 41.688958 ], [ 44.80943, 41.688913 ], [ 44.809405, 41.688928 ], [ 44.809352, 41.688884 ], [ 44.809284, 41.688932 ], [ 44.809329, 41.68898 ], [ 44.809343, 41.688974 ], [ 44.809378, 41.68901 ] ] ] } },
{ "type": "Feature", "properties": { "building": "yes", "height": null, "building:levels": "1" }, "geometry": { "type": "Polygon", "coordinates": [ [ [ 44.812331, 41.69092 ], [ 44.812322, 41.691115 ], [ 44.812345, 41.691117 ], [ 44.812487, 41.691121 ], [ 44.812538, 41.691116 ], [ 44.812539, 41.691059 ], [ 44.812462, 41.691058 ], [ 44.812462, 41.691025 ], [ 44.812523, 41.691025 ], [ 44.812524, 41.691002 ], [ 44.81243, 41.691006 ], [ 44.812469, 41.690928 ], [ 44.812449, 41.690926 ], [ 44.812331, 41.69092 ] ] ] } },
{ "type": "Feature", "properties": { "building": "yes", "height": null, "building:levels": null }, "geometry": { "type": "Polygon", "coordinates": [ [ [ 44.812092, 41.691007 ], [ 44.812173, 41.691014 ], [ 44.812185, 41.690939 ], [ 44.812105, 41.690931 ], [ 44.812092, 41.691007 ] ] ] } },
{ "type": "Feature", "properties": { "building": "yes", "height": null, "building:levels": "2" }, "geometry": { "type": "Polygon", "coordinates": [ [ [ 44.812174, 41.690799 ], [ 44.812219, 41.690776 ], [ 44.812205, 41.690762 ], [ 44.812235, 41.690746 ], [ 44.812208, 41.690717 ], [ 44.812135, 41.690756 ], [ 44.812174, 41.690799 ] ] ] } },
{ "type": "Feature", "properties": { "building": "yes", "height": null, "building:levels": "5" }, "geometry": { "type": "Polygon", "coordinates": [ [ [ 44.812314, 41.690716 ], [ 44.81228, 41.690917 ], [ 44.812331, 41.69092 ], [ 44.812449, 41.690926 ], [ 44.812478, 41.690756 ], [ 44.812314, 41.690716 ] ] ] } },
{ "type": "Feature", "properties": { "building": "yes", "height": null, "building:levels": "3" }, "geometry": { "type": "Polygon", "coordinates": [ [ [ 44.812333, 41.690645 ], [ 44.812533, 41.690692 ], [ 44.812564, 41.690617 ], [ 44.812547, 41.690613 ], [ 44.812577, 41.690537 ], [ 44.812411, 41.690501 ], [ 44.812383, 41.690572 ], [ 44.812367, 41.690569 ], [ 44.812333, 41.690645 ] ] ] } },
{ "type": "Feature", "properties": { "building": "yes", "height": null, "building:levels": "1" }, "geometry": { "type": "Polygon", "coordinates": [ [ [ 44.81082, 41.690472 ], [ 44.81081, 41.690466 ], [ 44.810786, 41.690453 ], [ 44.810767, 41.69045 ], [ 44.810773, 41.690435 ], [ 44.810728, 41.690424 ], [ 44.810715, 41.690457 ], [ 44.810735, 41.690461 ], [ 44.810726, 41.690485 ], [ 44.810764, 41.690493 ], [ 44.810754, 41.69052 ], [ 44.810779, 41.690525 ], [ 44.810789, 41.690499 ], [ 44.810811, 41.690503 ], [ 44.810807, 41.690518 ], [ 44.81091, 41.690534 ], [ 44.81092, 41.690484 ], [ 44.81082, 41.690472 ] ] ] } },
{ "type": "Feature", "properties": { "building": "apartments", "height": null, "building:levels": null }, "geometry": { "type": "Polygon", "coordinates": [ [ [ 44.81243, 41.686908 ], [ 44.812468, 41.686954 ], [ 44.812512, 41.686933 ], [ 44.812522, 41.686945 ], [ 44.812552, 41.68693 ], [ 44.812543, 41.68692 ], [ 44.812657, 41.686909 ], [ 44.812655, 41.686926 ], [ 44.812716, 41.686926 ], [ 44.812738, 41.686848 ], [ 44.812666, 41.686827 ], [ 44.812631, 41.686816 ], [ 44.812582, 41.686832 ], [ 44.812504, 41.686873 ], [ 44.81243, 41.686908 ] ] ] } },
{ "type": "Feature", "properties": { "building": "detached", "height": null, "building:levels": null }, "geometry": { "type": "Polygon", "coordinates": [ [ [ 44.812489, 41.686796 ], [ 44.812526, 41.68678 ], [ 44.81252, 41.686773 ], [ 44.812551, 41.686756 ], [ 44.8125, 41.686669 ], [ 44.812406, 41.6867 ], [ 44.81243, 41.68674 ], [ 44.812448, 41.686733 ], [ 44.812477, 41.686775 ], [ 44.812413, 41.68679 ], [ 44.812426, 41.686822 ], [ 44.812454, 41.686816 ], [ 44.812489, 41.686796 ] ] ] } },
{ "type": "Feature", "properties": { "building": "yes", "height": null, "building:levels": null }, "geometry": { "type": "Polygon", "coordinates": [ [ [ 44.812404, 41.686579 ], [ 44.812407, 41.686586 ], [ 44.812351, 41.686597 ], [ 44.812365, 41.686635 ], [ 44.81242, 41.686624 ], [ 44.812431, 41.686655 ], [ 44.812482, 41.686644 ], [ 44.812442, 41.686535 ], [ 44.812392, 41.686546 ], [ 44.812404, 41.686579 ] ] ] } },
{ "type": "Feature", "properties": { "building": "detached", "height": null, "building:levels": null }, "geometry": { "type": "Polygon", "coordinates": [ [ [ 44.81218, 41.686539 ], [ 44.812213, 41.686561 ], [ 44.812224, 41.686552 ], [ 44.812262, 41.686578 ], [ 44.812298, 41.68655 ], [ 44.812243, 41.686512 ], [ 44.812207, 41.686541 ], [ 44.812191, 41.68653 ], [ 44.81218, 41.686539 ] ] ] } },
{ "type": "Feature", "properties": { "building": "yes", "height": null, "building:levels": null }, "geometry": { "type": "Polygon", "coordinates": [ [ [ 44.812129, 41.686503 ], [ 44.81218, 41.686539 ], [ 44.812191, 41.68653 ], [ 44.812207, 41.686541 ], [ 44.812243, 41.686512 ], [ 44.81225, 41.686506 ], [ 44.812183, 41.686459 ], [ 44.812129, 41.686503 ] ] ] } },
{ "type": "Feature", "properties": { "building": "yes", "height": null, "building:levels": null }, "geometry": { "type": "Polygon", "coordinates": [ [ [ 44.812225, 41.686345 ], [ 44.812273, 41.686391 ], [ 44.8124, 41.686317 ], [ 44.812353, 41.686271 ], [ 44.812225, 41.686345 ] ] ] } },
{ "type": "Feature", "properties": { "building": "detached", "height": null, "building:levels": null }, "geometry": { "type": "Polygon", "coordinates": [ [ [ 44.812139, 41.686259 ], [ 44.81211, 41.686227 ], [ 44.812127, 41.686218 ], [ 44.812078, 41.686158 ], [ 44.812015, 41.686189 ], [ 44.812063, 41.686242 ], [ 44.812026, 41.686261 ], [ 44.81206, 41.686298 ], [ 44.812139, 41.686259 ] ] ] } },
{ "type": "Feature", "properties": { "building": "detached", "height": null, "building:levels": null }, "geometry": { "type": "Polygon", "coordinates": [ [ [ 44.811804, 41.686183 ], [ 44.811848, 41.68626 ], [ 44.811908, 41.686241 ], [ 44.811917, 41.686258 ], [ 44.811993, 41.686234 ], [ 44.811978, 41.686207 ], [ 44.811996, 41.686202 ], [ 44.811977, 41.68617 ], [ 44.811943, 41.686181 ], [ 44.811922, 41.686145 ], [ 44.811804, 41.686183 ] ] ] } },
{ "type": "Feature", "properties": { "building": "yes", "height": null, "building:levels": null }, "geometry": { "type": "Polygon", "coordinates": [ [ [ 44.811731, 41.686233 ], [ 44.811766, 41.686295 ], [ 44.811809, 41.686281 ], [ 44.811823, 41.686306 ], [ 44.811867, 41.686292 ], [ 44.811848, 41.68626 ], [ 44.811804, 41.686183 ], [ 44.811754, 41.686199 ], [ 44.811767, 41.686222 ], [ 44.811731, 41.686233 ] ] ] } },
{ "type": "Feature", "properties": { "building": "roof", "height": null, "building:levels": null }, "geometry": { "type": "Polygon", "coordinates": [ [ [ 44.807158, 41.692956 ], [ 44.807159, 41.692946 ], [ 44.807159, 41.692937 ], [ 44.808953, 41.692999 ], [ 44.808953, 41.693007 ], [ 44.808952, 41.693017 ], [ 44.807158, 41.692956 ] ] ] } },
{ "type": "Feature", "properties": { "building": "apartments", "height": null, "building:levels": "2" }, "geometry": { "type": "Polygon", "coordinates": [ [ [ 44.805055, 41.690208 ], [ 44.805041, 41.690261 ], [ 44.805116, 41.690272 ], [ 44.80513, 41.690219 ], [ 44.805156, 41.690131 ], [ 44.805077, 41.690123 ], [ 44.805055, 41.690208 ] ] ] } },
{ "type": "Feature", "properties": { "building": "apartments", "height": null, "building:levels": "2" }, "geometry": { "type": "Polygon", "coordinates": [ [ [ 44.802247, 41.690287 ], [ 44.802238, 41.690416 ], [ 44.802436, 41.690433 ], [ 44.802453, 41.690374 ], [ 44.802454, 41.690309 ], [ 44.802247, 41.690287 ] ] ] } },
{ "type": "Feature", "properties": { "building": "yes", "height": null, "building:levels": null }, "geometry": { "type": "Polygon", "coordinates": [ [ [ 44.802797, 41.690082 ], [ 44.802789, 41.690136 ], [ 44.802711, 41.690129 ], [ 44.802707, 41.690159 ], [ 44.802891, 41.690166 ], [ 44.802908, 41.690062 ], [ 44.802802, 41.690052 ], [ 44.802797, 41.690082 ] ] ] } },
{ "type": "Feature", "properties": { "building": "yes", "height": null, "building:levels": null }, "geometry": { "type": "Polygon", "coordinates": [ [ [ 44.80282, 41.690342 ], [ 44.802831, 41.690289 ], [ 44.802838, 41.690258 ], [ 44.802769, 41.69025 ], [ 44.802751, 41.690334 ], [ 44.80282, 41.690342 ] ] ] } },
{ "type": "Feature", "properties": { "building": "yes", "height": null, "building:levels": null }, "geometry": { "type": "Polygon", "coordinates": [ [ [ 44.803155, 41.689682 ], [ 44.803204, 41.689684 ], [ 44.803208, 41.689635 ], [ 44.803158, 41.689633 ], [ 44.803155, 41.689682 ] ] ] } },
{ "type": "Feature", "properties": { "building": "service", "height": null, "building:levels": "1" }, "geometry": { "type": "Polygon", "coordinates": [ [ [ 44.802952, 41.689643 ], [ 44.802944, 41.689732 ], [ 44.803015, 41.689739 ], [ 44.803025, 41.689646 ], [ 44.802952, 41.689643 ] ] ] } },
{ "type": "Feature", "properties": { "building": "yes", "height": null, "building:levels": null }, "geometry": { "type": "Polygon", "coordinates": [ [ [ 44.804295, 41.688913 ], [ 44.804359, 41.688907 ], [ 44.804375, 41.688798 ], [ 44.804271, 41.688836 ], [ 44.804295, 41.688913 ] ] ] } },
{ "type": "Feature", "properties": { "building": "detached", "height": null, "building:levels": null }, "geometry": { "type": "Polygon", "coordinates": [ [ [ 44.80408, 41.689331 ], [ 44.804099, 41.689334 ], [ 44.804105, 41.68934 ], [ 44.804141, 41.689341 ], [ 44.804135, 41.689271 ], [ 44.80411, 41.689268 ], [ 44.80408, 41.689331 ] ] ] } },
{ "type": "Feature", "properties": { "building": "yes", "height": null, "building:levels": null }, "geometry": { "type": "Polygon", "coordinates": [ [ [ 44.804499, 41.689471 ], [ 44.804647, 41.689452 ], [ 44.804689, 41.689444 ], [ 44.804684, 41.689415 ], [ 44.804665, 41.689417 ], [ 44.80465, 41.689342 ], [ 44.804603, 41.689346 ], [ 44.804616, 41.689404 ], [ 44.804514, 41.689416 ], [ 44.804507, 41.689385 ], [ 44.804481, 41.689388 ], [ 44.804488, 41.689423 ], [ 44.804499, 41.689471 ] ] ] } },
{ "type": "Feature", "properties": { "building": "apartments", "height": null, "building:levels": "4" }, "geometry": { "type": "Polygon", "coordinates": [ [ [ 44.805654, 41.694389 ], [ 44.805736, 41.694404 ], [ 44.805813, 41.694408 ], [ 44.805853, 41.694561 ], [ 44.805605, 41.694515 ], [ 44.805654, 41.694389 ] ] ] } },
{ "type": "Feature", "properties": { "building": "service", "height": null, "building:levels": "1" }, "geometry": { "type": "Polygon", "coordinates": [ [ [ 44.804589, 41.694583 ], [ 44.804614, 41.694538 ], [ 44.804526, 41.694511 ], [ 44.804501, 41.694556 ], [ 44.804589, 41.694583 ] ] ] } },
{ "type": "Feature", "properties": { "building": "apartments", "height": null, "building:levels": "2" }, "geometry": { "type": "Polygon", "coordinates": [ [ [ 44.804386, 41.694118 ], [ 44.804353, 41.694204 ], [ 44.8045, 41.694229 ], [ 44.804538, 41.694208 ], [ 44.804508, 41.694199 ], [ 44.804528, 41.694144 ], [ 44.804386, 41.694118 ] ] ] } },
{ "type": "Feature", "properties": { "building": "retail", "height": null, "building:levels": "1" }, "geometry": { "type": "Polygon", "coordinates": [ [ [ 44.804434, 41.693557 ], [ 44.804582, 41.693544 ], [ 44.804575, 41.693503 ], [ 44.804427, 41.693515 ], [ 44.804429, 41.693528 ], [ 44.804434, 41.693557 ] ] ] } },
{ "type": "Feature", "properties": { "building": "yes", "height": null, "building:levels": null }, "geometry": { "type": "Polygon", "coordinates": [ [ [ 44.803468, 41.694561 ], [ 44.803535, 41.694576 ], [ 44.803563, 41.694505 ], [ 44.803496, 41.694491 ], [ 44.803468, 41.694561 ] ] ] } },
{ "type": "Feature", "properties": { "building": "yes", "height": null, "building:levels": null }, "geometry": { "type": "Polygon", "coordinates": [ [ [ 44.811453, 41.694688 ], [ 44.811503, 41.694706 ], [ 44.81162, 41.694749 ], [ 44.811683, 41.694674 ], [ 44.811635, 41.69465 ], [ 44.811658, 41.69462 ], [ 44.811595, 41.694612 ], [ 44.811527, 41.694687 ], [ 44.811522, 41.694693 ], [ 44.811497, 41.694685 ], [ 44.811501, 41.69468 ], [ 44.811461, 41.69467 ], [ 44.811453, 41.694688 ] ] ] } },
{ "type": "Feature", "properties": { "building": "yes", "height": null, "building:levels": null }, "geometry": { "type": "Polygon", "coordinates": [ [ [ 44.812523, 41.691799 ], [ 44.812481, 41.691837 ], [ 44.812539, 41.691873 ], [ 44.812559, 41.691855 ], [ 44.812603, 41.691887 ], [ 44.812621, 41.691894 ], [ 44.812644, 41.691874 ], [ 44.812704, 41.691819 ], [ 44.812639, 41.691784 ], [ 44.812579, 41.691749 ], [ 44.812523, 41.691799 ] ] ] } },
{ "type": "Feature", "properties": { "building": "yes", "height": null, "building:levels": null }, "geometry": { "type": "Polygon", "coordinates": [ [ [ 44.812394, 41.691781 ], [ 44.812475, 41.691843 ], [ 44.812481, 41.691837 ], [ 44.812523, 41.691799 ], [ 44.812579, 41.691749 ], [ 44.812501, 41.691703 ], [ 44.812457, 41.691735 ], [ 44.812394, 41.691781 ] ] ] } },
{ "type": "Feature", "properties": { "building": "yes", "height": null, "building:levels": null }, "geometry": { "type": "Polygon", "coordinates": [ [ [ 44.812312, 41.691799 ], [ 44.812343, 41.691816 ], [ 44.812369, 41.691799 ], [ 44.812394, 41.691781 ], [ 44.812457, 41.691735 ], [ 44.812448, 41.691722 ], [ 44.812424, 41.691701 ], [ 44.812413, 41.691694 ], [ 44.812382, 41.691672 ], [ 44.81234, 41.691684 ], [ 44.81232, 41.691688 ], [ 44.812245, 41.691762 ], [ 44.812312, 41.691799 ] ] ] } },
{ "type": "Feature", "properties": { "building": "yes", "height": null, "building:levels": null }, "geometry": { "type": "Polygon", "coordinates": [ [ [ 44.812329, 41.691831 ], [ 44.812356, 41.691851 ], [ 44.812407, 41.691885 ], [ 44.812447, 41.691853 ], [ 44.812369, 41.691799 ], [ 44.812329, 41.691831 ] ] ] } },
{ "type": "Feature", "properties": { "building": "apartments", "height": null, "building:levels": "3" }, "geometry": { "type": "Polygon", "coordinates": [ [ [ 44.81231, 41.691898 ], [ 44.812356, 41.691851 ], [ 44.812329, 41.691831 ], [ 44.812343, 41.691816 ], [ 44.812312, 41.691799 ], [ 44.812277, 41.691835 ], [ 44.812258, 41.691825 ], [ 44.812224, 41.691859 ], [ 44.81231, 41.691898 ] ] ] } },
{ "type": "Feature", "properties": { "building": "retail", "height": null, "building:levels": "1" }, "geometry": { "type": "Polygon", "coordinates": [ [ [ 44.812471, 41.691976 ], [ 44.812506, 41.691929 ], [ 44.812416, 41.691891 ], [ 44.812407, 41.691885 ], [ 44.812356, 41.691851 ], [ 44.81231, 41.691898 ], [ 44.812391, 41.691937 ], [ 44.812471, 41.691976 ] ] ] } },
{ "type": "Feature", "properties": { "building": "apartments", "height": null, "building:levels": "2" }, "geometry": { "type": "Polygon", "coordinates": [ [ [ 44.812522, 41.692 ], [ 44.812586, 41.691911 ], [ 44.81256, 41.6919 ], [ 44.812548, 41.691917 ], [ 44.812521, 41.691907 ], [ 44.812506, 41.691929 ], [ 44.812471, 41.691976 ], [ 44.812522, 41.692 ] ] ] } },
{ "type": "Feature", "properties": { "building": "retail", "height": null, "building:levels": "1" }, "geometry": { "type": "Polygon", "coordinates": [ [ [ 44.811232, 41.692093 ], [ 44.811166, 41.692404 ], [ 44.811275, 41.692417 ], [ 44.811341, 41.692106 ], [ 44.811232, 41.692093 ] ] ] } },
{ "type": "Feature", "properties": { "building": "yes", "height": null, "building:levels": null }, "geometry": { "type": "Polygon", "coordinates": [ [ [ 44.812213, 41.690924 ], [ 44.812259, 41.690927 ], [ 44.812271, 41.690802 ], [ 44.812241, 41.690799 ], [ 44.812215, 41.690804 ], [ 44.812213, 41.690924 ] ] ] } },
{ "type": "Feature", "properties": { "building": "yes", "height": null, "building:levels": "6" }, "geometry": { "type": "Polygon", "coordinates": [ [ [ 44.812333, 41.690645 ], [ 44.812326, 41.690643 ], [ 44.812299, 41.690706 ], [ 44.812297, 41.690711 ], [ 44.812314, 41.690716 ], [ 44.812478, 41.690756 ], [ 44.812505, 41.690759 ], [ 44.812515, 41.690735 ], [ 44.812533, 41.690692 ], [ 44.812333, 41.690645 ] ] ] } },
{ "type": "Feature", "properties": { "building": "yes", "height": null, "building:levels": "2" }, "geometry": { "type": "Polygon", "coordinates": [ [ [ 44.812271, 41.690571 ], [ 44.812208, 41.690717 ], [ 44.812285, 41.690735 ], [ 44.812326, 41.690643 ], [ 44.812348, 41.69059 ], [ 44.812271, 41.690571 ] ] ] } },
{ "type": "Feature", "properties": { "building": "yes", "height": null, "building:levels": "2" }, "geometry": { "type": "Polygon", "coordinates": [ [ [ 44.812354, 41.690369 ], [ 44.81236, 41.690271 ], [ 44.812376, 41.690273 ], [ 44.812355, 41.690214 ], [ 44.812314, 41.690223 ], [ 44.812283, 41.690253 ], [ 44.812266, 41.690546 ], [ 44.812373, 41.69055 ], [ 44.812405, 41.690471 ], [ 44.812347, 41.690484 ], [ 44.812354, 41.690369 ] ] ] } },
{ "type": "Feature", "properties": { "building": "yes", "height": null, "building:levels": null }, "geometry": { "type": "Polygon", "coordinates": [ [ [ 44.810918, 41.69055 ], [ 44.811008, 41.690559 ], [ 44.811012, 41.690537 ], [ 44.810921, 41.690528 ], [ 44.810918, 41.69055 ] ] ] } },
{ "type": "Feature", "properties": { "building": "service", "height": null, "building:levels": "2" }, "geometry": { "type": "Polygon", "coordinates": [ [ [ 44.812445, 41.690196 ], [ 44.812463, 41.690245 ], [ 44.812537, 41.690239 ], [ 44.812587, 41.690232 ], [ 44.812572, 41.690182 ], [ 44.812445, 41.690196 ] ] ] } },
{ "type": "Feature", "properties": { "building": "apartments", "height": null, "building:levels": "4" }, "geometry": { "type": "Polygon", "coordinates": [ [ [ 44.812355, 41.690214 ], [ 44.812376, 41.690273 ], [ 44.812409, 41.690368 ], [ 44.812354, 41.690369 ], [ 44.812347, 41.690484 ], [ 44.812405, 41.690471 ], [ 44.812531, 41.690439 ], [ 44.812502, 41.690357 ], [ 44.812549, 41.690287 ], [ 44.812537, 41.690239 ], [ 44.812463, 41.690245 ], [ 44.812445, 41.690196 ], [ 44.812355, 41.690214 ] ] ] } },
{ "type": "Feature", "properties": { "building": "yes", "height": null, "building:levels": null }, "geometry": { "type": "Polygon", "coordinates": [ [ [ 44.812345, 41.691117 ], [ 44.812368, 41.691314 ], [ 44.812506, 41.691308 ], [ 44.812497, 41.691197 ], [ 44.812576, 41.691199 ], [ 44.812571, 41.691136 ], [ 44.81257, 41.691121 ], [ 44.812487, 41.691121 ], [ 44.812345, 41.691117 ] ] ] } },
{ "type": "Feature", "properties": { "building": "yes", "height": null, "building:levels": "1" }, "geometry": { "type": "Polygon", "coordinates": [ [ [ 44.811888, 41.692057 ], [ 44.811976, 41.692093 ], [ 44.812029, 41.692022 ], [ 44.81194, 41.691986 ], [ 44.811888, 41.692057 ] ] ] } },
{ "type": "Feature", "properties": { "building": "yes", "height": null, "building:levels": "2" }, "geometry": { "type": "Polygon", "coordinates": [ [ [ 44.811844, 41.692117 ], [ 44.811957, 41.692163 ], [ 44.812001, 41.692103 ], [ 44.811976, 41.692093 ], [ 44.811888, 41.692057 ], [ 44.811844, 41.692117 ] ] ] } },
{ "type": "Feature", "properties": { "building": "yes", "height": null, "building:levels": "6" }, "geometry": { "type": "Polygon", "coordinates": [ [ [ 44.811725, 41.692108 ], [ 44.811645, 41.692236 ], [ 44.811736, 41.692271 ], [ 44.811857, 41.69231 ], [ 44.811937, 41.692182 ], [ 44.811827, 41.692145 ], [ 44.811725, 41.692108 ] ] ] } },
{ "type": "Feature", "properties": { "building": "service", "height": null, "building:levels": "1" }, "geometry": { "type": "Polygon", "coordinates": [ [ [ 44.811458, 41.692281 ], [ 44.811431, 41.692359 ], [ 44.811527, 41.692377 ], [ 44.811553, 41.692299 ], [ 44.811458, 41.692281 ] ] ] } },
{ "type": "Feature", "properties": { "building": "yes", "height": null, "building:levels": null }, "geometry": { "type": "Polygon", "coordinates": [ [ [ 44.811805, 41.693491 ], [ 44.811812, 41.693528 ], [ 44.811864, 41.693522 ], [ 44.811857, 41.693486 ], [ 44.811805, 41.693491 ] ] ] } },
{ "type": "Feature", "properties": { "building": "house", "height": null, "building:levels": "2" }, "geometry": { "type": "Polygon", "coordinates": [ [ [ 44.811764, 41.693381 ], [ 44.811791, 41.693464 ], [ 44.811859, 41.693458 ], [ 44.811866, 41.693488 ], [ 44.81194, 41.69348 ], [ 44.811934, 41.69344 ], [ 44.811918, 41.693382 ], [ 44.811911, 41.693365 ], [ 44.811764, 41.693381 ] ] ] } },
{ "type": "Feature", "properties": { "building": "house", "height": null, "building:levels": "2" }, "geometry": { "type": "Polygon", "coordinates": [ [ [ 44.811753, 41.693269 ], [ 44.811764, 41.693381 ], [ 44.811911, 41.693365 ], [ 44.811859, 41.693301 ], [ 44.811851, 41.693258 ], [ 44.811753, 41.693269 ] ] ] } },
{ "type": "Feature", "properties": { "building": "house", "height": null, "building:levels": "2" }, "geometry": { "type": "Polygon", "coordinates": [ [ [ 44.811882, 41.693257 ], [ 44.812082, 41.693192 ], [ 44.812041, 41.693123 ], [ 44.812007, 41.693096 ], [ 44.811957, 41.693115 ], [ 44.811971, 41.69314 ], [ 44.81189, 41.693166 ], [ 44.81188, 41.69315 ], [ 44.81183, 41.693166 ], [ 44.811882, 41.693257 ] ] ] } },
{ "type": "Feature", "properties": { "building": "house", "height": null, "building:levels": "1" }, "geometry": { "type": "Polygon", "coordinates": [ [ [ 44.811961, 41.693272 ], [ 44.812056, 41.693258 ], [ 44.812109, 41.693249 ], [ 44.812086, 41.693203 ], [ 44.81196, 41.693238 ], [ 44.811882, 41.693257 ], [ 44.811911, 41.693365 ], [ 44.811918, 41.693382 ], [ 44.811988, 41.69337 ], [ 44.811961, 41.693272 ] ] ] } },
{ "type": "Feature", "properties": { "building": "house", "height": null, "building:levels": "1" }, "geometry": { "type": "Polygon", "coordinates": [ [ [ 44.811988, 41.69337 ], [ 44.812084, 41.693355 ], [ 44.812072, 41.693314 ], [ 44.812056, 41.693258 ], [ 44.811961, 41.693272 ], [ 44.811988, 41.69337 ] ] ] } },
{ "type": "Feature", "properties": { "building": "house", "height": null, "building:levels": "2" }, "geometry": { "type": "Polygon", "coordinates": [ [ [ 44.812013, 41.693427 ], [ 44.812188, 41.6934 ], [ 44.812145, 41.693297 ], [ 44.812072, 41.693314 ], [ 44.812084, 41.693355 ], [ 44.811988, 41.69337 ], [ 44.811918, 41.693382 ], [ 44.811934, 41.69344 ], [ 44.812013, 41.693427 ] ] ] } },
{ "type": "Feature", "properties": { "building": "house", "height": null, "building:levels": "1" }, "geometry": { "type": "Polygon", "coordinates": [ [ [ 44.812031, 41.693489 ], [ 44.812206, 41.693461 ], [ 44.812188, 41.6934 ], [ 44.812013, 41.693427 ], [ 44.812031, 41.693489 ] ] ] } },
{ "type": "Feature", "properties": { "building": "house", "height": null, "building:levels": "1" }, "geometry": { "type": "Polygon", "coordinates": [ [ [ 44.812167, 41.694434 ], [ 44.812179, 41.694477 ], [ 44.812232, 41.694468 ], [ 44.81222, 41.694425 ], [ 44.812167, 41.694434 ] ] ] } },
{ "type": "Feature", "properties": { "building": "house", "height": null, "building:levels": "2" }, "geometry": { "type": "Polygon", "coordinates": [ [ [ 44.812011, 41.69441 ], [ 44.812033, 41.694489 ], [ 44.812115, 41.694479 ], [ 44.812093, 41.694401 ], [ 44.812011, 41.69441 ] ] ] } },
{ "type": "Feature", "properties": { "building": "house", "height": null, "building:levels": "1" }, "geometry": { "type": "Polygon", "coordinates": [ [ [ 44.812144, 41.694313 ], [ 44.812193, 41.694308 ], [ 44.812314, 41.694279 ], [ 44.812305, 41.694253 ], [ 44.812135, 41.694288 ], [ 44.812144, 41.694313 ] ] ] } },
{ "type": "Feature", "properties": { "building": "house", "height": null, "building:levels": "1" }, "geometry": { "type": "Polygon", "coordinates": [ [ [ 44.812193, 41.694308 ], [ 44.812205, 41.69437 ], [ 44.812308, 41.694349 ], [ 44.812302, 41.694323 ], [ 44.812323, 41.694318 ], [ 44.812314, 41.694279 ], [ 44.812193, 41.694308 ] ] ] } },
{ "type": "Feature", "properties": { "building": "house", "height": null, "building:levels": "2" }, "geometry": { "type": "Polygon", "coordinates": [ [ [ 44.811991, 41.69433 ], [ 44.812011, 41.69441 ], [ 44.812093, 41.694401 ], [ 44.812157, 41.694395 ], [ 44.812167, 41.694434 ], [ 44.81222, 41.694425 ], [ 44.812205, 41.69437 ], [ 44.812193, 41.694308 ], [ 44.812144, 41.694313 ], [ 44.812116, 41.694316 ], [ 44.812062, 41.694324 ], [ 44.811991, 41.69433 ] ] ] } },
{ "type": "Feature", "properties": { "building": "house", "height": null, "building:levels": "2" }, "geometry": { "type": "Polygon", "coordinates": [ [ [ 44.812079, 41.69425 ], [ 44.812042, 41.694265 ], [ 44.812031, 41.694234 ], [ 44.81197, 41.694243 ], [ 44.811991, 41.69433 ], [ 44.812062, 41.694324 ], [ 44.812116, 41.694316 ], [ 44.812105, 41.694294 ], [ 44.812165, 41.694277 ], [ 44.812143, 41.694233 ], [ 44.812079, 41.69425 ] ] ] } },
{ "type": "Feature", "properties": { "building": "yes", "height": null, "building:levels": null }, "geometry": { "type": "Polygon", "coordinates": [ [ [ 44.811977, 41.693862 ], [ 44.812039, 41.693858 ], [ 44.812031, 41.693827 ], [ 44.811937, 41.693825 ], [ 44.811941, 41.693845 ], [ 44.811886, 41.693846 ], [ 44.811891, 41.693867 ], [ 44.811977, 41.693862 ] ] ] } },
{ "type": "Feature", "properties": { "building": "yes", "height": null, "building:levels": null }, "geometry": { "type": "Polygon", "coordinates": [ [ [ 44.811898, 41.69391 ], [ 44.811985, 41.693903 ], [ 44.811977, 41.693862 ], [ 44.811891, 41.693867 ], [ 44.811898, 41.69391 ] ] ] } },
{ "type": "Feature", "properties": { "building": "house", "height": null, "building:levels": "2" }, "geometry": { "type": "Polygon", "coordinates": [ [ [ 44.812051, 41.693959 ], [ 44.812118, 41.693954 ], [ 44.812111, 41.693909 ], [ 44.81201, 41.693917 ], [ 44.812008, 41.693901 ], [ 44.811985, 41.693903 ], [ 44.811898, 41.69391 ], [ 44.811923, 41.694003 ], [ 44.812056, 41.693992 ], [ 44.812051, 41.693959 ] ] ] } },
{ "type": "Feature", "properties": { "building": "yes", "height": null, "building:levels": "2" }, "geometry": { "type": "Polygon", "coordinates": [ [ [ 44.812056, 41.694078 ], [ 44.812147, 41.694074 ], [ 44.812145, 41.694021 ], [ 44.812142, 41.693988 ], [ 44.812223, 41.69399 ], [ 44.812221, 41.694023 ], [ 44.812299, 41.694027 ], [ 44.812307, 41.693927 ], [ 44.812135, 41.693922 ], [ 44.812134, 41.693953 ], [ 44.812118, 41.693954 ], [ 44.812051, 41.693959 ], [ 44.812056, 41.693992 ], [ 44.812056, 41.694078 ] ] ] } },
{ "type": "Feature", "properties": { "building": "yes", "height": null, "building:levels": "2" }, "geometry": { "type": "Polygon", "coordinates": [ [ [ 44.812145, 41.694021 ], [ 44.812147, 41.694074 ], [ 44.812056, 41.694078 ], [ 44.812048, 41.694118 ], [ 44.812039, 41.694155 ], [ 44.811957, 41.694168 ], [ 44.811969, 41.694211 ], [ 44.812026, 41.694205 ], [ 44.812042, 41.694243 ], [ 44.812073, 41.694236 ], [ 44.812079, 41.69425 ], [ 44.812143, 41.694233 ], [ 44.812168, 41.694226 ], [ 44.8122, 41.694218 ], [ 44.812173, 41.694162 ], [ 44.812141, 41.694171 ], [ 44.812112, 41.694111 ], [ 44.812217, 41.694108 ], [ 44.812243, 41.694109 ], [ 44.81224, 41.694145 ], [ 44.812289, 41.694146 ], [ 44.812299, 41.694027 ], [ 44.812221, 41.694023 ], [ 44.812145, 41.694021 ] ] ] } },
{ "type": "Feature", "properties": { "building": "house", "height": null, "building:levels": "1" }, "geometry": { "type": "Polygon", "coordinates": [ [ [ 44.812318, 41.693858 ], [ 44.812319, 41.693813 ], [ 44.81227, 41.693812 ], [ 44.812268, 41.693856 ], [ 44.812318, 41.693858 ] ] ] } },
{ "type": "Feature", "properties": { "building": "house", "height": null, "building:levels": "2" }, "geometry": { "type": "Polygon", "coordinates": [ [ [ 44.812318, 41.693858 ], [ 44.812268, 41.693856 ], [ 44.812199, 41.693855 ], [ 44.812193, 41.693806 ], [ 44.812134, 41.693809 ], [ 44.812137, 41.693838 ], [ 44.812138, 41.693854 ], [ 44.812135, 41.693922 ], [ 44.812307, 41.693927 ], [ 44.812318, 41.693858 ] ] ] } },
{ "type": "Feature", "properties": { "building": "house", "height": null, "building:levels": "2" }, "geometry": { "type": "Polygon", "coordinates": [ [ [ 44.812017, 41.693731 ], [ 44.812017, 41.693743 ], [ 44.811864, 41.693744 ], [ 44.811883, 41.693816 ], [ 44.811929, 41.693815 ], [ 44.811929, 41.693824 ], [ 44.811937, 41.693825 ], [ 44.812031, 41.693827 ], [ 44.812038, 41.693835 ], [ 44.812137, 41.693838 ], [ 44.812134, 41.693809 ], [ 44.812127, 41.693771 ], [ 44.81212, 41.69375 ], [ 44.812066, 41.693751 ], [ 44.812067, 41.693736 ], [ 44.812066, 41.693692 ], [ 44.812014, 41.693699 ], [ 44.811982, 41.693704 ], [ 44.811982, 41.693733 ], [ 44.812017, 41.693731 ] ] ] } },
{ "type": "Feature", "properties": { "building": "house", "height": null, "building:levels": "2" }, "geometry": { "type": "Polygon", "coordinates": [ [ [ 44.812115, 41.693729 ], [ 44.81212, 41.69375 ], [ 44.812127, 41.693771 ], [ 44.812315, 41.693742 ], [ 44.812293, 41.693665 ], [ 44.812112, 41.693686 ], [ 44.812066, 41.693692 ], [ 44.812067, 41.693736 ], [ 44.812115, 41.693729 ] ] ] } },
{ "type": "Feature", "properties": { "building": "yes", "height": null, "building:levels": "1" }, "geometry": { "type": "Polygon", "coordinates": [ [ [ 44.812196, 41.693501 ], [ 44.812225, 41.693637 ], [ 44.812, 41.693663 ], [ 44.812014, 41.693699 ], [ 44.812066, 41.693692 ], [ 44.812112, 41.693686 ], [ 44.81223, 41.693668 ], [ 44.812294, 41.693659 ], [ 44.812274, 41.693615 ], [ 44.812226, 41.693495 ], [ 44.812196, 41.693501 ] ] ] } },
{ "type": "Feature", "properties": { "building": "yes", "height": null, "building:levels": "1" }, "geometry": { "type": "Polygon", "coordinates": [ [ [ 44.811926, 41.693553 ], [ 44.811822, 41.693565 ], [ 44.811844, 41.693671 ], [ 44.811874, 41.693668 ], [ 44.811876, 41.693677 ], [ 44.81195, 41.693669 ], [ 44.811926, 41.693553 ] ] ] } },
{ "type": "Feature", "properties": { "building": "yes", "height": null, "building:levels": null }, "geometry": { "type": "Polygon", "coordinates": [ [ [ 44.812237, 41.692122 ], [ 44.812148, 41.69208 ], [ 44.812096, 41.692173 ], [ 44.812063, 41.692232 ], [ 44.812129, 41.692253 ], [ 44.812232, 41.692211 ], [ 44.81226, 41.69216 ], [ 44.81231, 41.692174 ], [ 44.812324, 41.692146 ], [ 44.812237, 41.692122 ] ] ] } },
{ "type": "Feature", "properties": { "building": "house", "height": null, "building:levels": "1" }, "geometry": { "type": "Polygon", "coordinates": [ [ [ 44.812187, 41.692869 ], [ 44.812243, 41.692912 ], [ 44.812302, 41.69287 ], [ 44.812246, 41.692826 ], [ 44.812187, 41.692869 ] ] ] } },
{ "type": "Feature", "properties": { "building": "house", "height": null, "building:levels": "1" }, "geometry": { "type": "Polygon", "coordinates": [ [ [ 44.812346, 41.692893 ], [ 44.812403, 41.692871 ], [ 44.812444, 41.692931 ], [ 44.812545, 41.692895 ], [ 44.812525, 41.692837 ], [ 44.81252, 41.692822 ], [ 44.812476, 41.692759 ], [ 44.812459, 41.692734 ], [ 44.812412, 41.692752 ], [ 44.812428, 41.692777 ], [ 44.8123, 41.692826 ], [ 44.812346, 41.692893 ] ] ] } },
{ "type": "Feature", "properties": { "building": "retail", "height": null, "building:levels": "1" }, "geometry": { "type": "Polygon", "coordinates": [ [ [ 44.806063, 41.687957 ], [ 44.806087, 41.687956 ], [ 44.806111, 41.687959 ], [ 44.80615, 41.687972 ], [ 44.806173, 41.687991 ], [ 44.806194, 41.687997 ], [ 44.806221, 41.687997 ], [ 44.806236, 41.687994 ], [ 44.806257, 41.687992 ], [ 44.806301, 41.688008 ], [ 44.806398, 41.688014 ], [ 44.806404, 41.687995 ], [ 44.806334, 41.687984 ], [ 44.806326, 41.687972 ], [ 44.806273, 41.687956 ], [ 44.806263, 41.687975 ], [ 44.806201, 41.687962 ], [ 44.806084, 41.687934 ], [ 44.805977, 41.6879 ], [ 44.805919, 41.687904 ], [ 44.805846, 41.687917 ], [ 44.805851, 41.687935 ], [ 44.805961, 41.687924 ], [ 44.805988, 41.687926 ], [ 44.80601, 41.687937 ], [ 44.806021, 41.687945 ], [ 44.806033, 41.687952 ], [ 44.806063, 41.687957 ] ] ] } },
{ "type": "Feature", "properties": { "building": "kiosk", "height": null, "building:levels": "1" }, "geometry": { "type": "Polygon", "coordinates": [ [ [ 44.807075, 41.687997 ], [ 44.80713, 41.687993 ], [ 44.807127, 41.687966 ], [ 44.807071, 41.687969 ], [ 44.807075, 41.687997 ] ] ] } },
{ "type": "Feature", "properties": { "building": "yes", "height": null, "building:levels": null }, "geometry": { "type": "Polygon", "coordinates": [ [ [ 44.812396, 41.694342 ], [ 44.812492, 41.694327 ], [ 44.812547, 41.694321 ], [ 44.812557, 41.694319 ], [ 44.812542, 41.694258 ], [ 44.812559, 41.694255 ], [ 44.812553, 41.694229 ], [ 44.81246, 41.694245 ], [ 44.812365, 41.694261 ], [ 44.812396, 41.694342 ] ] ] } },
{ "type": "Feature", "properties": { "building": "yes", "height": null, "building:levels": null }, "geometry": { "type": "Polygon", "coordinates": [ [ [ 44.812283, 41.694735 ], [ 44.812341, 41.694726 ], [ 44.812442, 41.694706 ], [ 44.812453, 41.694704 ], [ 44.81243, 41.694637 ], [ 44.812412, 41.694565 ], [ 44.812333, 41.694575 ], [ 44.812349, 41.694639 ], [ 44.812363, 41.694637 ], [ 44.812372, 41.694676 ], [ 44.812366, 41.694677 ], [ 44.812362, 41.694659 ], [ 44.812313, 41.694665 ], [ 44.812273, 41.694671 ], [ 44.812283, 41.694735 ] ] ] } },
{ "type": "Feature", "properties": { "building": "yes", "height": null, "building:levels": null }, "geometry": { "type": "Polygon", "coordinates": [ [ [ 44.81243, 41.694637 ], [ 44.812556, 41.69462 ], [ 44.812548, 41.694588 ], [ 44.812515, 41.694592 ], [ 44.812501, 41.694536 ], [ 44.812408, 41.694549 ], [ 44.812412, 41.694565 ], [ 44.81243, 41.694637 ] ] ] } },
{ "type": "Feature", "properties": { "building": "yes", "height": null, "building:levels": null }, "geometry": { "type": "Polygon", "coordinates": [ [ [ 44.812494, 41.694693 ], [ 44.812621, 41.694676 ], [ 44.812647, 41.694678 ], [ 44.812659, 41.694613 ], [ 44.812607, 41.694617 ], [ 44.812609, 41.694623 ], [ 44.812481, 41.69464 ], [ 44.81247, 41.694649 ], [ 44.812441, 41.694642 ], [ 44.812457, 41.694696 ], [ 44.812494, 41.694693 ] ] ] } },
{ "type": "Feature", "properties": { "building": "yes", "height": null, "building:levels": null }, "geometry": { "type": "Polygon", "coordinates": [ [ [ 44.812455, 41.694776 ], [ 44.812522, 41.69477 ], [ 44.812624, 41.694768 ], [ 44.812633, 41.694697 ], [ 44.812516, 41.694696 ], [ 44.812453, 41.694704 ], [ 44.812442, 41.694706 ], [ 44.812455, 41.694776 ] ] ] } },
{ "type": "Feature", "properties": { "building": "yes", "height": null, "building:levels": null }, "geometry": { "type": "Polygon", "coordinates": [ [ [ 44.812427, 41.694789 ], [ 44.812426, 41.694866 ], [ 44.812488, 41.694881 ], [ 44.8125, 41.694883 ], [ 44.812523, 41.694807 ], [ 44.812526, 41.694795 ], [ 44.812427, 41.694789 ] ] ] } },
{ "type": "Feature", "properties": { "building": "yes", "height": null, "building:levels": null }, "geometry": { "type": "Polygon", "coordinates": [ [ [ 44.812281, 41.69481 ], [ 44.812284, 41.69482 ], [ 44.81231, 41.694868 ], [ 44.812345, 41.694852 ], [ 44.812344, 41.694844 ], [ 44.812411, 41.694829 ], [ 44.812385, 41.694786 ], [ 44.812281, 41.69481 ] ] ] } },
{ "type": "Feature", "properties": { "building": "yes", "height": null, "building:levels": null }, "geometry": { "type": "Polygon", "coordinates": [ [ [ 44.812281, 41.69481 ], [ 44.812385, 41.694786 ], [ 44.812369, 41.694722 ], [ 44.812341, 41.694726 ], [ 44.812283, 41.694735 ], [ 44.812259, 41.694738 ], [ 44.812281, 41.69481 ] ] ] } },
{ "type": "Feature", "properties": { "building": "yes", "height": null, "building:levels": null }, "geometry": { "type": "Polygon", "coordinates": [ [ [ 44.81209, 41.694743 ], [ 44.812175, 41.694744 ], [ 44.812176, 41.69466 ], [ 44.812091, 41.694659 ], [ 44.812102, 41.69468 ], [ 44.812097, 41.694705 ], [ 44.81209, 41.694743 ] ] ] } },
{ "type": "Feature", "properties": { "building": "yes", "height": null, "building:levels": null }, "geometry": { "type": "Polygon", "coordinates": [ [ [ 44.81209, 41.694743 ], [ 44.812089, 41.694813 ], [ 44.812284, 41.69482 ], [ 44.812281, 41.69481 ], [ 44.812259, 41.694738 ], [ 44.812214, 41.694743 ], [ 44.812175, 41.694744 ], [ 44.81209, 41.694743 ] ] ] } },
{ "type": "Feature", "properties": { "building": "yes", "height": null, "building:levels": null }, "geometry": { "type": "Polygon", "coordinates": [ [ [ 44.812097, 41.694705 ], [ 44.812102, 41.69468 ], [ 44.812091, 41.694659 ], [ 44.812107, 41.694627 ], [ 44.812066, 41.694626 ], [ 44.812026, 41.694615 ], [ 44.811973, 41.694713 ], [ 44.812016, 41.694724 ], [ 44.812041, 41.694658 ], [ 44.812062, 41.694668 ], [ 44.812097, 41.694705 ] ] ] } },
{ "type": "Feature", "properties": { "building": "yes", "height": null, "building:levels": null }, "geometry": { "type": "Polygon", "coordinates": [ [ [ 44.812381, 41.695015 ], [ 44.812474, 41.69503 ], [ 44.812535, 41.69504 ], [ 44.812578, 41.694896 ], [ 44.812575, 41.694896 ], [ 44.8125, 41.694883 ], [ 44.812488, 41.694881 ], [ 44.812465, 41.694956 ], [ 44.812414, 41.694909 ], [ 44.81231, 41.694868 ], [ 44.812284, 41.69482 ], [ 44.812193, 41.69487 ], [ 44.81221, 41.694886 ], [ 44.81219, 41.694903 ], [ 44.812265, 41.694923 ], [ 44.812371, 41.694958 ], [ 44.812381, 41.694983 ], [ 44.812373, 41.695013 ], [ 44.812381, 41.695015 ] ] ] } },
{ "type": "Feature", "properties": { "building": "yes", "height": null, "building:levels": null }, "geometry": { "type": "Polygon", "coordinates": [ [ [ 44.811312, 41.694788 ], [ 44.811316, 41.694776 ], [ 44.811264, 41.694766 ], [ 44.811241, 41.694838 ], [ 44.811344, 41.694862 ], [ 44.811374, 41.6948 ], [ 44.811312, 41.694788 ] ] ] } },
{ "type": "Feature", "properties": { "building": "yes", "height": null, "building:levels": null }, "geometry": { "type": "Polygon", "coordinates": [ [ [ 44.811092, 41.694805 ], [ 44.811086, 41.69484 ], [ 44.811165, 41.694848 ], [ 44.811171, 41.694813 ], [ 44.811092, 41.694805 ] ] ] } },
{ "type": "Feature", "properties": { "building": "yes", "height": null, "building:levels": null }, "geometry": { "type": "Polygon", "coordinates": [ [ [ 44.811103, 41.694689 ], [ 44.811092, 41.694805 ], [ 44.811171, 41.694813 ], [ 44.811185, 41.694752 ], [ 44.811193, 41.694699 ], [ 44.811103, 41.694689 ] ] ] } },
{ "type": "Feature", "properties": { "building": "yes", "height": null, "building:levels": null }, "geometry": { "type": "Polygon", "coordinates": [ [ [ 44.811133, 41.694479 ], [ 44.811103, 41.694689 ], [ 44.811193, 41.694699 ], [ 44.811185, 41.694752 ], [ 44.811264, 41.694766 ], [ 44.811316, 41.694776 ], [ 44.811312, 41.694788 ], [ 44.811374, 41.6948 ], [ 44.811428, 41.694672 ], [ 44.811283, 41.694651 ], [ 44.811296, 41.694554 ], [ 44.811402, 41.694561 ], [ 44.81141, 41.694499 ], [ 44.811315, 41.694492 ], [ 44.811133, 41.694479 ] ] ] } },
{ "type": "Feature", "properties": { "building": "yes", "height": null, "building:levels": null }, "geometry": { "type": "Polygon", "coordinates": [ [ [ 44.811121, 41.694478 ], [ 44.811133, 41.694479 ], [ 44.811315, 41.694492 ], [ 44.811329, 41.694382 ], [ 44.811136, 41.694368 ], [ 44.811121, 41.694478 ] ] ] } },
{ "type": "Feature", "properties": { "building": "yes", "height": null, "building:levels": null }, "geometry": { "type": "Polygon", "coordinates": [ [ [ 44.811731, 41.694937 ], [ 44.811754, 41.69489 ], [ 44.811728, 41.694883 ], [ 44.811739, 41.694861 ], [ 44.811636, 41.694831 ], [ 44.811603, 41.694896 ], [ 44.811731, 41.694937 ] ] ] } },
{ "type": "Feature", "properties": { "building": "yes", "height": null, "building:levels": null }, "geometry": { "type": "Polygon", "coordinates": [ [ [ 44.811439, 41.69489 ], [ 44.811415, 41.694932 ], [ 44.811557, 41.694971 ], [ 44.811586, 41.694919 ], [ 44.811511, 41.694895 ], [ 44.811502, 41.69491 ], [ 44.811439, 41.69489 ] ] ] } },
{ "type": "Feature", "properties": { "building": "yes", "height": null, "building:levels": null }, "geometry": { "type": "Polygon", "coordinates": [ [ [ 44.811448, 41.694799 ], [ 44.811412, 41.694861 ], [ 44.811389, 41.694854 ], [ 44.811355, 41.694912 ], [ 44.811388, 41.694922 ], [ 44.811412, 41.694881 ], [ 44.811439, 41.69489 ], [ 44.811502, 41.69491 ], [ 44.811511, 41.694895 ], [ 44.811538, 41.694852 ], [ 44.811548, 41.694831 ], [ 44.811448, 41.694799 ] ] ] } },
{ "type": "Feature", "properties": { "building": "yes", "height": null, "building:levels": null }, "geometry": { "type": "Polygon", "coordinates": [ [ [ 44.811503, 41.694706 ], [ 44.811448, 41.694799 ], [ 44.811548, 41.694831 ], [ 44.811538, 41.694852 ], [ 44.811601, 41.694875 ], [ 44.811654, 41.694793 ], [ 44.811671, 41.694768 ], [ 44.811503, 41.694706 ] ] ] } },
{ "type": "Feature", "properties": { "building": "yes", "height": null, "building:levels": null }, "geometry": { "type": "Polygon", "coordinates": [ [ [ 44.811297, 41.693972 ], [ 44.811278, 41.694021 ], [ 44.811354, 41.694036 ], [ 44.811372, 41.693987 ], [ 44.811297, 41.693972 ] ] ] } },
{ "type": "Feature", "properties": { "building": "yes", "height": null, "building:levels": null }, "geometry": { "type": "Polygon", "coordinates": [ [ [ 44.811674, 41.693759 ], [ 44.811682, 41.693826 ], [ 44.811712, 41.693824 ], [ 44.81171, 41.693807 ], [ 44.811738, 41.693805 ], [ 44.811732, 41.693755 ], [ 44.811674, 41.693759 ] ] ] } },
{ "type": "Feature", "properties": { "building": "yes", "height": null, "building:levels": null }, "geometry": { "type": "Polygon", "coordinates": [ [ [ 44.811482, 41.693601 ], [ 44.811551, 41.693622 ], [ 44.811547, 41.693628 ], [ 44.811617, 41.693649 ], [ 44.81162, 41.693665 ], [ 44.811717, 41.693693 ], [ 44.811734, 41.693663 ], [ 44.811752, 41.693663 ], [ 44.811758, 41.693623 ], [ 44.811741, 41.693613 ], [ 44.811741, 41.693589 ], [ 44.811624, 41.693554 ], [ 44.811635, 41.693539 ], [ 44.811537, 41.693511 ], [ 44.811505, 41.693524 ], [ 44.811475, 41.693574 ], [ 44.811493, 41.69358 ], [ 44.811482, 41.693601 ] ] ] } },
{ "type": "Feature", "properties": { "building": "yes", "height": null, "building:levels": null }, "geometry": { "type": "Polygon", "coordinates": [ [ [ 44.811571, 41.693876 ], [ 44.811655, 41.693874 ], [ 44.811653, 41.693827 ], [ 44.811569, 41.693829 ], [ 44.811571, 41.693876 ] ] ] } },
{ "type": "Feature", "properties": { "building": "yes", "height": null, "building:levels": null }, "geometry": { "type": "Polygon", "coordinates": [ [ [ 44.811722, 41.693953 ], [ 44.811715, 41.693916 ], [ 44.811666, 41.69392 ], [ 44.811649, 41.693904 ], [ 44.811563, 41.693911 ], [ 44.81159, 41.693993 ], [ 44.81162, 41.693988 ], [ 44.811614, 41.693971 ], [ 44.811722, 41.693953 ] ] ] } },
{ "type": "Feature", "properties": { "building": "yes", "height": null, "building:levels": null }, "geometry": { "type": "Polygon", "coordinates": [ [ [ 44.811729, 41.693991 ], [ 44.811822, 41.693981 ], [ 44.8118, 41.69386 ], [ 44.811706, 41.693869 ], [ 44.811715, 41.693916 ], [ 44.811722, 41.693953 ], [ 44.811729, 41.693991 ] ] ] } },
{ "type": "Feature", "properties": { "building": "yes", "height": null, "building:levels": null }, "geometry": { "type": "Polygon", "coordinates": [ [ [ 44.811674, 41.694104 ], [ 44.811731, 41.694102 ], [ 44.811733, 41.69408 ], [ 44.811847, 41.694065 ], [ 44.811822, 41.693981 ], [ 44.811729, 41.693991 ], [ 44.811643, 41.694 ], [ 44.811674, 41.694104 ] ] ] } },
{ "type": "Feature", "properties": { "building": "yes", "height": null, "building:levels": null }, "geometry": { "type": "Polygon", "coordinates": [ [ [ 44.811628, 41.694177 ], [ 44.811612, 41.694103 ], [ 44.811586, 41.694102 ], [ 44.811589, 41.694059 ], [ 44.811541, 41.694057 ], [ 44.811538, 41.6941 ], [ 44.811537, 41.694176 ], [ 44.811628, 41.694177 ] ] ] } },
{ "type": "Feature", "properties": { "building": "yes", "height": null, "building:levels": null }, "geometry": { "type": "Polygon", "coordinates": [ [ [ 44.811644, 41.694251 ], [ 44.811761, 41.694219 ], [ 44.811731, 41.694102 ], [ 44.811674, 41.694104 ], [ 44.811612, 41.694103 ], [ 44.811628, 41.694177 ], [ 44.811644, 41.694251 ] ] ] } },
{ "type": "Feature", "properties": { "building": "yes", "height": null, "building:levels": null }, "geometry": { "type": "Polygon", "coordinates": [ [ [ 44.811747, 41.694224 ], [ 44.811644, 41.694251 ], [ 44.811667, 41.694313 ], [ 44.811741, 41.694304 ], [ 44.81173, 41.694279 ], [ 44.811783, 41.694258 ], [ 44.811783, 41.694251 ], [ 44.811766, 41.694257 ], [ 44.811747, 41.694224 ] ] ] } },
{ "type": "Feature", "properties": { "building": "yes", "height": null, "building:levels": null }, "geometry": { "type": "Polygon", "coordinates": [ [ [ 44.811761, 41.694219 ], [ 44.811844, 41.694192 ], [ 44.811872, 41.694185 ], [ 44.811859, 41.69413 ], [ 44.811747, 41.694154 ], [ 44.811761, 41.694219 ] ] ] } },
{ "type": "Feature", "properties": { "building": "yes", "height": null, "building:levels": null }, "geometry": { "type": "Polygon", "coordinates": [ [ [ 44.811783, 41.694251 ], [ 44.811863, 41.694225 ], [ 44.811844, 41.694192 ], [ 44.811761, 41.694219 ], [ 44.811747, 41.694224 ], [ 44.811766, 41.694257 ], [ 44.811783, 41.694251 ] ] ] } },
{ "type": "Feature", "properties": { "building": "yes", "height": null, "building:levels": null }, "geometry": { "type": "Polygon", "coordinates": [ [ [ 44.811746, 41.69432 ], [ 44.811875, 41.694272 ], [ 44.811863, 41.694225 ], [ 44.811783, 41.694251 ], [ 44.811783, 41.694258 ], [ 44.81173, 41.694279 ], [ 44.811741, 41.694304 ], [ 44.811746, 41.69432 ] ] ] } },
{ "type": "Feature", "properties": { "building": "yes", "height": null, "building:levels": null }, "geometry": { "type": "Polygon", "coordinates": [ [ [ 44.811759, 41.69439 ], [ 44.811769, 41.694439 ], [ 44.811826, 41.694433 ], [ 44.811821, 41.694407 ], [ 44.811897, 41.694398 ], [ 44.811883, 41.694331 ], [ 44.811808, 41.69434 ], [ 44.811807, 41.694324 ], [ 44.811881, 41.694307 ], [ 44.811875, 41.694272 ], [ 44.811746, 41.69432 ], [ 44.811759, 41.69439 ] ] ] } },
{ "type": "Feature", "properties": { "building": "yes", "height": null, "building:levels": null }, "geometry": { "type": "Polygon", "coordinates": [ [ [ 44.811609, 41.694406 ], [ 44.811759, 41.69439 ], [ 44.811746, 41.69432 ], [ 44.811741, 41.694304 ], [ 44.811667, 41.694313 ], [ 44.811592, 41.694321 ], [ 44.811609, 41.694406 ] ] ] } },
{ "type": "Feature", "properties": { "building": "yes", "height": null, "building:levels": null }, "geometry": { "type": "Polygon", "coordinates": [ [ [ 44.811715, 41.694529 ], [ 44.811729, 41.694473 ], [ 44.811652, 41.694462 ], [ 44.811638, 41.694519 ], [ 44.811715, 41.694529 ] ] ] } },
{ "type": "Feature", "properties": { "building": "yes", "height": null, "building:levels": null }, "geometry": { "type": "Polygon", "coordinates": [ [ [ 44.811595, 41.694612 ], [ 44.811658, 41.69462 ], [ 44.811681, 41.694625 ], [ 44.811699, 41.694599 ], [ 44.811707, 41.694562 ], [ 44.811592, 41.694558 ], [ 44.811575, 41.6945 ], [ 44.811462, 41.694519 ], [ 44.811482, 41.694608 ], [ 44.811548, 41.694604 ], [ 44.811595, 41.694612 ] ] ] } },
{ "type": "Feature", "properties": { "building": "yes", "height": null, "building:levels": null }, "geometry": { "type": "Polygon", "coordinates": [ [ [ 44.81162, 41.694749 ], [ 44.811671, 41.694768 ], [ 44.811654, 41.694793 ], [ 44.811788, 41.694843 ], [ 44.811805, 41.694818 ], [ 44.811844, 41.694735 ], [ 44.811874, 41.694688 ], [ 44.811828, 41.694674 ], [ 44.811793, 41.694713 ], [ 44.811745, 41.694697 ], [ 44.811805, 41.694622 ], [ 44.811828, 41.694545 ], [ 44.811911, 41.694551 ], [ 44.811923, 41.694482 ], [ 44.811828, 41.694477 ], [ 44.811729, 41.694473 ], [ 44.811715, 41.694529 ], [ 44.811707, 41.694562 ], [ 44.811699, 41.694599 ], [ 44.811681, 41.694625 ], [ 44.811658, 41.69462 ], [ 44.811635, 41.69465 ], [ 44.811683, 41.694674 ], [ 44.81162, 41.694749 ] ] ] } },
{ "type": "Feature", "properties": { "building": "yes", "height": null, "building:levels": null }, "geometry": { "type": "Polygon", "coordinates": [ [ [ 44.812354, 41.693443 ], [ 44.812332, 41.693391 ], [ 44.81233, 41.693351 ], [ 44.812235, 41.693341 ], [ 44.812255, 41.693378 ], [ 44.812275, 41.693379 ], [ 44.812304, 41.693454 ], [ 44.812354, 41.693443 ] ] ] } },
{ "type": "Feature", "properties": { "building": "yes", "height": null, "building:levels": null }, "geometry": { "type": "Polygon", "coordinates": [ [ [ 44.812387, 41.693264 ], [ 44.812384, 41.693262 ], [ 44.812413, 41.693222 ], [ 44.812355, 41.693198 ], [ 44.812283, 41.693305 ], [ 44.812371, 41.693343 ], [ 44.812363, 41.693365 ], [ 44.81238, 41.69338 ], [ 44.812443, 41.693365 ], [ 44.812415, 41.693361 ], [ 44.812466, 41.693303 ], [ 44.812387, 41.693264 ] ] ] } },
{ "type": "Feature", "properties": { "building": "yes", "height": null, "building:levels": null }, "geometry": { "type": "Polygon", "coordinates": [ [ [ 44.812428, 41.693218 ], [ 44.812387, 41.693264 ], [ 44.812466, 41.693303 ], [ 44.812497, 41.693321 ], [ 44.812494, 41.693343 ], [ 44.81254, 41.693328 ], [ 44.812553, 41.693338 ], [ 44.812571, 41.693319 ], [ 44.812568, 41.693309 ], [ 44.812527, 41.693294 ], [ 44.812535, 41.693285 ], [ 44.812508, 41.693272 ], [ 44.812517, 41.693262 ], [ 44.812428, 41.693218 ] ] ] } },
{ "type": "Feature", "properties": { "building": "yes", "height": null, "building:levels": null }, "geometry": { "type": "Polygon", "coordinates": [ [ [ 44.812439, 41.693172 ], [ 44.812428, 41.693218 ], [ 44.812517, 41.693262 ], [ 44.812524, 41.693265 ], [ 44.812555, 41.693225 ], [ 44.812555, 41.693172 ], [ 44.812439, 41.693172 ] ] ] } },
{ "type": "Feature", "properties": { "building": "yes", "height": null, "building:levels": null }, "geometry": { "type": "Polygon", "coordinates": [ [ [ 44.812556, 41.69306 ], [ 44.812519, 41.69306 ], [ 44.812519, 41.69309 ], [ 44.812429, 41.693089 ], [ 44.812429, 41.693123 ], [ 44.81239, 41.693123 ], [ 44.81239, 41.693172 ], [ 44.812439, 41.693172 ], [ 44.812555, 41.693172 ], [ 44.812555, 41.693151 ], [ 44.812555, 41.693096 ], [ 44.812556, 41.69306 ] ] ] } },
{ "type": "Feature", "properties": { "building": "yes", "height": null, "building:levels": null }, "geometry": { "type": "Polygon", "coordinates": [ [ [ 44.812139, 41.693127 ], [ 44.812237, 41.693161 ], [ 44.812264, 41.693111 ], [ 44.812251, 41.69311 ], [ 44.812263, 41.693067 ], [ 44.812152, 41.693093 ], [ 44.812139, 41.693127 ] ] ] } },
{ "type": "Feature", "properties": { "building": "yes", "height": null, "building:levels": null }, "geometry": { "type": "Polygon", "coordinates": [ [ [ 44.812443, 41.693365 ], [ 44.812497, 41.693466 ], [ 44.81263, 41.693431 ], [ 44.812583, 41.693369 ], [ 44.812553, 41.693338 ], [ 44.81254, 41.693328 ], [ 44.812494, 41.693343 ], [ 44.812443, 41.693365 ] ] ] } },
{ "type": "Feature", "properties": { "building": "yes", "height": null, "building:levels": null }, "geometry": { "type": "Polygon", "coordinates": [ [ [ 44.812443, 41.693365 ], [ 44.81238, 41.69338 ], [ 44.812332, 41.693391 ], [ 44.812354, 41.693443 ], [ 44.81238, 41.693503 ], [ 44.812501, 41.693474 ], [ 44.812497, 41.693466 ], [ 44.812443, 41.693365 ] ] ] } },
{ "type": "Feature", "properties": { "building": "yes", "height": null, "building:levels": null }, "geometry": { "type": "Polygon", "coordinates": [ [ [ 44.812548, 41.693734 ], [ 44.812393, 41.693746 ], [ 44.812391, 41.693873 ], [ 44.812484, 41.693857 ], [ 44.812485, 41.69382 ], [ 44.812552, 41.693813 ], [ 44.812553, 41.693786 ], [ 44.812576, 41.693784 ], [ 44.812548, 41.693734 ] ] ] } },
{ "type": "Feature", "properties": { "building": "yes", "height": null, "building:levels": null }, "geometry": { "type": "Polygon", "coordinates": [ [ [ 44.812523, 41.693692 ], [ 44.812527, 41.693706 ], [ 44.812619, 41.693691 ], [ 44.812581, 41.693567 ], [ 44.812593, 41.693565 ], [ 44.812629, 41.693683 ], [ 44.8127, 41.693673 ], [ 44.812696, 41.693653 ], [ 44.812643, 41.693494 ], [ 44.812465, 41.693537 ], [ 44.812502, 41.693622 ], [ 44.812523, 41.693692 ] ] ] } },
{ "type": "Feature", "properties": { "building": "yes", "height": null, "building:levels": null }, "geometry": { "type": "Polygon", "coordinates": [ [ [ 44.812328, 41.693587 ], [ 44.812357, 41.693688 ], [ 44.812523, 41.693692 ], [ 44.812502, 41.693622 ], [ 44.812409, 41.693626 ], [ 44.81239, 41.693573 ], [ 44.812328, 41.693587 ] ] ] } },
{ "type": "Feature", "properties": { "building": "yes", "height": null, "building:levels": null }, "geometry": { "type": "Polygon", "coordinates": [ [ [ 44.812371, 41.693877 ], [ 44.812375, 41.69395 ], [ 44.812469, 41.693932 ], [ 44.812479, 41.69396 ], [ 44.812535, 41.693945 ], [ 44.812495, 41.693854 ], [ 44.812484, 41.693857 ], [ 44.812391, 41.693873 ], [ 44.812371, 41.693877 ] ] ] } },
{ "type": "Feature", "properties": { "building": "yes", "height": null, "building:levels": null }, "geometry": { "type": "Polygon", "coordinates": [ [ [ 44.812408, 41.694112 ], [ 44.812447, 41.694111 ], [ 44.812466, 41.694132 ], [ 44.812499, 41.694063 ], [ 44.812428, 41.694027 ], [ 44.812422, 41.694047 ], [ 44.812408, 41.694112 ] ] ] } },
{ "type": "Feature", "properties": { "building": "yes", "height": null, "building:levels": null }, "geometry": { "type": "Polygon", "coordinates": [ [ [ 44.812341, 41.694122 ], [ 44.812408, 41.694112 ], [ 44.812422, 41.694047 ], [ 44.812348, 41.694041 ], [ 44.812341, 41.694122 ] ] ] } },
{ "type": "Feature", "properties": { "building": "yes", "height": null, "building:levels": null }, "geometry": { "type": "Polygon", "coordinates": [ [ [ 44.812639, 41.6941 ], [ 44.812661, 41.694088 ], [ 44.812714, 41.694063 ], [ 44.812631, 41.693964 ], [ 44.812479, 41.694023 ], [ 44.812541, 41.694062 ], [ 44.812585, 41.69404 ], [ 44.812639, 41.6941 ] ] ] } },
{ "type": "Feature", "properties": { "building": "yes", "height": null, "building:levels": null }, "geometry": { "type": "Polygon", "coordinates": [ [ [ 44.812548, 41.694202 ], [ 44.812612, 41.694151 ], [ 44.812628, 41.694162 ], [ 44.812667, 41.694132 ], [ 44.81266, 41.694127 ], [ 44.812685, 41.694108 ], [ 44.812661, 41.694088 ], [ 44.812639, 41.6941 ], [ 44.812624, 41.694101 ], [ 44.812615, 41.694108 ], [ 44.812566, 41.694073 ], [ 44.812484, 41.694133 ], [ 44.812526, 41.694128 ], [ 44.812548, 41.694202 ] ] ] } },
{ "type": "Feature", "properties": { "building": "yes", "height": null, "building:levels": null }, "geometry": { "type": "Polygon", "coordinates": [ [ [ 44.812438, 41.69417 ], [ 44.81246, 41.694245 ], [ 44.812553, 41.694229 ], [ 44.812556, 41.694229 ], [ 44.812548, 41.694202 ], [ 44.812526, 41.694128 ], [ 44.812484, 41.694133 ], [ 44.812473, 41.694137 ], [ 44.812466, 41.694132 ], [ 44.812447, 41.694111 ], [ 44.812408, 41.694112 ], [ 44.812438, 41.69417 ] ] ] } },
{ "type": "Feature", "properties": { "building": "yes", "height": null, "building:levels": null }, "geometry": { "type": "Polygon", "coordinates": [ [ [ 44.812365, 41.694261 ], [ 44.81246, 41.694245 ], [ 44.812438, 41.69417 ], [ 44.812408, 41.694112 ], [ 44.812341, 41.694122 ], [ 44.812336, 41.694196 ], [ 44.812365, 41.694261 ] ] ] } },
{ "type": "Feature", "properties": { "building": "commercial", "height": null, "building:levels": "3" }, "geometry": { "type": "Polygon", "coordinates": [ [ [ 44.8028, 41.693242 ], [ 44.802836, 41.693151 ], [ 44.803088, 41.693238 ], [ 44.803077, 41.693271 ], [ 44.8028, 41.693242 ] ] ] } },
{ "type": "Feature", "properties": { "building": "apartments", "height": null, "building:levels": "2" }, "geometry": { "type": "Polygon", "coordinates": [ [ [ 44.804007, 41.694982 ], [ 44.803983, 41.695052 ], [ 44.803952, 41.695062 ], [ 44.803896, 41.695042 ], [ 44.803932, 41.694969 ], [ 44.804007, 41.694982 ] ] ] } },
{ "type": "Feature", "properties": { "building": "yes", "height": null, "building:levels": null }, "geometry": { "type": "Polygon", "coordinates": [ [ [ 44.803966, 41.694518 ], [ 44.804018, 41.694441 ], [ 44.803969, 41.694423 ], [ 44.80394, 41.694463 ], [ 44.803936, 41.694472 ], [ 44.803955, 41.694479 ], [ 44.803931, 41.694515 ], [ 44.80396, 41.694526 ], [ 44.803966, 41.694518 ] ] ] } },
{ "type": "Feature", "properties": { "building": "yes", "height": null, "building:levels": null }, "geometry": { "type": "Polygon", "coordinates": [ [ [ 44.804826, 41.693683 ], [ 44.804869, 41.693698 ], [ 44.804897, 41.693654 ], [ 44.804854, 41.693639 ], [ 44.804826, 41.693683 ] ] ] } },
{ "type": "Feature", "properties": { "building": "yes", "height": null, "building:levels": null }, "geometry": { "type": "Polygon", "coordinates": [ [ [ 44.805444, 41.695026 ], [ 44.805404, 41.695107 ], [ 44.805386, 41.6951 ], [ 44.805292, 41.695079 ], [ 44.80527, 41.695069 ], [ 44.805282, 41.695038 ], [ 44.805234, 41.695019 ], [ 44.805298, 41.694984 ], [ 44.805444, 41.695026 ] ] ] } },
{ "type": "Feature", "properties": { "building": "apartments", "height": null, "building:levels": "2" }, "geometry": { "type": "Polygon", "coordinates": [ [ [ 44.805478, 41.694925 ], [ 44.805611, 41.694953 ], [ 44.805592, 41.695001 ], [ 44.805585, 41.695019 ], [ 44.805574, 41.695045 ], [ 44.805549, 41.695039 ], [ 44.805546, 41.695055 ], [ 44.805536, 41.695055 ], [ 44.805523, 41.695049 ], [ 44.80553, 41.695035 ], [ 44.805497, 41.695027 ], [ 44.805508, 41.695001 ], [ 44.805456, 41.694989 ], [ 44.805478, 41.694925 ] ] ] } },
{ "type": "Feature", "properties": { "building": "yes", "height": null, "building:levels": null }, "geometry": { "type": "Polygon", "coordinates": [ [ [ 44.805507, 41.694498 ], [ 44.805468, 41.694555 ], [ 44.805434, 41.694609 ], [ 44.80547, 41.694622 ], [ 44.805461, 41.694636 ], [ 44.805489, 41.694646 ], [ 44.805537, 41.694658 ], [ 44.805569, 41.694616 ], [ 44.805582, 41.694589 ], [ 44.805521, 41.694568 ], [ 44.805555, 41.694514 ], [ 44.805507, 41.694498 ] ] ] } },
{ "type": "Feature", "properties": { "building": "retail", "height": null, "building:levels": null }, "geometry": { "type": "Polygon", "coordinates": [ [ [ 44.805339, 41.693228 ], [ 44.805418, 41.693268 ], [ 44.805464, 41.693217 ], [ 44.805385, 41.693177 ], [ 44.805339, 41.693228 ] ] ] } },
{ "type": "Feature", "properties": { "building": "retail", "height": null, "building:levels": null }, "geometry": { "type": "Polygon", "coordinates": [ [ [ 44.805486, 41.693322 ], [ 44.80553, 41.693267 ], [ 44.805475, 41.693243 ], [ 44.805431, 41.693298 ], [ 44.805486, 41.693322 ] ] ] } },
{ "type": "Feature", "properties": { "building": "yes", "height": null, "building:levels": null }, "geometry": { "type": "Polygon", "coordinates": [ [ [ 44.806126, 41.69458 ], [ 44.806238, 41.694591 ], [ 44.806251, 41.694511 ], [ 44.806139, 41.694501 ], [ 44.806126, 41.69458 ] ] ] } },
{ "type": "Feature", "properties": { "building": "retail", "height": null, "building:levels": null }, "geometry": { "type": "Polygon", "coordinates": [ [ [ 44.806237, 41.692051 ], [ 44.806219, 41.692074 ], [ 44.806236, 41.692082 ], [ 44.806216, 41.692107 ], [ 44.806268, 41.69213 ], [ 44.806306, 41.692081 ], [ 44.806237, 41.692051 ] ] ] } },
{ "type": "Feature", "properties": { "building": "construction", "height": null, "building:levels": "7" }, "geometry": { "type": "Polygon", "coordinates": [ [ [ 44.805966, 41.692501 ], [ 44.806094, 41.692358 ], [ 44.806008, 41.692308 ], [ 44.806038, 41.692276 ], [ 44.806114, 41.692187 ], [ 44.805932, 41.692097 ], [ 44.80592, 41.692094 ], [ 44.805903, 41.692087 ], [ 44.805851, 41.692124 ], [ 44.805791, 41.692087 ], [ 44.805754, 41.692125 ], [ 44.805994, 41.692242 ], [ 44.805947, 41.69229 ], [ 44.805609, 41.692117 ], [ 44.805514, 41.692272 ], [ 44.805966, 41.692501 ] ] ] } },
{ "type": "Feature", "properties": { "building": "yes", "height": null, "building:levels": null }, "geometry": { "type": "Polygon", "coordinates": [ [ [ 44.807459, 41.691699 ], [ 44.807526, 41.691721 ], [ 44.807519, 41.691733 ], [ 44.807564, 41.691749 ], [ 44.807633, 41.691628 ], [ 44.807521, 41.691592 ], [ 44.807459, 41.691699 ] ] ] } },
{ "type": "Feature", "properties": { "building": "service", "height": null, "building:levels": "1" }, "geometry": { "type": "Polygon", "coordinates": [ [ [ 44.803173, 41.693502 ], [ 44.803159, 41.693548 ], [ 44.803257, 41.693565 ], [ 44.803271, 41.693518 ], [ 44.803173, 41.693502 ] ] ] } },
{ "type": "Feature", "properties": { "building": "apartments", "height": null, "building:levels": "2" }, "geometry": { "type": "Polygon", "coordinates": [ [ [ 44.804035, 41.694913 ], [ 44.804053, 41.694872 ], [ 44.803948, 41.694845 ], [ 44.803917, 41.694837 ], [ 44.803895, 41.694877 ], [ 44.804035, 41.694913 ] ] ] } },
{ "type": "Feature", "properties": { "building": "commercial", "height": null, "building:levels": "3" }, "geometry": { "type": "Polygon", "coordinates": [ [ [ 44.812404, 41.69211 ], [ 44.812371, 41.692182 ], [ 44.812353, 41.692181 ], [ 44.812332, 41.692189 ], [ 44.81231, 41.692174 ], [ 44.812324, 41.692146 ], [ 44.812237, 41.692122 ], [ 44.812148, 41.69208 ], [ 44.812175, 41.692029 ], [ 44.812404, 41.69211 ] ] ] } },
{ "type": "Feature", "properties": { "building": "retail", "height": null, "building:levels": "1" }, "geometry": { "type": "Polygon", "coordinates": [ [ [ 44.810181, 41.689186 ], [ 44.810136, 41.689112 ], [ 44.81025, 41.689071 ], [ 44.810297, 41.689149 ], [ 44.810181, 41.689186 ] ] ] } },
{ "type": "Feature", "properties": { "building": "roof", "height": null, "building:levels": null }, "geometry": { "type": "Polygon", "coordinates": [ [ [ 44.809072, 41.68947 ], [ 44.809087, 41.689481 ], [ 44.809111, 41.689464 ], [ 44.809134, 41.689447 ], [ 44.809119, 41.689435 ], [ 44.809094, 41.689453 ], [ 44.809072, 41.68947 ] ] ] } },
{ "type": "Feature", "properties": { "building": "retail", "height": null, "building:levels": "1" }, "geometry": { "type": "Polygon", "coordinates": [ [ [ 44.809013, 41.689535 ], [ 44.809087, 41.689481 ], [ 44.809072, 41.68947 ], [ 44.809044, 41.689449 ], [ 44.808971, 41.689503 ], [ 44.809013, 41.689535 ] ] ] } },
{ "type": "Feature", "properties": { "building": "retail", "height": null, "building:levels": "1" }, "geometry": { "type": "Polygon", "coordinates": [ [ [ 44.809134, 41.689447 ], [ 44.80926, 41.689355 ], [ 44.809217, 41.689323 ], [ 44.809091, 41.689414 ], [ 44.809119, 41.689435 ], [ 44.809134, 41.689447 ] ] ] } },
{ "type": "Feature", "properties": { "building": "yes", "height": null, "building:levels": null }, "geometry": { "type": "Polygon", "coordinates": [ [ [ 44.810376, 41.688655 ], [ 44.810371, 41.688617 ], [ 44.810323, 41.688623 ], [ 44.810327, 41.68866 ], [ 44.810376, 41.688655 ] ] ] } },
{ "type": "Feature", "properties": { "building": "yes", "height": null, "building:levels": null }, "geometry": { "type": "Polygon", "coordinates": [ [ [ 44.810382, 41.688695 ], [ 44.810376, 41.688655 ], [ 44.810327, 41.68866 ], [ 44.810334, 41.688704 ], [ 44.810382, 41.688695 ] ] ] } },
{ "type": "Feature", "properties": { "building": "detached", "height": null, "building:levels": "2" }, "geometry": { "type": "Polygon", "coordinates": [ [ [ 44.805926, 41.691827 ], [ 44.805872, 41.6919 ], [ 44.805958, 41.691942 ], [ 44.805986, 41.691952 ], [ 44.80603, 41.691884 ], [ 44.805981, 41.691868 ], [ 44.805992, 41.691849 ], [ 44.805926, 41.691827 ] ] ] } },
{ "type": "Feature", "properties": { "building": "yes", "height": null, "building:levels": null }, "geometry": { "type": "Polygon", "coordinates": [ [ [ 44.808835, 41.688518 ], [ 44.808816, 41.688482 ], [ 44.808897, 41.688455 ], [ 44.808919, 41.688493 ], [ 44.808835, 41.688518 ] ] ] } },
{ "type": "Feature", "properties": { "building": "yes", "height": null, "building:levels": null }, "geometry": { "type": "Polygon", "coordinates": [ [ [ 44.808448, 41.689073 ], [ 44.808352, 41.689101 ], [ 44.808411, 41.689172 ], [ 44.808434, 41.689169 ], [ 44.808451, 41.689181 ], [ 44.808477, 41.68919 ], [ 44.808508, 41.689174 ], [ 44.808448, 41.689073 ] ] ] } },
{ "type": "Feature", "properties": { "building": "roof", "height": null, "building:levels": null }, "geometry": { "type": "Polygon", "coordinates": [ [ [ 44.808996, 41.68901 ], [ 44.808984, 41.688987 ], [ 44.808924, 41.688996 ], [ 44.808939, 41.689025 ], [ 44.808996, 41.68901 ] ] ] } },
{ "type": "Feature", "properties": { "building": "yes", "height": null, "building:levels": "1" }, "geometry": { "type": "Polygon", "coordinates": [ [ [ 44.808511, 41.688655 ], [ 44.808499, 41.688636 ], [ 44.808457, 41.688652 ], [ 44.808469, 41.688671 ], [ 44.808511, 41.688655 ] ] ] } },
{ "type": "Feature", "properties": { "building": "yes", "height": null, "building:levels": null }, "geometry": { "type": "Polygon", "coordinates": [ [ [ 44.807652, 41.688372 ], [ 44.807658, 41.688342 ], [ 44.807696, 41.68834 ], [ 44.807727, 41.688349 ], [ 44.807721, 41.688378 ], [ 44.807652, 41.688372 ] ] ] } },
{ "type": "Feature", "properties": { "building": "yes", "height": null, "building:levels": null }, "geometry": { "type": "Polygon", "coordinates": [ [ [ 44.805554, 41.689 ], [ 44.805625, 41.689026 ], [ 44.805604, 41.689052 ], [ 44.805551, 41.689029 ], [ 44.805554, 41.689 ] ] ] } },
{ "type": "Feature", "properties": { "building": "yes", "height": null, "building:levels": null }, "geometry": { "type": "Polygon", "coordinates": [ [ [ 44.805358, 41.689116 ], [ 44.805354, 41.689068 ], [ 44.80536, 41.689061 ], [ 44.805454, 41.689061 ], [ 44.805462, 41.689105 ], [ 44.805358, 41.689116 ] ] ] } },
{ "type": "Feature", "properties": { "building": "yes", "height": null, "building:levels": null }, "geometry": { "type": "Polygon", "coordinates": [ [ [ 44.805379, 41.689302 ], [ 44.805373, 41.689265 ], [ 44.805439, 41.689259 ], [ 44.805445, 41.689296 ], [ 44.805379, 41.689302 ] ] ] } },
{ "type": "Feature", "properties": { "building": "retail", "height": null, "building:levels": "1" }, "geometry": { "type": "Polygon", "coordinates": [ [ [ 44.807358, 41.689754 ], [ 44.807286, 41.689769 ], [ 44.807263, 41.689713 ], [ 44.807331, 41.689696 ], [ 44.807358, 41.689754 ] ] ] } },
{ "type": "Feature", "properties": { "building": "yes", "height": null, "building:levels": null }, "geometry": { "type": "Polygon", "coordinates": [ [ [ 44.806463, 41.688872 ], [ 44.806455, 41.688829 ], [ 44.806448, 41.688829 ], [ 44.806442, 41.688844 ], [ 44.80638, 41.688842 ], [ 44.806379, 41.688868 ], [ 44.806463, 41.688872 ] ] ] } },
{ "type": "Feature", "properties": { "building": "tower", "height": null, "building:levels": "3" }, "geometry": { "type": "Polygon", "coordinates": [ [ [ 44.807423, 41.691518 ], [ 44.807485, 41.691541 ], [ 44.807454, 41.691587 ], [ 44.807392, 41.691564 ], [ 44.807423, 41.691518 ] ] ] } },
{ "type": "Feature", "properties": { "building": "residential", "height": null, "building:levels": null }, "geometry": { "type": "Polygon", "coordinates": [ [ [ 44.802706, 41.692288 ], [ 44.802675, 41.692199 ], [ 44.802771, 41.692181 ], [ 44.802797, 41.692271 ], [ 44.802706, 41.692288 ] ] ] } },
{ "type": "Feature", "properties": { "building": "tower", "height": "15", "building:levels": null }, "geometry": { "type": "Polygon", "coordinates": [ [ [ 44.808701, 41.687492 ], [ 44.808688, 41.687453 ], [ 44.808743, 41.687443 ], [ 44.808756, 41.687482 ], [ 44.80873, 41.687487 ], [ 44.808701, 41.687492 ] ] ] } },
{ "type": "Feature", "properties": { "building": "tower", "height": "15", "building:levels": null }, "geometry": { "type": "Polygon", "coordinates": [ [ [ 44.808221, 41.687479 ], [ 44.808226, 41.687466 ], [ 44.80824, 41.687428 ], [ 44.80817, 41.687413 ], [ 44.808151, 41.687464 ], [ 44.808221, 41.687479 ] ] ] } },
{ "type": "Feature", "properties": { "building": "roof", "height": null, "building:levels": "1" }, "geometry": { "type": "Polygon", "coordinates": [ [ [ 44.802138, 41.687288 ], [ 44.802162, 41.687287 ], [ 44.802172, 41.687271 ], [ 44.80216, 41.687254 ], [ 44.802132, 41.687256 ], [ 44.802124, 41.687273 ], [ 44.802138, 41.687288 ] ] ] } },
{ "type": "Feature", "properties": { "building": "greenhouse", "height": null, "building:levels": "1" }, "geometry": { "type": "Polygon", "coordinates": [ [ [ 44.808721, 41.686132 ], [ 44.808807, 41.686123 ], [ 44.808824, 41.686218 ], [ 44.808831, 41.686254 ], [ 44.808745, 41.686262 ], [ 44.808721, 41.686132 ] ] ] } },
{ "type": "Feature", "properties": { "building": "yes", "height": null, "building:levels": "1" }, "geometry": { "type": "Polygon", "coordinates": [ [ [ 44.807188, 41.686232 ], [ 44.807161, 41.6862 ], [ 44.807114, 41.686221 ], [ 44.80714, 41.686253 ], [ 44.807188, 41.686232 ] ] ] } },
{ "type": "Feature", "properties": { "building": "greenhouse", "height": null, "building:levels": "1" }, "geometry": { "type": "Polygon", "coordinates": [ [ [ 44.809148, 41.686478 ], [ 44.809194, 41.686474 ], [ 44.809182, 41.686396 ], [ 44.809136, 41.6864 ], [ 44.809148, 41.686478 ] ] ] } },
{ "type": "Feature", "properties": { "building": "yes", "height": null, "building:levels": "1" }, "geometry": { "type": "Polygon", "coordinates": [ [ [ 44.806576, 41.687593 ], [ 44.806628, 41.687609 ], [ 44.806644, 41.687579 ], [ 44.806592, 41.687564 ], [ 44.806576, 41.687593 ] ] ] } },
{ "type": "Feature", "properties": { "building": "shed", "height": null, "building:levels": "1" }, "geometry": { "type": "Polygon", "coordinates": [ [ [ 44.807376, 41.68692 ], [ 44.807376, 41.686879 ], [ 44.80735, 41.686878 ], [ 44.807352, 41.686852 ], [ 44.807242, 41.686847 ], [ 44.807237, 41.686909 ], [ 44.807376, 41.68692 ] ] ] } },
{ "type": "Feature", "properties": { "building": "yes", "height": null, "building:levels": "2" }, "geometry": { "type": "Polygon", "coordinates": [ [ [ 44.809195, 41.687205 ], [ 44.809185, 41.68718 ], [ 44.809167, 41.687184 ], [ 44.809156, 41.687156 ], [ 44.809175, 41.687152 ], [ 44.809157, 41.687108 ], [ 44.809269, 41.687086 ], [ 44.809269, 41.687168 ], [ 44.809205, 41.6872 ], [ 44.809195, 41.687205 ] ] ] } },
{ "type": "Feature", "properties": { "building": "yes", "height": null, "building:levels": "1" }, "geometry": { "type": "Polygon", "coordinates": [ [ [ 44.80969, 41.68624 ], [ 44.809675, 41.686208 ], [ 44.809724, 41.686195 ], [ 44.809739, 41.686227 ], [ 44.80969, 41.68624 ] ] ] } },
{ "type": "Feature", "properties": { "building": "detached", "height": null, "building:levels": null }, "geometry": { "type": "Polygon", "coordinates": [ [ [ 44.810099, 41.687526 ], [ 44.810119, 41.687494 ], [ 44.810138, 41.68749 ], [ 44.810067, 41.687382 ], [ 44.810046, 41.687386 ], [ 44.809964, 41.687403 ], [ 44.809936, 41.687408 ], [ 44.809966, 41.687515 ], [ 44.80999, 41.687515 ], [ 44.810002, 41.687513 ], [ 44.810002, 41.687531 ], [ 44.810048, 41.68753 ], [ 44.810046, 41.687518 ], [ 44.810099, 41.687526 ] ] ] } },
{ "type": "Feature", "properties": { "building": "yes", "height": null, "building:levels": null }, "geometry": { "type": "Polygon", "coordinates": [ [ [ 44.807576, 41.689528 ], [ 44.807596, 41.689554 ], [ 44.807492, 41.689593 ], [ 44.807472, 41.689566 ], [ 44.807576, 41.689528 ] ] ] } },
{ "type": "Feature", "properties": { "building": "yes", "height": null, "building:levels": "1" }, "geometry": { "type": "Polygon", "coordinates": [ [ [ 44.807378, 41.689892 ], [ 44.807391, 41.689975 ], [ 44.807448, 41.68997 ], [ 44.807424, 41.68987 ], [ 44.807373, 41.689861 ], [ 44.807378, 41.689892 ] ] ] } },
{ "type": "Feature", "properties": { "building": "yes", "height": null, "building:levels": "1" }, "geometry": { "type": "Polygon", "coordinates": [ [ [ 44.807358, 41.689893 ], [ 44.807378, 41.689892 ], [ 44.807373, 41.689861 ], [ 44.807424, 41.68987 ], [ 44.807419, 41.689849 ], [ 44.807403, 41.689815 ], [ 44.807293, 41.689836 ], [ 44.807296, 41.689856 ], [ 44.807352, 41.689852 ], [ 44.807358, 41.689893 ] ] ] } },
{ "type": "Feature", "properties": { "building": "yes", "height": null, "building:levels": "1" }, "geometry": { "type": "Polygon", "coordinates": [ [ [ 44.807148, 41.689858 ], [ 44.807205, 41.689859 ], [ 44.807206, 41.68984 ], [ 44.807146, 41.68984 ], [ 44.807148, 41.689858 ] ] ] } },
{ "type": "Feature", "properties": { "building": "yes", "height": null, "building:levels": "2" }, "geometry": { "type": "Polygon", "coordinates": [ [ [ 44.805291, 41.690514 ], [ 44.805369, 41.690534 ], [ 44.805343, 41.690578 ], [ 44.805309, 41.690599 ], [ 44.805293, 41.690619 ], [ 44.805244, 41.690605 ], [ 44.805291, 41.690514 ] ] ] } },
{ "type": "Feature", "properties": { "building": "yes", "height": null, "building:levels": "1" }, "geometry": { "type": "Polygon", "coordinates": [ [ [ 44.811752, 41.687803 ], [ 44.811633, 41.687673 ], [ 44.811687, 41.687641 ], [ 44.81163, 41.687567 ], [ 44.811681, 41.687544 ], [ 44.811915, 41.687721 ], [ 44.811752, 41.687803 ] ] ] } },
{ "type": "Feature", "properties": { "building": "residential", "height": null, "building:levels": "2" }, "geometry": { "type": "Polygon", "coordinates": [ [ [ 44.800011, 41.690133 ], [ 44.800656, 41.690154 ], [ 44.800662, 41.69008 ], [ 44.800498, 41.690077 ], [ 44.800237, 41.690069 ], [ 44.800235, 41.690005 ], [ 44.800263, 41.690004 ], [ 44.800268, 41.689961 ], [ 44.800022, 41.689957 ], [ 44.800013, 41.690103 ], [ 44.800011, 41.690133 ] ] ] } },
{ "type": "Feature", "properties": { "building": "residential", "height": null, "building:levels": "2" }, "geometry": { "type": "Polygon", "coordinates": [ [ [ 44.800562, 41.690434 ], [ 44.800559, 41.69053 ], [ 44.799986, 41.690518 ], [ 44.79998, 41.690518 ], [ 44.800004, 41.690133 ], [ 44.800011, 41.690133 ], [ 44.800656, 41.690154 ], [ 44.800651, 41.690226 ], [ 44.800643, 41.690225 ], [ 44.800641, 41.690252 ], [ 44.800637, 41.690336 ], [ 44.800571, 41.690334 ], [ 44.800568, 41.690366 ], [ 44.800515, 41.690364 ], [ 44.800526, 41.690221 ], [ 44.80021, 41.690209 ], [ 44.800202, 41.690462 ], [ 44.800444, 41.690466 ], [ 44.800448, 41.690434 ], [ 44.800562, 41.690434 ] ] ] } },
{ "type": "Feature", "properties": { "building": "residential", "height": null, "building:levels": "2" }, "geometry": { "type": "Polygon", "coordinates": [ [ [ 44.801335, 41.690378 ], [ 44.801575, 41.690419 ], [ 44.801665, 41.690437 ], [ 44.801668, 41.690321 ], [ 44.801555, 41.690314 ], [ 44.80156, 41.690251 ], [ 44.801562, 41.690218 ], [ 44.801345, 41.690192 ], [ 44.801343, 41.690228 ], [ 44.801342, 41.690247 ], [ 44.801338, 41.690323 ], [ 44.801337, 41.690342 ], [ 44.801335, 41.690378 ] ] ] } },
{ "type": "Feature", "properties": { "building": "residential", "height": null, "building:levels": "3" }, "geometry": { "type": "Polygon", "coordinates": [ [ [ 44.800399, 41.691714 ], [ 44.800623, 41.691734 ], [ 44.800598, 41.691904 ], [ 44.80071, 41.691914 ], [ 44.800874, 41.691932 ], [ 44.800909, 41.691934 ], [ 44.80111, 41.691954 ], [ 44.801098, 41.692104 ], [ 44.801084, 41.692274 ], [ 44.801082, 41.692301 ], [ 44.801072, 41.692422 ], [ 44.801071, 41.692442 ], [ 44.801059, 41.692588 ], [ 44.800843, 41.69254 ], [ 44.800833, 41.692537 ], [ 44.800711, 41.69251 ], [ 44.80058, 41.692478 ], [ 44.80054, 41.692467 ], [ 44.800471, 41.692451 ], [ 44.800486, 41.69208 ], [ 44.800668, 41.692088 ], [ 44.80065, 41.692406 ], [ 44.80083, 41.692449 ], [ 44.800845, 41.692259 ], [ 44.800865, 41.692018 ], [ 44.800521, 41.691984 ], [ 44.800486, 41.691946 ], [ 44.800507, 41.691811 ], [ 44.800416, 41.691801 ], [ 44.800399, 41.691714 ] ] ] } },
{ "type": "Feature", "properties": { "building": "apartments", "height": null, "building:levels": "3" }, "geometry": { "type": "Polygon", "coordinates": [ [ [ 44.802279, 41.692587 ], [ 44.802078, 41.69258 ], [ 44.802077, 41.692494 ], [ 44.802265, 41.692507 ], [ 44.802467, 41.69254 ], [ 44.802457, 41.69259 ], [ 44.802271, 41.692556 ], [ 44.802279, 41.692587 ] ] ] } },
{ "type": "Feature", "properties": { "building": "guardhouse", "height": null, "building:levels": null }, "geometry": { "type": "Polygon", "coordinates": [ [ [ 44.808786, 41.686468 ], [ 44.808801, 41.686454 ], [ 44.808818, 41.686464 ], [ 44.808802, 41.686478 ], [ 44.808786, 41.686468 ] ] ] } },
{ "type": "Feature", "properties": { "building": "yes", "height": null, "building:levels": null }, "geometry": { "type": "Polygon", "coordinates": [ [ [ 44.805604, 41.688674 ], [ 44.805609, 41.688627 ], [ 44.805674, 41.688625 ], [ 44.805814, 41.688578 ], [ 44.805845, 41.68864 ], [ 44.805706, 41.688682 ], [ 44.805695, 41.688672 ], [ 44.805604, 41.688674 ] ] ] } },
{ "type": "Feature", "properties": { "building": "apartments", "height": null, "building:levels": "3" }, "geometry": { "type": "Polygon", "coordinates": [ [ [ 44.806343, 41.689573 ], [ 44.806381, 41.689657 ], [ 44.806395, 41.689653 ], [ 44.806426, 41.689723 ], [ 44.806443, 41.689719 ], [ 44.806454, 41.689743 ], [ 44.806495, 41.689733 ], [ 44.806487, 41.689716 ], [ 44.806593, 41.689689 ], [ 44.806658, 41.68983 ], [ 44.806669, 41.689826 ], [ 44.806677, 41.689844 ], [ 44.806762, 41.689823 ], [ 44.806753, 41.689803 ], [ 44.806781, 41.689796 ], [ 44.806748, 41.689721 ], [ 44.806758, 41.689719 ], [ 44.806753, 41.689706 ], [ 44.806779, 41.6897 ], [ 44.806762, 41.68966 ], [ 44.806745, 41.689664 ], [ 44.806726, 41.689623 ], [ 44.806612, 41.689651 ], [ 44.806607, 41.689641 ], [ 44.80658, 41.689648 ], [ 44.806525, 41.689526 ], [ 44.806343, 41.689573 ] ] ] } },
{ "type": "Feature", "properties": { "building": "detached", "height": null, "building:levels": "1" }, "geometry": { "type": "Polygon", "coordinates": [ [ [ 44.8068, 41.689719 ], [ 44.806766, 41.689649 ], [ 44.806834, 41.689631 ], [ 44.806845, 41.689654 ], [ 44.806931, 41.68963 ], [ 44.806998, 41.689767 ], [ 44.806977, 41.689767 ], [ 44.806894, 41.689766 ], [ 44.806837, 41.689781 ], [ 44.806822, 41.68975 ], [ 44.806881, 41.689734 ], [ 44.806865, 41.689701 ], [ 44.8068, 41.689719 ] ] ] } },
{ "type": "Feature", "properties": { "building": "yes", "height": null, "building:levels": null }, "geometry": { "type": "Polygon", "coordinates": [ [ [ 44.810067, 41.692635 ], [ 44.810161, 41.692644 ], [ 44.810167, 41.692606 ], [ 44.810074, 41.692597 ], [ 44.810067, 41.692635 ] ] ] } },
{ "type": "Feature", "properties": { "building": "yes", "height": null, "building:levels": null }, "geometry": { "type": "Polygon", "coordinates": [ [ [ 44.811456, 41.692211 ], [ 44.811463, 41.692181 ], [ 44.811435, 41.692177 ], [ 44.811428, 41.692207 ], [ 44.811456, 41.692211 ] ] ] } },
{ "type": "Feature", "properties": { "building": "yes", "height": null, "building:levels": null }, "geometry": { "type": "Polygon", "coordinates": [ [ [ 44.811469, 41.692134 ], [ 44.811471, 41.692115 ], [ 44.811451, 41.692114 ], [ 44.811449, 41.692132 ], [ 44.811469, 41.692134 ] ] ] } },
{ "type": "Feature", "properties": { "building": "retail", "height": null, "building:levels": null }, "geometry": { "type": "Polygon", "coordinates": [ [ [ 44.81034, 41.692824 ], [ 44.81046, 41.69285 ], [ 44.810477, 41.692804 ], [ 44.810358, 41.692778 ], [ 44.81034, 41.692824 ] ] ] } },
{ "type": "Feature", "properties": { "building": "retail", "height": null, "building:levels": null }, "geometry": { "type": "Polygon", "coordinates": [ [ [ 44.81102, 41.692746 ], [ 44.811106, 41.692755 ], [ 44.811112, 41.692723 ], [ 44.811027, 41.692713 ], [ 44.81102, 41.692746 ] ] ] } },
{ "type": "Feature", "properties": { "building": "yes", "height": null, "building:levels": null }, "geometry": { "type": "Polygon", "coordinates": [ [ [ 44.800619, 41.68987 ], [ 44.80062, 41.689848 ], [ 44.800621, 41.68983 ], [ 44.800679, 41.689832 ], [ 44.800677, 41.689872 ], [ 44.800619, 41.68987 ] ] ] } },
{ "type": "Feature", "properties": { "building": "guardhouse", "height": null, "building:levels": "1" }, "geometry": { "type": "Polygon", "coordinates": [ [ [ 44.809663, 41.69489 ], [ 44.809744, 41.694782 ], [ 44.80964, 41.694739 ], [ 44.809602, 41.694862 ], [ 44.809663, 41.69489 ] ] ] } },
{ "type": "Feature", "properties": { "building": "apartments", "height": null, "building:levels": "2" }, "geometry": { "type": "Polygon", "coordinates": [ [ [ 44.802593, 41.689877 ], [ 44.802588, 41.689924 ], [ 44.802478, 41.689918 ], [ 44.802462, 41.690076 ], [ 44.802419, 41.690073 ], [ 44.802264, 41.690064 ], [ 44.802284, 41.689858 ], [ 44.802433, 41.689867 ], [ 44.80244, 41.689868 ], [ 44.802593, 41.689877 ] ] ] } },
{ "type": "Feature", "properties": { "building": "apartments", "height": null, "building:levels": null }, "geometry": { "type": "Polygon", "coordinates": [ [ [ 44.804551, 41.689882 ], [ 44.804581, 41.68988 ], [ 44.804582, 41.689899 ], [ 44.804644, 41.689897 ], [ 44.804644, 41.689878 ], [ 44.804686, 41.689879 ], [ 44.804689, 41.689815 ], [ 44.804682, 41.689729 ], [ 44.804633, 41.689731 ], [ 44.804633, 41.689745 ], [ 44.80449, 41.689751 ], [ 44.804495, 41.689819 ], [ 44.804535, 41.689819 ], [ 44.804538, 41.689855 ], [ 44.804548, 41.689855 ], [ 44.804551, 41.689882 ] ] ] } },
{ "type": "Feature", "properties": { "building": "yes", "height": null, "building:levels": null }, "geometry": { "type": "Polygon", "coordinates": [ [ [ 44.804395, 41.689821 ], [ 44.804495, 41.689819 ], [ 44.80449, 41.689751 ], [ 44.804489, 41.689717 ], [ 44.804483, 41.689676 ], [ 44.804411, 41.689673 ], [ 44.804395, 41.689821 ] ] ] } },
{ "type": "Feature", "properties": { "building": "terrace", "height": null, "building:levels": null }, "geometry": { "type": "Polygon", "coordinates": [ [ [ 44.804768, 41.689581 ], [ 44.804744, 41.68947 ], [ 44.804681, 41.689481 ], [ 44.80472, 41.689586 ], [ 44.804768, 41.689581 ] ] ] } },
{ "type": "Feature", "properties": { "building": "yes", "height": null, "building:levels": null }, "geometry": { "type": "Polygon", "coordinates": [ [ [ 44.804499, 41.689471 ], [ 44.804508, 41.689511 ], [ 44.804658, 41.689485 ], [ 44.804647, 41.689452 ], [ 44.804499, 41.689471 ] ] ] } },
{ "type": "Feature", "properties": { "building": "yes", "height": null, "building:levels": null }, "geometry": { "type": "Polygon", "coordinates": [ [ [ 44.807961, 41.688889 ], [ 44.807992, 41.688963 ], [ 44.808037, 41.688952 ], [ 44.808036, 41.68893 ], [ 44.808106, 41.688909 ], [ 44.808076, 41.688871 ], [ 44.808017, 41.68888 ], [ 44.807961, 41.688889 ] ] ] } },
{ "type": "Feature", "properties": { "building": "detached", "height": null, "building:levels": null }, "geometry": { "type": "Polygon", "coordinates": [ [ [ 44.807712, 41.688513 ], [ 44.807642, 41.688494 ], [ 44.807664, 41.68842 ], [ 44.807734, 41.688438 ], [ 44.807712, 41.688513 ] ] ] } },
{ "type": "Feature", "properties": { "building": "commercial", "height": null, "building:levels": "5" }, "geometry": { "type": "Polygon", "coordinates": [ [ [ 44.802217, 41.693577 ], [ 44.8022, 41.693506 ], [ 44.802184, 41.693443 ], [ 44.802388, 41.693415 ], [ 44.802401, 41.693458 ], [ 44.802482, 41.693444 ], [ 44.802492, 41.693419 ], [ 44.802529, 41.693402 ], [ 44.802521, 41.693371 ], [ 44.802753, 41.693346 ], [ 44.802791, 41.693266 ], [ 44.8028, 41.693242 ], [ 44.803077, 41.693271 ], [ 44.803011, 41.693499 ], [ 44.802796, 41.693516 ], [ 44.802719, 41.693522 ], [ 44.8025, 41.693547 ], [ 44.80244, 41.693553 ], [ 44.80226, 41.693573 ], [ 44.802217, 41.693577 ] ] ] } },
{ "type": "Feature", "properties": { "building": "detached", "height": null, "building:levels": null }, "geometry": { "type": "Polygon", "coordinates": [ [ [ 44.812404, 41.686579 ], [ 44.812392, 41.686546 ], [ 44.812369, 41.686482 ], [ 44.81225, 41.686506 ], [ 44.812243, 41.686512 ], [ 44.812298, 41.68655 ], [ 44.81231, 41.686598 ], [ 44.812404, 41.686579 ] ] ] } },
{ "type": "Feature", "properties": { "building": "detached", "height": null, "building:levels": null }, "geometry": { "type": "Polygon", "coordinates": [ [ [ 44.812015, 41.686189 ], [ 44.812003, 41.686166 ], [ 44.812036, 41.686148 ], [ 44.811999, 41.686105 ], [ 44.812061, 41.686071 ], [ 44.812145, 41.686124 ], [ 44.812078, 41.686158 ], [ 44.812015, 41.686189 ] ] ] } },
{ "type": "Feature", "properties": { "building": "yes", "height": null, "building:levels": null }, "geometry": { "type": "Polygon", "coordinates": [ [ [ 44.812078, 41.686158 ], [ 44.812127, 41.686218 ], [ 44.81211, 41.686227 ], [ 44.812139, 41.686259 ], [ 44.812226, 41.686216 ], [ 44.812145, 41.686124 ], [ 44.812078, 41.686158 ] ] ] } },
{ "type": "Feature", "properties": { "building": "construction", "height": null, "building:levels": null }, "geometry": { "type": "Polygon", "coordinates": [ [ [ 44.811926, 41.687165 ], [ 44.811923, 41.687173 ], [ 44.811937, 41.687176 ], [ 44.812068, 41.687203 ], [ 44.812099, 41.687119 ], [ 44.811954, 41.687089 ], [ 44.811948, 41.687105 ], [ 44.811926, 41.687165 ] ] ] } },
{ "type": "Feature", "properties": { "building": "detached", "height": null, "building:levels": "1" }, "geometry": { "type": "Polygon", "coordinates": [ [ [ 44.812322, 41.687512 ], [ 44.812202, 41.687585 ], [ 44.812288, 41.687656 ], [ 44.812387, 41.687592 ], [ 44.812322, 41.687512 ] ] ] } },
{ "type": "Feature", "properties": { "building": "detached", "height": null, "building:levels": "3" }, "geometry": { "type": "Polygon", "coordinates": [ [ [ 44.810197, 41.687449 ], [ 44.810202, 41.687475 ], [ 44.810235, 41.687563 ], [ 44.810276, 41.687552 ], [ 44.810287, 41.687538 ], [ 44.810286, 41.687444 ], [ 44.810267, 41.687445 ], [ 44.810197, 41.687449 ] ] ] } },
{ "type": "Feature", "properties": { "building": "detached", "height": null, "building:levels": "4" }, "geometry": { "type": "Polygon", "coordinates": [ [ [ 44.809767, 41.687043 ], [ 44.809528, 41.687055 ], [ 44.809518, 41.686926 ], [ 44.809723, 41.686907 ], [ 44.809751, 41.687024 ], [ 44.809767, 41.687028 ], [ 44.809767, 41.687043 ] ] ] } },
{ "type": "Feature", "properties": { "building": "yes", "height": null, "building:levels": null }, "geometry": { "type": "Polygon", "coordinates": [ [ [ 44.807503, 41.688475 ], [ 44.807497, 41.688499 ], [ 44.807618, 41.688515 ], [ 44.807623, 41.68849 ], [ 44.807503, 41.688475 ] ] ] } },
{ "type": "Feature", "properties": { "building": "yes", "height": null, "building:levels": null }, "geometry": { "type": "Polygon", "coordinates": [ [ [ 44.812097, 41.694705 ], [ 44.812062, 41.694668 ], [ 44.812041, 41.694658 ], [ 44.812016, 41.694724 ], [ 44.81209, 41.694743 ], [ 44.812097, 41.694705 ] ] ] } },
{ "type": "Feature", "properties": { "building": "yes", "height": null, "building:levels": null }, "geometry": { "type": "Polygon", "coordinates": [ [ [ 44.811603, 41.694896 ], [ 44.811577, 41.694946 ], [ 44.811707, 41.694983 ], [ 44.811731, 41.694937 ], [ 44.811603, 41.694896 ] ] ] } },
{ "type": "Feature", "properties": { "building": "yes", "height": null, "building:levels": null }, "geometry": { "type": "Polygon", "coordinates": [ [ [ 44.812283, 41.694735 ], [ 44.812273, 41.694671 ], [ 44.812313, 41.694665 ], [ 44.812288, 41.69456 ], [ 44.812173, 41.694569 ], [ 44.812214, 41.694743 ], [ 44.812259, 41.694738 ], [ 44.812283, 41.694735 ] ] ] } },
{ "type": "Feature", "properties": { "building": "yes", "height": null, "building:levels": "9" }, "geometry": { "type": "Polygon", "coordinates": [ [ [ 44.800698, 41.6893 ], [ 44.800505, 41.689305 ], [ 44.800498, 41.689375 ], [ 44.800493, 41.689506 ], [ 44.800515, 41.689522 ], [ 44.800692, 41.689525 ], [ 44.800698, 41.6893 ] ] ] } },
{ "type": "Feature", "properties": { "building": "construction", "height": null, "building:levels": "5" }, "geometry": { "type": "Polygon", "coordinates": [ [ [ 44.802968, 41.689482 ], [ 44.803214, 41.689492 ], [ 44.803235, 41.68917 ], [ 44.802989, 41.689161 ], [ 44.802968, 41.689482 ] ] ] } },
{ "type": "Feature", "properties": { "building": "yes", "height": null, "building:levels": null }, "geometry": { "type": "Polygon", "coordinates": [ [ [ 44.80903, 41.687303 ], [ 44.808933, 41.687344 ], [ 44.808939, 41.687353 ], [ 44.808959, 41.687377 ], [ 44.809055, 41.687336 ], [ 44.80903, 41.687303 ] ] ] } },
{ "type": "Feature", "properties": { "building": "yes", "height": null, "building:levels": null }, "geometry": { "type": "Polygon", "coordinates": [ [ [ 44.808882, 41.687345 ], [ 44.808847, 41.687358 ], [ 44.808862, 41.687381 ], [ 44.808939, 41.687353 ], [ 44.808933, 41.687344 ], [ 44.808924, 41.68733 ], [ 44.808882, 41.687345 ] ] ] } },
{ "type": "Feature", "properties": { "building": "service", "height": null, "building:levels": null }, "geometry": { "type": "Polygon", "coordinates": [ [ [ 44.806264, 41.690829 ], [ 44.806272, 41.69074 ], [ 44.806325, 41.690742 ], [ 44.806353, 41.690744 ], [ 44.806346, 41.690833 ], [ 44.806264, 41.690829 ] ] ] } },
{ "type": "Feature", "properties": { "building": "house", "height": null, "building:levels": "2" }, "geometry": { "type": "Polygon", "coordinates": [ [ [ 44.805031, 41.69077 ], [ 44.805055, 41.690735 ], [ 44.805039, 41.69073 ], [ 44.805079, 41.690665 ], [ 44.805232, 41.690713 ], [ 44.805184, 41.690791 ], [ 44.805092, 41.690761 ], [ 44.805073, 41.690787 ], [ 44.805031, 41.69077 ] ] ] } },
{ "type": "Feature", "properties": { "building": "yes", "height": null, "building:levels": null }, "geometry": { "type": "Polygon", "coordinates": [ [ [ 44.805807, 41.691101 ], [ 44.805874, 41.69109 ], [ 44.805889, 41.691063 ], [ 44.805981, 41.691086 ], [ 44.805957, 41.691148 ], [ 44.805788, 41.691159 ], [ 44.805807, 41.691101 ] ] ] } },
{ "type": "Feature", "properties": { "building": "apartments", "height": null, "building:levels": "2" }, "geometry": { "type": "Polygon", "coordinates": [ [ [ 44.805254, 41.691316 ], [ 44.805247, 41.691434 ], [ 44.805246, 41.69146 ], [ 44.805325, 41.691461 ], [ 44.805345, 41.691348 ], [ 44.805254, 41.691316 ] ] ] } },
{ "type": "Feature", "properties": { "building": "yes", "height": null, "building:levels": null }, "geometry": { "type": "Polygon", "coordinates": [ [ [ 44.806108, 41.691472 ], [ 44.806125, 41.691425 ], [ 44.8062, 41.691434 ], [ 44.806232, 41.691458 ], [ 44.806246, 41.691508 ], [ 44.806208, 41.69159 ], [ 44.806105, 41.691566 ], [ 44.806141, 41.691479 ], [ 44.806108, 41.691472 ] ] ] } },
{ "type": "Feature", "properties": { "building": "yes", "height": null, "building:levels": "3" }, "geometry": { "type": "Polygon", "coordinates": [ [ [ 44.805233, 41.692459 ], [ 44.805341, 41.692473 ], [ 44.805313, 41.692594 ], [ 44.805204, 41.69258 ], [ 44.805212, 41.692548 ], [ 44.805233, 41.692459 ] ] ] } },
{ "type": "Feature", "properties": { "building": "yes", "height": null, "building:levels": "2" }, "geometry": { "type": "Polygon", "coordinates": [ [ [ 44.805728, 41.692468 ], [ 44.805636, 41.692412 ], [ 44.805558, 41.692483 ], [ 44.805521, 41.692517 ], [ 44.805613, 41.692573 ], [ 44.805728, 41.692468 ] ] ] } },
{ "type": "Feature", "properties": { "building": "yes", "height": null, "building:levels": "2" }, "geometry": { "type": "Polygon", "coordinates": [ [ [ 44.805636, 41.692412 ], [ 44.805537, 41.692358 ], [ 44.805467, 41.692319 ], [ 44.805359, 41.692427 ], [ 44.805448, 41.692475 ], [ 44.8055, 41.692424 ], [ 44.805518, 41.692433 ], [ 44.805503, 41.692448 ], [ 44.805558, 41.692483 ], [ 44.805636, 41.692412 ] ] ] } },
{ "type": "Feature", "properties": { "building": "yes", "height": null, "building:levels": "2" }, "geometry": { "type": "Polygon", "coordinates": [ [ [ 44.805363, 41.692337 ], [ 44.80541, 41.692281 ], [ 44.805304, 41.692241 ], [ 44.805273, 41.692291 ], [ 44.805265, 41.69231 ], [ 44.805363, 41.692337 ] ] ] } },
{ "type": "Feature", "properties": { "building": "yes", "height": null, "building:levels": "3" }, "geometry": { "type": "Polygon", "coordinates": [ [ [ 44.803309, 41.691468 ], [ 44.803297, 41.691527 ], [ 44.803434, 41.691543 ], [ 44.803446, 41.691485 ], [ 44.803309, 41.691468 ] ] ] } },
{ "type": "Feature", "properties": { "building": "yes", "height": null, "building:levels": null }, "geometry": { "type": "Polygon", "coordinates": [ [ [ 44.805734, 41.694997 ], [ 44.805856, 41.695025 ], [ 44.805818, 41.695123 ], [ 44.805759, 41.695104 ], [ 44.805734, 41.694997 ] ] ] } },
{ "type": "Feature", "properties": { "building": "yes", "height": null, "building:levels": "2" }, "geometry": { "type": "Polygon", "coordinates": [ [ [ 44.806674, 41.692096 ], [ 44.806669, 41.692014 ], [ 44.806588, 41.692005 ], [ 44.806519, 41.692114 ], [ 44.806534, 41.69212 ], [ 44.806552, 41.692127 ], [ 44.806569, 41.692094 ], [ 44.806605, 41.692098 ], [ 44.806674, 41.692096 ] ] ] } },
{ "type": "Feature", "properties": { "building": "retail", "height": null, "building:levels": "1" }, "geometry": { "type": "Polygon", "coordinates": [ [ [ 44.806719, 41.691429 ], [ 44.806774, 41.691438 ], [ 44.806798, 41.691353 ], [ 44.806743, 41.691344 ], [ 44.806719, 41.691429 ] ] ] } },
{ "type": "Feature", "properties": { "building": "yes", "height": null, "building:levels": "2" }, "geometry": { "type": "Polygon", "coordinates": [ [ [ 44.806516, 41.693482 ], [ 44.806503, 41.693512 ], [ 44.806497, 41.693518 ], [ 44.806489, 41.69352 ], [ 44.806479, 41.69352 ], [ 44.806323, 41.693476 ], [ 44.806348, 41.693435 ], [ 44.806516, 41.693482 ] ] ] } },
{ "type": "Feature", "properties": { "building": "yes", "height": null, "building:levels": null }, "geometry": { "type": "Polygon", "coordinates": [ [ [ 44.806068, 41.693163 ], [ 44.806121, 41.693134 ], [ 44.806073, 41.693086 ], [ 44.806021, 41.693116 ], [ 44.806068, 41.693163 ] ] ] } },
{ "type": "Feature", "properties": { "building": "yes", "height": null, "building:levels": "5" }, "geometry": { "type": "Polygon", "coordinates": [ [ [ 44.806651, 41.692887 ], [ 44.80668, 41.692889 ], [ 44.806679, 41.692916 ], [ 44.806702, 41.692923 ], [ 44.806757, 41.69292 ], [ 44.806748, 41.692833 ], [ 44.80665, 41.692834 ], [ 44.806651, 41.692887 ] ] ] } },
{ "type": "Feature", "properties": { "building": "yes", "height": null, "building:levels": null }, "geometry": { "type": "Polygon", "coordinates": [ [ [ 44.806379, 41.692764 ], [ 44.806346, 41.692753 ], [ 44.806322, 41.69279 ], [ 44.806317, 41.692796 ], [ 44.806332, 41.692803 ], [ 44.806322, 41.692813 ], [ 44.806435, 41.692884 ], [ 44.806459, 41.692852 ], [ 44.806521, 41.692876 ], [ 44.806651, 41.692887 ], [ 44.80665, 41.692834 ], [ 44.806649, 41.692824 ], [ 44.806598, 41.692822 ], [ 44.806517, 41.692817 ], [ 44.80642, 41.69278 ], [ 44.80643, 41.692763 ], [ 44.806388, 41.692748 ], [ 44.806379, 41.692764 ] ] ] } },
{ "type": "Feature", "properties": { "building": "yes", "height": null, "building:levels": "2" }, "geometry": { "type": "Polygon", "coordinates": [ [ [ 44.806748, 41.692833 ], [ 44.806745, 41.692805 ], [ 44.806641, 41.692809 ], [ 44.806639, 41.692788 ], [ 44.806596, 41.69279 ], [ 44.806598, 41.692822 ], [ 44.806649, 41.692824 ], [ 44.80665, 41.692834 ], [ 44.806748, 41.692833 ] ] ] } },
{ "type": "Feature", "properties": { "building": "shed", "height": null, "building:levels": null }, "geometry": { "type": "Polygon", "coordinates": [ [ [ 44.809998, 41.687077 ], [ 44.809979, 41.687038 ], [ 44.810009, 41.687028 ], [ 44.810001, 41.687011 ], [ 44.810041, 41.686997 ], [ 44.810061, 41.687047 ], [ 44.810065, 41.687055 ], [ 44.809998, 41.687077 ] ] ] } },
{ "type": "Feature", "properties": { "building": "yes", "height": null, "building:levels": null }, "geometry": { "type": "Polygon", "coordinates": [ [ [ 44.81, 41.686883 ], [ 44.809994, 41.68688 ], [ 44.810024, 41.686833 ], [ 44.810093, 41.686858 ], [ 44.810089, 41.686866 ], [ 44.810054, 41.686882 ], [ 44.810046, 41.6869 ], [ 44.810038, 41.686897 ], [ 44.81, 41.686883 ] ] ] } },
{ "type": "Feature", "properties": { "building": "detached", "height": null, "building:levels": null }, "geometry": { "type": "Polygon", "coordinates": [ [ [ 44.810181, 41.687928 ], [ 44.810143, 41.68785 ], [ 44.81016, 41.687846 ], [ 44.810259, 41.68783 ], [ 44.810291, 41.687823 ], [ 44.810298, 41.687911 ], [ 44.810227, 41.687929 ], [ 44.810234, 41.687941 ], [ 44.810193, 41.687953 ], [ 44.810181, 41.687928 ] ] ] } },
{ "type": "Feature", "properties": { "building": "commercial", "height": null, "building:levels": "2" }, "geometry": { "type": "Polygon", "coordinates": [ [ [ 44.811094, 41.687497 ], [ 44.811118, 41.687362 ], [ 44.811071, 41.687353 ], [ 44.811069, 41.687366 ], [ 44.811029, 41.687362 ], [ 44.811002, 41.687454 ], [ 44.810994, 41.687495 ], [ 44.811094, 41.687497 ] ] ] } },
{ "type": "Feature", "properties": { "building": "yes", "height": null, "building:levels": "1" }, "geometry": { "type": "Polygon", "coordinates": [ [ [ 44.810365, 41.688598 ], [ 44.810355, 41.688516 ], [ 44.810291, 41.688519 ], [ 44.81026, 41.688438 ], [ 44.810196, 41.688439 ], [ 44.81021, 41.688621 ], [ 44.810365, 41.688598 ] ] ] } },
{ "type": "Feature", "properties": { "building": "yes", "height": null, "building:levels": "1" }, "geometry": { "type": "Polygon", "coordinates": [ [ [ 44.810562, 41.687931 ], [ 44.810571, 41.687891 ], [ 44.810622, 41.687897 ], [ 44.81062, 41.687941 ], [ 44.810562, 41.687931 ] ] ] } },
{ "type": "Feature", "properties": { "building": "yes", "height": null, "building:levels": "1" }, "geometry": { "type": "Polygon", "coordinates": [ [ [ 44.807191, 41.689486 ], [ 44.807198, 41.689451 ], [ 44.807271, 41.689454 ], [ 44.807291, 41.689465 ], [ 44.807289, 41.68948 ], [ 44.807288, 41.689494 ], [ 44.807191, 41.689486 ] ] ] } },
{ "type": "Feature", "properties": { "building": "yes", "height": null, "building:levels": null }, "geometry": { "type": "Polygon", "coordinates": [ [ [ 44.804399, 41.690687 ], [ 44.804441, 41.690697 ], [ 44.804421, 41.690735 ], [ 44.804539, 41.690768 ], [ 44.804496, 41.690871 ], [ 44.804573, 41.690887 ], [ 44.804528, 41.690982 ], [ 44.80444, 41.690957 ], [ 44.80445, 41.690936 ], [ 44.80439, 41.690921 ], [ 44.804375, 41.690955 ], [ 44.80428, 41.690932 ], [ 44.80434, 41.690812 ], [ 44.804399, 41.690687 ] ] ] } },
{ "type": "Feature", "properties": { "building": "apartments", "height": null, "building:levels": "2" }, "geometry": { "type": "Polygon", "coordinates": [ [ [ 44.802832, 41.690902 ], [ 44.802763, 41.690893 ], [ 44.802762, 41.690947 ], [ 44.802668, 41.690943 ], [ 44.802698, 41.690777 ], [ 44.802719, 41.690778 ], [ 44.802734, 41.690794 ], [ 44.802853, 41.690814 ], [ 44.802843, 41.690877 ], [ 44.802832, 41.690902 ] ] ] } },
{ "type": "Feature", "properties": { "building": "yes", "height": null, "building:levels": null }, "geometry": { "type": "Polygon", "coordinates": [ [ [ 44.804436, 41.694674 ], [ 44.804488, 41.694689 ], [ 44.804533, 41.694601 ], [ 44.804484, 41.694586 ], [ 44.804436, 41.694674 ] ] ] } },
{ "type": "Feature", "properties": { "building": "yes", "height": null, "building:levels": null }, "geometry": { "type": "Polygon", "coordinates": [ [ [ 44.8054, 41.693773 ], [ 44.805479, 41.693804 ], [ 44.805521, 41.693741 ], [ 44.805565, 41.693664 ], [ 44.805445, 41.693704 ], [ 44.8054, 41.693773 ] ] ] } },
{ "type": "Feature", "properties": { "building": "yes", "height": null, "building:levels": null }, "geometry": { "type": "Polygon", "coordinates": [ [ [ 44.80418, 41.692883 ], [ 44.804198, 41.69289 ], [ 44.804224, 41.692856 ], [ 44.804207, 41.692849 ], [ 44.80418, 41.692883 ] ] ] } },
{ "type": "Feature", "properties": { "building": "yes", "height": null, "building:levels": null }, "geometry": { "type": "Polygon", "coordinates": [ [ [ 44.805107, 41.69256 ], [ 44.805142, 41.692563 ], [ 44.805146, 41.692591 ], [ 44.805141, 41.692622 ], [ 44.80512, 41.692617 ], [ 44.805107, 41.692676 ], [ 44.804957, 41.692648 ], [ 44.80498, 41.692569 ], [ 44.804983, 41.692546 ], [ 44.805107, 41.69256 ] ] ] } },
{ "type": "Feature", "properties": { "building": "yes", "height": null, "building:levels": "1" }, "geometry": { "type": "Polygon", "coordinates": [ [ [ 44.804475, 41.692147 ], [ 44.804521, 41.692155 ], [ 44.804555, 41.692165 ], [ 44.804642, 41.692198 ], [ 44.804609, 41.692235 ], [ 44.804584, 41.692225 ], [ 44.80445, 41.692176 ], [ 44.804475, 41.692147 ] ] ] } },
{ "type": "Feature", "properties": { "building": "yes", "height": null, "building:levels": null }, "geometry": { "type": "Polygon", "coordinates": [ [ [ 44.803956, 41.690594 ], [ 44.804069, 41.69061 ], [ 44.804064, 41.690514 ], [ 44.803937, 41.690494 ], [ 44.803948, 41.690458 ], [ 44.803897, 41.690452 ], [ 44.803774, 41.690538 ], [ 44.803956, 41.690594 ] ] ] } },
{ "type": "Feature", "properties": { "building": "house", "height": null, "building:levels": "3" }, "geometry": { "type": "Polygon", "coordinates": [ [ [ 44.802908, 41.690618 ], [ 44.803055, 41.690661 ], [ 44.803006, 41.690772 ], [ 44.802867, 41.690742 ], [ 44.802902, 41.69063 ], [ 44.802908, 41.690618 ] ] ] } },
{ "type": "Feature", "properties": { "building": "yes", "height": null, "building:levels": "2" }, "geometry": { "type": "Polygon", "coordinates": [ [ [ 44.801271, 41.691581 ], [ 44.801704, 41.691592 ], [ 44.801711, 41.691659 ], [ 44.801667, 41.69166 ], [ 44.801496, 41.691655 ], [ 44.801487, 41.691676 ], [ 44.801484, 41.691685 ], [ 44.801267, 41.691652 ], [ 44.801271, 41.691581 ] ] ] } },
{ "type": "Feature", "properties": { "building": "yes", "height": null, "building:levels": null }, "geometry": { "type": "Polygon", "coordinates": [ [ [ 44.801487, 41.691676 ], [ 44.801644, 41.691687 ], [ 44.801595, 41.691828 ], [ 44.801559, 41.691824 ], [ 44.801495, 41.691814 ], [ 44.801517, 41.691691 ], [ 44.801484, 41.691685 ], [ 44.801487, 41.691676 ] ] ] } },
{ "type": "Feature", "properties": { "building": "yes", "height": null, "building:levels": "3" }, "geometry": { "type": "Polygon", "coordinates": [ [ [ 44.805249, 41.693104 ], [ 44.805317, 41.693143 ], [ 44.805191, 41.693256 ], [ 44.80515, 41.693232 ], [ 44.805127, 41.693219 ], [ 44.805249, 41.693104 ] ] ] } },
{ "type": "Feature", "properties": { "building": "yes", "height": null, "building:levels": "2" }, "geometry": { "type": "Polygon", "coordinates": [ [ [ 44.802654, 41.692627 ], [ 44.802694, 41.692635 ], [ 44.802701, 41.692621 ], [ 44.802777, 41.69263 ], [ 44.802784, 41.692606 ], [ 44.802806, 41.692533 ], [ 44.802785, 41.692529 ], [ 44.802796, 41.692491 ], [ 44.802703, 41.692473 ], [ 44.802673, 41.692565 ], [ 44.802654, 41.692627 ] ] ] } },
{ "type": "Feature", "properties": { "building": "yes", "height": null, "building:levels": null }, "geometry": { "type": "Polygon", "coordinates": [ [ [ 44.802487, 41.692455 ], [ 44.80255, 41.692467 ], [ 44.802609, 41.692478 ], [ 44.802632, 41.692411 ], [ 44.80251, 41.692388 ], [ 44.802487, 41.692455 ] ] ] } },
{ "type": "Feature", "properties": { "building": "garage", "height": null, "building:levels": "1" }, "geometry": { "type": "Polygon", "coordinates": [ [ [ 44.80177, 41.689565 ], [ 44.801774, 41.689502 ], [ 44.801722, 41.6895 ], [ 44.80172, 41.689563 ], [ 44.801745, 41.689564 ], [ 44.80177, 41.689565 ] ] ] } },
{ "type": "Feature", "properties": { "building": "greenhouse", "height": null, "building:levels": "1" }, "geometry": { "type": "Polygon", "coordinates": [ [ [ 44.807404, 41.686995 ], [ 44.807507, 41.687016 ], [ 44.807481, 41.687087 ], [ 44.807378, 41.687067 ], [ 44.807404, 41.686995 ] ] ] } },
{ "type": "Feature", "properties": { "building": "yes", "height": "4", "building:levels": null }, "geometry": { "type": "Polygon", "coordinates": [ [ [ 44.80827, 41.68742 ], [ 44.808309, 41.687491 ], [ 44.808244, 41.687512 ], [ 44.808229, 41.68749 ], [ 44.808221, 41.687479 ], [ 44.808226, 41.687466 ], [ 44.80824, 41.687428 ], [ 44.80827, 41.68742 ] ] ] } },
{ "type": "Feature", "properties": { "building": "yes", "height": null, "building:levels": "1" }, "geometry": { "type": "Polygon", "coordinates": [ [ [ 44.806833, 41.688029 ], [ 44.806825, 41.688002 ], [ 44.806885, 41.687992 ], [ 44.806893, 41.68802 ], [ 44.806833, 41.688029 ] ] ] } },
{ "type": "Feature", "properties": { "building": "yes", "height": null, "building:levels": "1" }, "geometry": { "type": "Polygon", "coordinates": [ [ [ 44.807145, 41.687977 ], [ 44.807146, 41.687997 ], [ 44.807197, 41.687996 ], [ 44.807195, 41.687976 ], [ 44.807145, 41.687977 ] ] ] } },
{ "type": "Feature", "properties": { "building": "yes", "height": null, "building:levels": "1" }, "geometry": { "type": "Polygon", "coordinates": [ [ [ 44.803013, 41.68805 ], [ 44.802983, 41.688014 ], [ 44.802957, 41.688024 ], [ 44.802976, 41.688044 ], [ 44.803013, 41.68805 ] ] ] } },
{ "type": "Feature", "properties": { "building": "construction", "height": null, "building:levels": null }, "geometry": { "type": "Polygon", "coordinates": [ [ [ 44.810577, 41.686016 ], [ 44.81078, 41.686121 ], [ 44.810886, 41.686007 ], [ 44.810684, 41.685902 ], [ 44.810577, 41.686016 ] ] ] } },
{ "type": "Feature", "properties": { "building": "construction", "height": null, "building:levels": null }, "geometry": { "type": "Polygon", "coordinates": [ [ [ 44.81081, 41.686147 ], [ 44.811334, 41.686431 ], [ 44.811478, 41.686284 ], [ 44.811403, 41.686243 ], [ 44.811481, 41.686163 ], [ 44.81106, 41.685935 ], [ 44.810955, 41.686043 ], [ 44.810927, 41.686027 ], [ 44.81081, 41.686147 ] ] ] } }
]
}
